alert_id,rise_days,flux_g,flux_r,color_g_minus_r,class,class_probability,gw_overlap
SIM00000,15.248642,1.43643431,1.07833899,-0.311326,SN II,0.5800,0.535882
SIM00001,17.090312,1.13148380,0.82173667,-0.347289,SN II,0.5800,0.433646
SIM00002,4.073639,0.10441240,0.13352221,0.267004,SN II,0.5800,0.123802
SIM00003,10.822514,2.28680839,2.52457257,0.107395,SN II,0.5800,0.396680
SIM00004,43.955225,2.05382306,1.85404050,-0.111110,SN II,0.5800,0.144255
SIM00005,6.182858,0.52426013,0.43330544,-0.206882,SN II,0.5800,0.581600
SIM00006,29.112193,2.99494931,2.22809937,-0.321137,SN II,0.5800,0.059601
SIM00007,10.062183,1.27660079,1.17434892,-0.090645,SN II,0.5800,0.585562
SIM00008,20.940113,2.96109879,3.52162325,0.188225,SN Ia,0.9100,0.244097
SIM00009,26.274643,4.87382742,5.90031251,0.207512,SN II,0.5800,0.287938
SIM00010,44.127693,1.53643450,1.88981236,0.224762,SN II,0.5800,0.151985
SIM00011,22.514376,1.62692903,2.00958210,0.229343,SN Ia,0.9100,0.573026
SIM00012,39.521024,3.12459839,3.48723589,0.119218,SN II,0.5800,0.579895
SIM00013,21.073035,6.24865044,6.44778766,0.034061,SN Ia,0.9100,0.664152
SIM00014,3.669455,0.26974193,0.37633508,0.361566,SN II,0.5800,0.821925
SIM00015,13.522203,1.85761803,1.32967193,-0.363030,SN II,0.5800,0.461695
SIM00016,8.394129,0.21618170,0.26758173,0.231594,SN II,0.5800,0.129340
SIM00017,11.895053,1.87283854,1.41662801,-0.303111,SN II,0.5800,0.449187
SIM00018,25.175356,6.48236709,8.45812210,0.288851,SN II,0.5800,0.278421
SIM00019,19.273047,3.26351567,4.47236053,0.342128,SN Ia,0.9100,0.150921
SIM00020,8.753580,0.42095112,0.43756770,0.042034,SN II,0.5800,0.589124
SIM00021,12.560851,0.59004346,0.56554338,-0.046045,SN Ia,0.9100,0.566341
SIM00022,42.936309,3.97502451,4.50097958,0.134918,AGN flare,0.6700,0.676200
SIM00023,3.375687,0.31061734,0.40757941,0.294966,SN II,0.5800,0.797873
SIM00024,18.264672,1.17814634,1.34780259,0.146068,SN Ia,0.9100,0.062248
SIM00025,3.963295,0.08282506,0.07769302,-0.069449,SN II,0.5800,0.052576
SIM00026,1.010264,0.00443274,0.00423117,-0.050530,kilonova,0.7200,0.025501
SIM00027,39.470625,2.14391140,1.87931077,-0.143021,SN II,0.5800,0.347390
SIM00028,17.023191,1.84682854,2.57664329,0.361569,SN Ia,0.9100,0.465989
SIM00029,22.288725,0.79103471,0.74345009,-0.067359,SN Ia,0.9100,0.264757
SIM00030,37.469637,0.83895181,1.14574802,0.338380,SN II,0.5800,0.528257
SIM00031,7.450512,0.31397647,0.33585328,0.073131,SN II,0.5800,0.978501
SIM00032,38.986301,2.88355561,2.75866839,-0.048072,SN II,0.5800,0.167042
SIM00033,34.965268,4.63993149,4.31868814,-0.077899,AGN flare,0.6700,0.223042
SIM00034,36.706495,7.46971976,9.44363062,0.254587,AGN flare,0.6700,0.818333
SIM00035,33.554413,2.30608074,2.18822568,-0.056956,SN II,0.5800,0.028980
SIM00036,2.229231,0.03656140,0.04331668,0.184081,SN II,0.5800,0.956515
SIM00037,20.678018,6.89513507,9.43599539,0.340612,SN Ia,0.9100,0.364636
SIM00038,10.700342,0.54194706,0.45689462,-0.185352,SN II,0.5800,0.624066
SIM00039,40.613567,4.44343347,5.14142857,0.158413,AGN flare,0.6700,0.799644
SIM00040,4.730253,0.53336064,0.66542715,0.240199,SN II,0.5800,0.750140
SIM00041,22.033441,2.47055851,2.30444319,-0.075573,SN Ia,0.9100,0.800824
SIM00042,43.752921,2.43416255,3.31717426,0.336047,SN II,0.5800,0.724799
SIM00043,8.480161,0.27768965,0.37027039,0.312398,SN II,0.5800,0.806502
SIM00044,7.431670,1.50771409,1.74908073,0.161227,SN II,0.5800,0.350408
SIM00045,25.141042,0.74555015,1.02857823,0.349401,SN II,0.5800,0.649675
SIM00046,24.169566,4.40980763,5.77781838,0.293361,SN Ia,0.9100,0.826155
SIM00047,10.285863,0.62833060,0.54562820,-0.153229,SN II,0.5800,0.586437
SIM00048,12.412051,0.79829282,1.06732703,0.315338,SN Ia,0.9100,0.353784
SIM00049,21.159083,4.74198961,4.71562314,-0.006054,SN Ia,0.9100,0.917721
SIM00050,23.072553,3.28043746,2.33925833,-0.367134,SN II,0.5800,0.440125
SIM00051,9.056747,0.53157096,0.43622983,-0.214615,SN II,0.5800,0.473493
SIM00052,32.908504,2.84220056,3.02081609,0.066174,SN II,0.5800,0.555442
SIM00053,35.507989,1.88734911,1.64944125,-0.146288,SN II,0.5800,0.276917
SIM00054,34.979488,3.62597042,4.46717815,0.226523,AGN flare,0.6700,0.912488
SIM00055,20.502929,3.23763694,3.42708089,0.061741,SN Ia,0.9100,0.692731
SIM00056,20.903215,2.91238890,3.95808444,0.333089,SN Ia,0.9100,0.699218
SIM00057,39.567561,3.54912031,3.87443148,0.095218,SN II,0.5800,0.943267
SIM00058,37.959990,1.01523539,1.02486252,0.010247,SN II,0.5800,0.072546
SIM00059,11.588105,0.84120243,1.05045592,0.241193,SN II,0.5800,0.897026
SIM00060,7.795651,1.12233248,0.89796172,-0.242159,SN II,0.5800,0.882833
SIM00061,43.571970,3.23514667,3.16649625,-0.023287,SN II,0.5800,0.487261
SIM00062,44.554344,2.60344051,2.60881733,0.002240,SN II,0.5800,0.515605
SIM00063,15.921110,1.09493624,1.31995175,0.202923,SN Ia,0.9100,0.019483
SIM00064,25.378211,1.26106099,1.17537003,-0.076404,SN II,0.5800,0.623927
SIM00065,23.539541,2.34613630,2.93702043,0.243884,SN Ia,0.9100,0.971696
SIM00066,5.610302,0.13270444,0.16525660,0.238183,SN II,0.5800,0.270446
SIM00067,6.700445,0.77347176,0.98485021,0.262314,SN II,0.5800,0.258609
SIM00068,7.572190,1.15799443,1.37835176,0.189134,SN II,0.5800,0.089462
SIM00069,3.531167,0.19132996,0.14362946,-0.311349,SN II,0.5800,0.938350
SIM00070,28.915338,2.27755872,2.95936880,0.284324,SN II,0.5800,0.066623
SIM00071,38.962099,2.49437839,2.71175070,0.090719,SN II,0.5800,0.926669
SIM00072,12.785829,0.94874489,0.82247199,-0.155071,SN Ia,0.9100,0.109451
SIM00073,8.103760,0.23641973,0.21712662,-0.092427,SN II,0.5800,0.305005
SIM00074,34.417923,2.50724304,2.06729690,-0.209484,SN II,0.5800,0.347001
SIM00075,1.799177,0.01343988,0.01630468,0.209792,SN II,0.5800,0.551049
SIM00076,9.336086,1.50011201,1.16168216,-0.277591,SN II,0.5800,0.818920
SIM00077,20.015814,3.87123001,3.77506964,-0.027310,SN Ia,0.9100,0.506686
SIM00078,31.260636,4.31182920,5.53035464,0.270229,AGN flare,0.6700,0.706725
SIM00079,28.982986,2.41871874,1.78518852,-0.329753,SN II,0.5800,0.129819
SIM00080,4.111804,0.20924410,0.17038173,-0.223075,SN II,0.5800,0.084485
SIM00081,38.015835,5.73030231,5.14210568,-0.117591,AGN flare,0.6700,0.242213
SIM00082,13.894574,1.04080152,1.05337151,0.013034,SN Ia,0.9100,0.263243
SIM00083,43.318607,5.24273562,4.56701277,-0.149814,AGN flare,0.6700,0.965667
SIM00084,14.620108,0.65958423,0.63790938,-0.036278,SN Ia,0.9100,0.474644
SIM00085,23.121616,1.98402025,1.39568954,-0.381893,SN II,0.5800,0.264169
SIM00086,4.949150,0.12919300,0.09246936,-0.363103,SN II,0.5800,0.304245
SIM00087,11.243621,1.56231836,1.91443124,0.220676,SN II,0.5800,0.657544
SIM00088,32.503711,4.24804861,3.94343943,-0.080786,AGN flare,0.6700,0.984729
SIM00089,7.576379,1.05727378,0.77249883,-0.340724,SN II,0.5800,0.835290
SIM00090,40.245464,4.78782708,6.07361356,0.258272,AGN flare,0.6700,0.139308
SIM00091,24.045321,4.42892351,5.59494536,0.253744,SN Ia,0.9100,0.826409
SIM00092,26.698707,5.88391060,6.97436572,0.184597,SN II,0.5800,0.229941
SIM00093,2.371063,0.03679586,0.02845944,-0.278931,kilonova,0.7200,0.835821
SIM00094,25.575199,4.29004190,5.04708382,0.176447,SN II,0.5800,0.489294
SIM00095,1.145830,0.03305136,0.03477267,0.055122,kilonova,0.7200,0.535200
SIM00096,30.009178,2.06633596,1.81121676,-0.143076,SN II,0.5800,0.074450
SIM00097,12.684562,1.34914029,1.64309100,0.214011,SN Ia,0.9100,0.975735
SIM00098,22.733746,2.55098283,3.00655671,0.178405,SN Ia,0.9100,0.766970
SIM00099,28.146857,1.91960639,1.54182315,-0.237944,SN II,0.5800,0.253940
SIM00100,33.701559,2.77957990,1.96996735,-0.373800,SN II,0.5800,0.060661
SIM00101,12.826002,2.46916406,2.89631798,0.173241,SN Ia,0.9100,0.290856
SIM00102,23.727571,2.86809420,2.24558010,-0.265662,SN II,0.5800,0.893663
SIM00103,9.767001,2.62555564,1.87006019,-0.368414,SN II,0.5800,0.458971
SIM00104,37.075498,4.85752429,4.31377335,-0.128894,AGN flare,0.6700,0.209837
SIM00105,42.605840,2.28250523,1.82422035,-0.243336,SN II,0.5800,0.524066
SIM00106,42.920575,2.45875636,2.59674435,0.059284,SN II,0.5800,0.886862
SIM00107,31.946830,3.37076420,3.50660080,0.042895,SN II,0.5800,0.024834
SIM00108,1.157981,0.01784769,0.01626577,-0.100768,kilonova,0.7200,0.140707
SIM00109,16.134246,2.45743048,1.72319686,-0.385366,SN II,0.5800,0.750734
SIM00110,37.920875,2.70962331,3.24915400,0.197153,SN II,0.5800,0.901567
SIM00111,13.752650,1.35165031,1.89116796,0.364664,SN Ia,0.9100,0.589177
SIM00112,16.871210,1.57104144,1.15281083,-0.336074,SN II,0.5800,0.101710
SIM00113,37.725744,3.73068160,3.26258291,-0.145567,SN II,0.5800,0.265728
SIM00114,23.482371,1.65245257,2.26272922,0.341259,SN Ia,0.9100,0.884267
SIM00115,36.726340,5.74312500,7.80197505,0.332641,AGN flare,0.6700,0.549228
SIM00116,32.661194,1.97707834,2.00792531,0.016809,SN II,0.5800,0.752668
SIM00117,29.357591,1.14221106,1.54055024,0.324824,SN II,0.5800,0.127311
SIM00118,21.776100,1.82270871,2.21882478,0.213514,SN Ia,0.9100,0.976296
SIM00119,12.447438,1.43940765,1.56913455,0.093691,SN Ia,0.9100,0.394368
SIM00120,8.362629,0.32564556,0.43446717,0.313030,SN II,0.5800,0.497076
SIM00121,10.681111,3.00027991,3.04520103,0.016135,SN II,0.5800,0.139596
SIM00122,9.465912,0.42892562,0.32759882,-0.292599,SN II,0.5800,0.239127
SIM00123,12.367733,2.50508357,3.06812697,0.220128,SN Ia,0.9100,0.412782
SIM00124,19.210877,2.35175197,2.20298525,-0.070950,SN Ia,0.9100,0.062060
SIM00125,13.210719,1.49151077,1.56963167,0.055428,SN Ia,0.9100,0.629627
SIM00126,38.965899,1.56434738,1.36711064,-0.146324,SN II,0.5800,0.399757
SIM00127,20.617769,6.23592952,8.17545133,0.294026,SN Ia,0.9100,0.021811
SIM00128,2.418714,0.15148064,0.15622014,0.033450,kilonova,0.7200,0.587176
SIM00129,1.007862,0.01912602,0.02444137,0.266253,SN II,0.5800,0.855463
SIM00130,43.778609,1.16915799,0.94475550,-0.231384,SN II,0.5800,0.522366
SIM00131,31.011303,6.51798588,7.51617425,0.154709,AGN flare,0.6700,0.764801
SIM00132,21.122302,1.37728483,1.71831299,0.240196,SN Ia,0.9100,0.232577
SIM00133,41.476485,2.88561817,2.27841714,-0.256514,SN II,0.5800,0.251794
SIM00134,28.996808,2.21272827,1.65787855,-0.313438,SN II,0.5800,0.524437
SIM00135,26.647203,1.89601419,2.12494393,0.123765,SN II,0.5800,0.010462
SIM00136,14.266937,2.84209846,3.27183213,0.152880,SN Ia,0.9100,0.883774
SIM00137,21.913386,1.41264299,1.93875357,0.343725,SN Ia,0.9100,0.704654
SIM00138,14.525504,0.83732727,0.98145163,0.172434,SN Ia,0.9100,0.420016
SIM00139,12.319269,2.84615239,2.44413408,-0.165333,SN Ia,0.9100,0.034097
SIM00140,15.874269,2.42308037,2.03213027,-0.191041,SN Ia,0.9100,0.797064
SIM00141,33.521686,2.18438595,3.01205220,0.348833,SN II,0.5800,0.311716
SIM00142,37.080198,1.49225482,1.83894966,0.226817,SN II,0.5800,0.294933
SIM00143,42.884783,1.97526287,1.69147073,-0.168401,SN II,0.5800,0.417029
SIM00144,30.272947,2.97596022,2.90281702,-0.027019,SN II,0.5800,0.212949
SIM00145,43.861267,0.83096546,0.61665504,-0.323852,SN II,0.5800,0.393322
SIM00146,40.519366,6.04635446,8.45444127,0.363978,AGN flare,0.6700,0.931595
SIM00147,15.486681,2.02278311,2.47268226,0.218047,SN Ia,0.9100,0.031894
SIM00148,30.234914,2.43601658,2.27082602,-0.076241,SN II,0.5800,0.169261
SIM00149,1.126312,0.01096364,0.01500769,0.340898,SN II,0.5800,0.123708
SIM00150,43.427933,1.69968463,2.16727048,0.263862,SN II,0.5800,0.822008
SIM00151,20.027771,1.23576060,1.18744245,-0.043304,SN Ia,0.9100,0.919506
SIM00152,9.493152,1.29167447,0.93155232,-0.354865,SN II,0.5800,0.410802
SIM00153,36.720279,1.96537396,1.42371310,-0.350057,SN II,0.5800,0.062580
SIM00154,41.483376,2.95167359,3.92273362,0.308801,SN II,0.5800,0.339070
SIM00155,12.981845,2.98890594,2.64076036,-0.134458,SN Ia,0.9100,0.716636
SIM00156,14.925280,0.60248199,0.74042425,0.223841,SN Ia,0.9100,0.916460
SIM00157,28.895122,2.19613048,1.89681191,-0.159085,SN II,0.5800,0.475189
SIM00158,43.098217,4.23279393,3.70679638,-0.144071,AGN flare,0.6700,0.429938
SIM00159,22.712849,2.85508677,3.60254228,0.252474,SN Ia,0.9100,0.738488
SIM00160,37.201231,4.95733025,4.60763951,-0.079423,AGN flare,0.6700,0.319549
SIM00161,16.921771,1.56501552,1.31166807,-0.191737,SN Ia,0.9100,0.752886
SIM00162,11.881531,0.31319333,0.34038360,0.090390,SN II,0.5800,0.325758
SIM00163,44.131254,7.28137456,6.44710322,-0.132122,AGN flare,0.6700,0.084083
SIM00164,5.242593,0.45441783,0.46026808,0.013889,SN II,0.5800,0.234196
SIM00165,19.340988,3.73253401,4.56706864,0.219084,SN Ia,0.9100,0.846987
SIM00166,30.234710,2.58197448,2.33835874,-0.107602,SN II,0.5800,0.566884
SIM00167,17.410726,2.00128909,1.74752641,-0.147215,SN Ia,0.9100,0.245340
SIM00168,7.746177,1.18139217,1.09684766,-0.080619,SN II,0.5800,0.396070
SIM00169,44.667744,2.14060932,2.70981880,0.256007,SN II,0.5800,0.653327
SIM00170,44.602049,1.58834677,2.02255613,0.262388,SN II,0.5800,0.840556
SIM00171,41.232524,1.08621329,0.85099558,-0.264970,SN II,0.5800,0.189573
SIM00172,43.810468,5.25913647,5.05174702,-0.043682,AGN flare,0.6700,0.866127
SIM00173,20.761010,2.71616266,3.69939035,0.335436,SN Ia,0.9100,0.105780
SIM00174,27.230471,2.49440602,2.38988040,-0.046477,SN II,0.5800,0.141369
SIM00175,9.974963,0.89537852,1.03519185,0.157535,SN II,0.5800,0.203442
SIM00176,1.500713,0.03082821,0.02557513,-0.202826,kilonova,0.7200,0.312196
SIM00177,9.949942,1.61666374,1.20326626,-0.320645,SN II,0.5800,0.101388
SIM00178,18.393055,3.18568988,2.43325165,-0.292541,SN II,0.5800,0.163689
SIM00179,31.597859,2.22175407,2.03360934,-0.096071,SN II,0.5800,0.953189
SIM00180,14.743923,1.79565264,1.78041073,-0.009255,SN Ia,0.9100,0.864246
SIM00181,44.851296,1.66508696,2.01412613,0.206624,SN II,0.5800,0.203667
SIM00182,1.258570,0.03043282,0.03877927,0.263143,SN II,0.5800,0.406218
SIM00183,39.844870,1.84462771,1.31039412,-0.371267,SN II,0.5800,0.551548
SIM00184,29.189334,2.52993986,2.87283834,0.138002,SN II,0.5800,0.370844
SIM00185,23.196375,1.31169571,1.39670830,0.068182,SN Ia,0.9100,0.925500
SIM00186,5.786885,0.59001100,0.81233497,0.347188,SN II,0.5800,0.197342
SIM00187,6.572616,1.32692877,1.37723999,0.040405,SN II,0.5800,0.053375
SIM00188,41.751384,4.12117315,4.67439976,0.136762,AGN flare,0.6700,0.824556
SIM00189,8.052151,0.70784343,0.69590861,-0.018462,SN II,0.5800,0.846351
SIM00190,37.484259,1.35439250,1.32706345,-0.022132,SN II,0.5800,0.517893
SIM00191,17.877360,0.95484758,1.15290004,0.204644,SN Ia,0.9100,0.897295
SIM00192,2.808357,0.15464090,0.11237601,-0.346627,kilonova,0.7200,0.838204
SIM00193,6.180165,0.58514077,0.66643419,0.141242,SN II,0.5800,0.306214
SIM00194,19.483162,2.71873510,3.15696773,0.162258,SN Ia,0.9100,0.446789
SIM00195,20.287514,1.37429329,1.43290844,0.045348,SN Ia,0.9100,0.235251
SIM00196,34.596869,4.25112776,3.51014907,-0.207946,AGN flare,0.6700,0.473219
SIM00197,5.711347,0.21665582,0.16556821,-0.291984,SN II,0.5800,0.441967
SIM00198,23.447095,1.62012866,1.22735879,-0.301445,SN II,0.5800,0.733480
SIM00199,35.215988,1.57572052,1.65883481,0.055810,SN II,0.5800,0.377863
SIM00200,42.838191,2.55850741,3.57496896,0.363214,SN II,0.5800,0.732084
SIM00201,36.859536,3.30872776,3.45533410,0.047073,SN II,0.5800,0.956639
SIM00202,41.305814,2.59047063,3.50078386,0.326967,SN II,0.5800,0.065516
SIM00203,16.439486,1.76630052,2.34489830,0.307649,SN Ia,0.9100,0.274993
SIM00204,36.887573,1.90199507,2.55615864,0.320946,SN II,0.5800,0.208323
SIM00205,12.566177,1.27364701,0.92439153,-0.347983,SN II,0.5800,0.182096
SIM00206,8.094091,1.47799191,1.96098366,0.307005,SN II,0.5800,0.168742
SIM00207,35.534250,1.86191728,2.13268301,0.147415,SN II,0.5800,0.359779
SIM00208,39.409892,3.81265828,5.02422369,0.299603,AGN flare,0.6700,0.104609
SIM00209,44.690003,3.15915122,3.97537930,0.249520,SN II,0.5800,0.264754
SIM00210,44.581923,2.85019209,3.52069247,0.229385,SN II,0.5800,0.442282
SIM00211,8.777267,0.54255170,0.69114413,0.262819,SN II,0.5800,0.253653
SIM00212,29.126465,5.83302435,6.79307583,0.165432,SN II,0.5800,0.312649
SIM00213,1.078803,0.00424761,0.00480505,0.133883,kilonova,0.7200,0.432233
SIM00214,23.557831,2.56038251,2.19957789,-0.164914,SN Ia,0.9100,0.653108
SIM00215,1.980739,0.01845465,0.01429228,-0.277511,kilonova,0.7200,0.357152
SIM00216,10.867394,1.58168244,1.33324610,-0.185522,SN II,0.5800,0.623930
SIM00217,21.895680,2.54535357,2.21576028,-0.150563,SN Ia,0.9100,0.149313
SIM00218,5.215405,0.60700714,0.75724705,0.240109,SN II,0.5800,0.401953
SIM00219,12.626553,0.79003929,0.86401211,0.097178,SN Ia,0.9100,0.350333
SIM00220,29.406580,4.76210473,5.77865057,0.210069,SN II,0.5800,0.248497
SIM00221,40.754153,1.51833327,1.49433162,-0.017300,SN II,0.5800,0.237669
SIM00222,3.568684,0.09687373,0.10517058,0.089221,SN II,0.5800,0.940921
SIM00223,7.259728,0.47622938,0.50235711,0.057991,SN II,0.5800,0.641570
SIM00224,36.788755,1.55918826,1.41915182,-0.102174,SN II,0.5800,0.048491
SIM00225,40.131507,5.47185813,3.85462081,-0.380383,AGN flare,0.6700,0.844432
SIM00226,33.788248,4.15176628,4.22127128,0.018026,AGN flare,0.6700,0.225948
SIM00227,5.632394,0.12598841,0.11778168,-0.073132,SN II,0.5800,0.749654
SIM00228,31.584806,5.97200514,5.29233956,-0.131181,AGN flare,0.6700,0.553788
SIM00229,20.186320,3.87199757,3.42945680,-0.131774,SN Ia,0.9100,0.642003
SIM00230,43.466196,3.04116661,2.16123362,-0.370846,SN II,0.5800,0.260369
SIM00231,11.388809,2.76748690,3.38271569,0.217950,SN II,0.5800,0.326871
SIM00232,39.727251,1.77625822,2.37183382,0.313945,SN II,0.5800,0.630696
SIM00233,31.485090,6.35346884,6.53546435,0.030664,AGN flare,0.6700,0.839711
SIM00234,31.695201,4.44917932,5.37121090,0.204481,AGN flare,0.6700,0.570340
SIM00235,14.541037,1.47996835,1.11657936,-0.305907,SN II,0.5800,0.910790
SIM00236,7.362176,0.15426770,0.20830215,0.326047,SN II,0.5800,0.344864
SIM00237,7.241030,0.12830304,0.15201828,0.184147,SN II,0.5800,0.633878
SIM00238,31.668340,2.07076290,2.30544445,0.116561,SN II,0.5800,0.363406
SIM00239,36.972712,6.73578440,5.02599911,-0.317914,AGN flare,0.6700,0.867792
SIM00240,41.233986,2.60872665,2.20178196,-0.184136,SN II,0.5800,0.111970
SIM00241,2.514780,0.17255285,0.19738682,0.145990,kilonova,0.7200,0.825060
SIM00242,28.787606,1.29280084,0.99352168,-0.285886,SN II,0.5800,0.757364
SIM00243,10.019711,0.81196521,0.58026519,-0.364777,SN II,0.5800,0.256702
SIM00244,13.434102,1.87998715,1.73819802,-0.085139,SN Ia,0.9100,0.963999
SIM00245,23.164442,5.00038295,3.60871113,-0.354128,SN II,0.5800,0.412921
SIM00246,20.203782,3.03420245,3.62059735,0.191839,SN Ia,0.9100,0.537881
SIM00247,10.529267,0.90251314,1.14968244,0.262811,SN II,0.5800,0.170371
SIM00248,1.057159,0.01350318,0.01869523,0.353237,SN II,0.5800,0.004362
SIM00249,22.596212,4.07361264,3.37769068,-0.203400,SN II,0.5800,0.494582
SIM00250,16.276170,2.25395536,3.06697718,0.334413,SN Ia,0.9100,0.283730
SIM00251,10.447431,1.50963715,1.17290695,-0.274023,SN II,0.5800,0.636532
SIM00252,4.558834,0.46512450,0.58180247,0.243016,SN II,0.5800,0.627932
SIM00253,16.647151,1.78669922,2.36431264,0.304134,SN Ia,0.9100,0.086173
SIM00254,40.091747,0.90419267,0.79952043,-0.133579,SN II,0.5800,0.901216
SIM00255,23.052368,3.83695463,3.31322146,-0.159340,SN Ia,0.9100,0.460908
SIM00256,24.387962,5.38506982,6.20580787,0.154017,SN Ia,0.9100,0.348485
SIM00257,15.373049,1.75010507,2.03619496,0.164388,SN Ia,0.9100,0.741987
SIM00258,8.460223,1.05967057,1.17137981,0.108817,SN II,0.5800,0.126057
SIM00259,21.328791,2.92642477,2.44093575,-0.196953,SN Ia,0.9100,0.301508
SIM00260,31.939311,2.78455981,2.25323796,-0.229874,SN II,0.5800,0.247581
SIM00261,15.368753,1.28682397,1.19629918,-0.079198,SN Ia,0.9100,0.189273
SIM00262,43.906521,2.09713704,2.88077423,0.344706,SN II,0.5800,0.101638
SIM00263,17.906247,5.36562383,6.51013725,0.209925,SN Ia,0.9100,0.434923
SIM00264,9.632401,0.65910384,0.55662029,-0.183487,SN II,0.5800,0.388341
SIM00265,2.492991,0.10325991,0.12240508,0.184669,SN II,0.5800,0.500487
SIM00266,28.824620,1.82020778,2.04335824,0.125559,SN II,0.5800,0.404713
SIM00267,33.601615,4.58443427,5.05105918,0.105242,AGN flare,0.6700,0.749100
SIM00268,19.530811,2.32419975,3.05877254,0.298184,SN Ia,0.9100,0.774048
SIM00269,31.803455,5.82386125,6.69206603,0.150873,AGN flare,0.6700,0.453903
SIM00270,14.772628,1.20123542,1.19367518,-0.006855,SN Ia,0.9100,0.782378
SIM00271,32.378621,2.72333067,2.71381506,-0.003800,SN II,0.5800,0.455194
SIM00272,28.349026,3.59112754,4.85210948,0.326749,SN II,0.5800,0.183062
SIM00273,29.797547,3.87733672,4.04362838,0.045594,SN II,0.5800,0.974620
SIM00274,2.678403,0.06251579,0.07797308,0.239887,SN II,0.5800,0.940588
SIM00275,23.845679,1.77728037,1.91719628,0.082277,SN Ia,0.9100,0.717296
SIM00276,23.536411,5.05887020,5.38861641,0.068559,SN Ia,0.9100,0.410349
SIM00277,42.710795,2.53419209,2.47019135,-0.027772,SN II,0.5800,0.762702
SIM00278,6.385364,0.68410326,0.50598522,-0.327460,SN II,0.5800,0.274357
SIM00279,18.586104,0.97616269,0.97067953,-0.006116,SN Ia,0.9100,0.698253
SIM00280,16.493500,1.10380928,1.34557601,0.215035,SN Ia,0.9100,0.939931
SIM00281,24.191364,2.84468802,2.77178984,-0.028186,SN Ia,0.9100,0.212013
SIM00282,6.689164,1.04008342,1.18986470,0.146074,SN II,0.5800,0.469159
SIM00283,25.730372,3.38293212,3.20428692,-0.058905,SN II,0.5800,0.638796
SIM00284,37.024523,4.39394298,3.98108645,-0.107132,AGN flare,0.6700,0.548268
SIM00285,6.507307,0.62637917,0.81145463,0.281067,SN II,0.5800,0.267424
SIM00286,17.550534,1.57650547,1.30869315,-0.202144,SN II,0.5800,0.002695
SIM00287,32.758734,1.72212883,1.56933156,-0.100877,SN II,0.5800,0.479550
SIM00288,19.853704,3.82900192,3.65172723,-0.051468,SN Ia,0.9100,0.928726
SIM00289,38.595600,2.14155856,2.85697653,0.312942,SN II,0.5800,0.784038
SIM00290,7.177675,1.04724313,0.74405587,-0.371105,SN II,0.5800,0.011479
SIM00291,42.877817,2.64095286,2.03632877,-0.282282,SN II,0.5800,0.142733
SIM00292,11.280223,1.49428974,1.20569806,-0.232991,SN II,0.5800,0.904087
SIM00293,35.833671,2.94541337,3.31611427,0.128708,SN II,0.5800,0.781281
SIM00294,30.412149,6.66155576,8.57450219,0.274083,AGN flare,0.6700,0.197371
SIM00295,31.482879,4.50473708,4.53631671,0.007585,AGN flare,0.6700,0.882682
SIM00296,25.422807,1.57451354,1.25573247,-0.245623,SN II,0.5800,0.493077
SIM00297,3.571997,0.09652641,0.10076976,0.046710,SN II,0.5800,0.498176
SIM00298,24.739879,1.86542721,2.40367247,0.275242,SN Ia,0.9100,0.467960
SIM00299,25.753035,5.46773872,5.26253730,-0.041531,SN II,0.5800,0.418817
SIM00300,43.266996,1.80927383,2.07214013,0.147287,SN II,0.5800,0.028530
SIM00301,27.825715,6.13577185,5.71436121,-0.077254,SN II,0.5800,0.981713
SIM00302,23.467526,4.49862572,3.25578094,-0.351062,SN II,0.5800,0.718184
SIM00303,28.512226,3.85397924,3.68560209,-0.048502,SN II,0.5800,0.474534
SIM00304,24.123655,2.72238749,2.73499942,0.005018,SN Ia,0.9100,0.422389
SIM00305,25.377215,3.36890420,4.31022270,0.267528,SN II,0.5800,0.403730
SIM00306,23.164964,2.25356235,3.11554293,0.351660,SN Ia,0.9100,0.654559
SIM00307,35.845850,2.07319278,1.88547278,-0.103049,SN II,0.5800,0.586451
SIM00308,28.932119,2.00787622,2.42124488,0.203254,SN II,0.5800,0.885601
SIM00309,24.997649,1.11866675,0.78793010,-0.380533,SN II,0.5800,0.189941
SIM00310,41.542975,4.31889183,5.40862983,0.244287,AGN flare,0.6700,0.909822
SIM00311,27.916564,4.35892324,5.17614487,0.186568,SN II,0.5800,0.596308
SIM00312,30.963087,2.64581475,2.70009504,0.022049,SN II,0.5800,0.762675
SIM00313,5.459912,0.10766193,0.13373489,0.235456,SN II,0.5800,0.914083
SIM00314,29.851567,3.92230771,4.90515187,0.242777,SN II,0.5800,0.562101
SIM00315,12.352119,1.08851956,1.00463167,-0.087073,SN Ia,0.9100,0.430675
SIM00316,29.237654,2.36935761,2.59978988,0.100769,SN II,0.5800,0.039379
SIM00317,6.229265,0.74864577,1.00546179,0.320223,SN II,0.5800,0.446472
SIM00318,1.621740,0.03585384,0.04863228,0.330972,SN II,0.5800,0.980785
SIM00319,21.919730,1.39132506,1.60162952,0.152834,SN Ia,0.9100,0.212277
SIM00320,7.677626,0.12361442,0.14569600,0.178446,SN II,0.5800,0.121671
SIM00321,43.519332,2.30794232,1.82391590,-0.255550,SN II,0.5800,0.017777
SIM00322,32.651446,2.97619066,2.47377168,-0.200753,SN II,0.5800,0.050139
SIM00323,35.057016,5.99287623,7.25620596,0.207686,AGN flare,0.6700,0.084290
SIM00324,28.659419,3.97640437,5.37865433,0.327958,SN II,0.5800,0.254051
SIM00325,43.429878,1.64986849,1.17191923,-0.371379,SN II,0.5800,0.650697
SIM00326,36.963112,1.26981202,1.53724630,0.207510,SN II,0.5800,0.165997
SIM00327,38.882572,1.51925130,1.45437305,-0.047384,SN II,0.5800,0.574963
SIM00328,20.303845,1.95599343,2.46093809,0.249333,SN Ia,0.9100,0.363266
SIM00329,29.375104,3.48940775,3.38478218,-0.033052,SN II,0.5800,0.786242
SIM00330,42.576565,4.61628200,4.17622017,-0.108772,AGN flare,0.6700,0.060638
SIM00331,43.853853,5.46238441,5.09328027,-0.075962,AGN flare,0.6700,0.605823
SIM00332,44.007710,4.93438440,4.51998699,-0.095239,AGN flare,0.6700,0.428562
SIM00333,40.077457,3.38014333,3.78997711,0.124254,SN II,0.5800,0.896116
SIM00334,36.529183,0.98797176,0.87349665,-0.133708,SN II,0.5800,0.422500
SIM00335,26.812293,6.63379044,4.84006394,-0.342277,SN II,0.5800,0.833231
SIM00336,36.717106,5.19216334,4.62982130,-0.124460,AGN flare,0.6700,0.851183
SIM00337,36.509447,6.07181454,5.72449018,-0.063954,AGN flare,0.6700,0.085064
SIM00338,25.361672,2.79822212,3.42818279,0.220454,SN II,0.5800,0.931723
SIM00339,11.297418,1.88748317,1.93604066,0.027578,SN II,0.5800,0.206586
SIM00340,12.208323,2.72103736,2.78036201,0.023417,SN Ia,0.9100,0.087701
SIM00341,36.489298,2.99406658,3.31057923,0.109106,SN II,0.5800,0.896929
SIM00342,39.944136,3.24174779,3.60654181,0.115779,SN II,0.5800,0.189151
SIM00343,9.461818,0.79586704,0.75923968,-0.051154,SN II,0.5800,0.564431
SIM00344,18.709617,1.54615689,1.13057484,-0.339886,SN II,0.5800,0.997142
SIM00345,17.457778,1.49338538,1.86843909,0.243268,SN Ia,0.9100,0.156155
SIM00346,27.277345,2.74819976,1.96331137,-0.365148,SN II,0.5800,0.033579
SIM00347,44.577804,4.43623794,4.86668064,0.100545,AGN flare,0.6700,0.261597
SIM00348,35.284395,4.67486026,5.78314936,0.230989,AGN flare,0.6700,0.818831
SIM00349,43.392601,0.99352120,0.83524570,-0.188407,SN II,0.5800,0.180735
SIM00350,4.680880,0.14487396,0.18970765,0.292736,SN II,0.5800,0.458281
SIM00351,42.677023,2.26527055,2.53403975,0.121733,SN II,0.5800,0.397397
SIM00352,6.276306,0.55751594,0.61055429,0.098667,SN II,0.5800,0.640633
SIM00353,43.082481,3.32898817,3.37506271,0.014924,SN II,0.5800,0.159728
SIM00354,43.493813,3.34881708,2.43473123,-0.346101,SN II,0.5800,0.255862
SIM00355,16.488481,5.05797160,6.50481719,0.273147,SN Ia,0.9100,0.047042
SIM00356,35.600423,4.91030469,6.82433271,0.357379,AGN flare,0.6700,0.055768
SIM00357,7.371093,1.35091438,1.58573359,0.174006,SN II,0.5800,0.298793
SIM00358,27.024475,2.26896887,2.10275076,-0.082602,SN II,0.5800,0.257011
SIM00359,6.462317,0.31493893,0.27302693,-0.155052,SN II,0.5800,0.143149
SIM00360,30.816279,1.76068371,1.47293980,-0.193741,SN II,0.5800,0.036013
SIM00361,41.817873,3.23937698,4.23297932,0.290462,AGN flare,0.6700,0.888708
SIM00362,7.149563,0.31032782,0.41898756,0.325951,SN II,0.5800,0.842249
SIM00363,28.648308,2.54044048,3.24196426,0.264748,SN II,0.5800,0.477538
SIM00364,28.640059,1.26922978,0.93886003,-0.327349,SN II,0.5800,0.713724
SIM00365,25.348460,2.66809066,2.36520300,-0.130830,SN II,0.5800,0.411782
SIM00366,7.850204,0.77242225,0.72156304,-0.073951,SN II,0.5800,0.167798
SIM00367,22.604305,3.52080323,2.74593682,-0.269878,SN II,0.5800,0.978622
SIM00368,3.501529,0.29884739,0.25336610,-0.179252,SN II,0.5800,0.477455
SIM00369,13.594259,0.82117726,0.78422097,-0.049996,SN Ia,0.9100,0.991021
SIM00370,44.915768,2.43994771,2.20229690,-0.111262,SN II,0.5800,0.896199
SIM00371,3.529224,0.16384027,0.22692563,0.353657,SN II,0.5800,0.016029
SIM00372,36.509015,1.52686659,1.07086196,-0.385169,SN II,0.5800,0.832245
SIM00373,24.169813,1.81038176,2.42299134,0.316454,SN Ia,0.9100,0.218265
SIM00374,26.138953,1.13504589,1.40667601,0.232952,SN II,0.5800,0.711618
SIM00375,9.655307,0.26865235,0.30249960,0.128835,SN II,0.5800,0.495480
SIM00376,13.051092,1.25206361,1.49675480,0.193811,SN Ia,0.9100,0.811584
SIM00377,26.649056,1.00864866,1.22339064,0.209563,SN II,0.5800,0.408123
SIM00378,32.752863,2.15476848,2.01396208,-0.073373,SN II,0.5800,0.841908
SIM00379,39.038235,1.35748891,1.81516789,0.315451,SN II,0.5800,0.476614
SIM00380,39.368602,1.46347262,1.87637090,0.269835,SN II,0.5800,0.367101
SIM00381,8.193476,0.76743668,0.53969804,-0.382229,SN II,0.5800,0.519823
SIM00382,20.613765,1.57972936,1.89601166,0.198146,SN Ia,0.9100,0.816536
SIM00383,39.080763,3.21809271,3.11180678,-0.036465,SN II,0.5800,0.751316
SIM00384,3.693152,0.41796351,0.43734133,0.049205,SN II,0.5800,0.513314
SIM00385,24.342462,1.40336693,1.93271469,0.347491,SN Ia,0.9100,0.223699
SIM00386,9.025328,0.35218518,0.44798221,0.261224,SN II,0.5800,0.030074
SIM00387,5.244741,0.28590427,0.20367281,-0.368219,SN II,0.5800,0.599398
SIM00388,26.365231,4.17184279,3.22068433,-0.280949,SN II,0.5800,0.869526
SIM00389,32.552318,0.83726866,0.87537638,0.048325,SN II,0.5800,0.500756
SIM00390,13.303405,0.84829420,0.67513041,-0.247897,SN II,0.5800,0.591812
SIM00391,38.887971,2.05313044,2.51016747,0.218215,SN II,0.5800,0.164323
SIM00392,37.344609,4.36895861,4.34422530,-0.006164,AGN flare,0.6700,0.839723
SIM00393,24.127079,4.21203946,5.23908207,0.236907,SN Ia,0.9100,0.338549
SIM00394,11.576592,1.05912074,1.46884651,0.355077,SN II,0.5800,0.804378
SIM00395,41.161917,6.29038800,4.63908077,-0.330614,AGN flare,0.6700,0.517374
SIM00396,43.145884,3.37245289,3.35726099,-0.004902,SN II,0.5800,0.632690
SIM00397,17.035007,1.19221723,1.19594693,0.003391,SN Ia,0.9100,0.504775
SIM00398,1.916429,0.04606636,0.05728838,0.236707,SN II,0.5800,0.936935
SIM00399,28.861307,6.69232329,8.82884456,0.300817,SN II,0.5800,0.034374
SIM00400,29.229271,2.92132065,2.60407450,-0.124815,SN II,0.5800,0.542254
SIM00401,41.672882,2.57522778,2.74059217,0.067572,SN II,0.5800,0.433691
SIM00402,42.838098,1.81534089,2.09356741,0.154822,SN II,0.5800,0.120381
SIM00403,27.148723,5.18307243,4.60198816,-0.129104,SN II,0.5800,0.466417
SIM00404,24.488586,1.00576659,0.79652541,-0.253244,SN II,0.5800,0.293599
SIM00405,18.887937,1.36321400,1.03807799,-0.295835,SN II,0.5800,0.546315
SIM00406,37.948878,4.04273858,4.67037432,0.156690,AGN flare,0.6700,0.201192
SIM00407,32.255833,3.39365124,3.83129576,0.131696,SN II,0.5800,0.468966
SIM00408,14.662200,0.91651268,0.97032540,0.061947,SN Ia,0.9100,0.383172
SIM00409,26.770066,1.11913278,1.45857208,0.287616,SN II,0.5800,0.238541
SIM00410,25.492741,2.36856383,3.29528186,0.358519,SN II,0.5800,0.295504
SIM00411,34.973658,0.94807035,1.24186887,0.293088,SN II,0.5800,0.439986
SIM00412,3.728742,0.15290650,0.18574915,0.211252,SN II,0.5800,0.109244
SIM00413,10.907351,2.60614597,2.10619629,-0.231250,SN II,0.5800,0.337016
SIM00414,16.507984,3.17048182,4.10575748,0.280670,SN Ia,0.9100,0.821194
SIM00415,23.781819,5.19394528,6.39782865,0.226338,SN Ia,0.9100,0.475238
SIM00416,35.537459,6.24861129,4.93072197,-0.257182,AGN flare,0.6700,0.870826
SIM00417,1.190247,0.02943314,0.03086118,0.051440,kilonova,0.7200,0.962742
SIM00418,26.166195,3.93645832,5.16043270,0.293951,SN II,0.5800,0.607334
SIM00419,17.700742,2.21816922,2.67542829,0.203497,SN Ia,0.9100,0.292919
SIM00420,18.190116,2.33978544,2.16522724,-0.084181,SN Ia,0.9100,0.787078
SIM00421,38.380918,3.06280866,2.53890945,-0.203682,SN II,0.5800,0.304033
SIM00422,7.379587,0.81259396,0.61883159,-0.295753,SN II,0.5800,0.920162
SIM00423,15.250144,4.15554101,5.69780462,0.342700,SN Ia,0.9100,0.204310
SIM00424,19.763680,1.69417460,1.24218484,-0.336930,SN II,0.5800,0.564935
SIM00425,22.882843,6.11050601,6.58070776,0.080489,SN Ia,0.9100,0.998328
SIM00426,23.767709,3.89743977,3.79089276,-0.030095,SN Ia,0.9100,0.357712
SIM00427,27.167703,4.16198228,4.88422790,0.173739,SN II,0.5800,0.525248
SIM00428,5.354516,0.28310116,0.30941176,0.096488,SN II,0.5800,0.574055
SIM00429,39.712744,4.98928367,5.02976854,0.008775,AGN flare,0.6700,0.624604
SIM00430,44.829470,2.63079638,3.34405856,0.260467,SN II,0.5800,0.170722
SIM00431,14.995421,4.48966636,4.75372844,0.062051,SN Ia,0.9100,0.110512
SIM00432,40.358487,5.50934548,7.67547677,0.360013,AGN flare,0.6700,0.888144
SIM00433,19.519034,1.19546141,1.26494676,0.061342,SN Ia,0.9100,0.504887
SIM00434,9.276760,0.71979146,0.80774231,0.125165,SN II,0.5800,0.353184
SIM00435,44.724948,1.64196227,1.62224614,-0.013116,SN II,0.5800,0.787636
SIM00436,14.496580,0.97662116,0.89177196,-0.098681,SN Ia,0.9100,0.842158
SIM00437,26.792819,2.50888071,2.63056877,0.051424,SN II,0.5800,0.553250
SIM00438,12.704816,2.00281185,2.79988454,0.363750,SN Ia,0.9100,0.574468
SIM00439,19.088421,0.85586348,1.05412179,0.226216,SN Ia,0.9100,0.106646
SIM00440,5.404559,0.23903742,0.30505922,0.264796,SN II,0.5800,0.613004
SIM00441,36.490403,0.65414878,0.81075636,0.233035,SN II,0.5800,0.322822
SIM00442,32.480140,1.67462048,1.48476379,-0.130648,SN II,0.5800,0.099456
SIM00443,40.769624,2.90585461,2.94911375,0.016044,SN II,0.5800,0.385657
SIM00444,3.405870,0.25810957,0.35405637,0.343171,SN II,0.5800,0.439641
SIM00445,28.287834,1.05353879,1.42393802,0.327101,SN II,0.5800,0.854716
SIM00446,14.850914,4.12994853,3.76888194,-0.099330,SN Ia,0.9100,0.602553
SIM00447,43.241276,4.85239458,4.22182347,-0.151140,AGN flare,0.6700,0.389795
SIM00448,32.612493,1.72737654,2.26755385,0.295426,SN II,0.5800,0.484390
SIM00449,35.881284,1.40234741,1.33346023,-0.054689,SN II,0.5800,0.186553
SIM00450,43.748088,2.53735924,1.98020702,-0.269178,SN II,0.5800,0.533750
SIM00451,17.966285,1.06407914,0.83668801,-0.261026,SN II,0.5800,0.825825
SIM00452,16.454892,1.00031832,0.89879682,-0.116192,SN Ia,0.9100,0.237175
SIM00453,2.536296,0.08730991,0.07064466,-0.229960,kilonova,0.7200,0.705871
SIM00454,5.075777,0.34729088,0.27417090,-0.256680,SN II,0.5800,0.443309
SIM00455,37.797869,2.66197129,2.52100146,-0.059076,SN II,0.5800,0.722466
SIM00456,17.583319,2.47844905,3.38471210,0.338354,SN Ia,0.9100,0.504830
SIM00457,11.000012,0.69544587,0.83073180,0.192994,SN II,0.5800,0.260760
SIM00458,40.583164,3.00870637,2.62472157,-0.148241,SN II,0.5800,0.608204
SIM00459,10.351846,0.95255071,1.00886516,0.062363,SN II,0.5800,0.542593
SIM00460,12.898002,1.91579672,2.22283194,0.161393,SN Ia,0.9100,0.567681
SIM00461,14.674714,0.87130757,0.71789910,-0.210270,SN II,0.5800,0.851003
SIM00462,15.125635,1.31469362,1.43747741,0.096941,SN Ia,0.9100,0.361482
SIM00463,23.016084,1.11197947,1.02067570,-0.093022,SN Ia,0.9100,0.226425
SIM00464,6.549833,0.51026282,0.50126418,-0.019318,SN II,0.5800,0.908923
SIM00465,35.099860,6.99415448,5.54298984,-0.252478,AGN flare,0.6700,0.276521
SIM00466,2.301259,0.10825000,0.10240454,-0.060272,kilonova,0.7200,0.412571
SIM00467,29.998797,2.90420183,3.75426175,0.278744,SN II,0.5800,0.352114
SIM00468,28.668398,1.10984347,1.48594749,0.316854,SN II,0.5800,0.734053
SIM00469,32.353831,0.67648928,0.55026258,-0.224227,SN II,0.5800,0.198088
SIM00470,14.335347,0.74150394,0.68043505,-0.093317,SN Ia,0.9100,0.638315
SIM00471,8.905550,1.43354708,1.72261311,0.199439,SN II,0.5800,0.254709
SIM00472,20.137022,2.79262805,1.95673926,-0.386200,SN II,0.5800,0.834275
SIM00473,35.164827,1.12231052,1.45665055,0.283106,SN II,0.5800,0.607387
SIM00474,3.083259,0.04875895,0.06114403,0.245749,SN II,0.5800,0.210139
SIM00475,41.237181,2.10561921,2.49784120,0.185462,SN II,0.5800,0.393635
SIM00476,33.892734,3.45217462,2.63384874,-0.293755,SN II,0.5800,0.946361
SIM00477,19.654932,5.10290613,6.21037708,0.213251,SN Ia,0.9100,0.829989
SIM00478,28.636451,1.46371879,1.74003762,0.187752,SN II,0.5800,0.428350
SIM00479,23.522767,2.60144198,3.20847708,0.227712,SN Ia,0.9100,0.043691
SIM00480,31.920552,3.28360503,3.55444478,0.086052,SN II,0.5800,0.969414
SIM00481,29.050740,2.46270554,1.82626405,-0.324622,SN II,0.5800,0.357826
SIM00482,19.112072,1.32344766,1.05291810,-0.248280,SN II,0.5800,0.706973
SIM00483,30.494713,1.59023590,1.68686989,0.064050,SN II,0.5800,0.445031
SIM00484,42.177114,1.99385804,2.63045649,0.300842,SN II,0.5800,0.141888
SIM00485,25.783815,3.57474754,3.87424749,0.087355,SN II,0.5800,0.760517
SIM00486,8.445294,1.15206061,1.17835659,0.024504,SN II,0.5800,0.766159
SIM00487,37.571522,1.32571955,1.26253120,-0.053024,SN II,0.5800,0.206433
SIM00488,3.654601,0.08594502,0.10237227,0.189904,SN II,0.5800,0.448018
SIM00489,5.971487,0.35173075,0.33558036,-0.051034,SN II,0.5800,0.168095
SIM00490,4.160007,0.15426924,0.18902794,0.220617,SN II,0.5800,0.083972
SIM00491,32.554218,5.71080334,4.43250706,-0.275119,AGN flare,0.6700,0.488876
SIM00492,20.106576,1.84150087,1.29975248,-0.378278,SN II,0.5800,0.919557
SIM00493,29.358297,5.87947304,6.80150768,0.158167,SN II,0.5800,0.251412
SIM00494,11.823493,0.36243082,0.45017785,0.235398,SN II,0.5800,0.839579
SIM00495,14.037876,1.36717579,1.76640074,0.278162,SN Ia,0.9100,0.926704
SIM00496,8.412203,1.59758110,1.94845179,0.215567,SN II,0.5800,0.326673
SIM00497,9.119885,1.06609259,1.02128260,-0.046622,SN II,0.5800,0.551134
SIM00498,17.248145,2.31668395,1.68857786,-0.343364,SN II,0.5800,0.566869
SIM00499,28.641290,5.75433658,7.67419644,0.312594,SN II,0.5800,0.944934
SIM00500,22.752713,1.79403693,1.63203637,-0.102754,SN Ia,0.9100,0.581116
SIM00501,4.530241,0.20189905,0.20396485,0.011053,SN II,0.5800,0.969813
SIM00502,4.945091,0.13540767,0.11287177,-0.197645,SN II,0.5800,0.722950
SIM00503,1.123302,0.03624995,0.04534301,0.243007,SN II,0.5800,0.425444
SIM00504,13.463297,2.16208252,2.15093839,-0.005611,SN Ia,0.9100,0.338669
SIM00505,20.302510,4.69112060,6.25232345,0.311912,SN Ia,0.9100,0.164465
SIM00506,14.012574,1.88335402,1.77726797,-0.062948,SN Ia,0.9100,0.195416
SIM00507,4.741841,0.22618664,0.31211654,0.349625,SN II,0.5800,0.908707
SIM00508,39.078410,7.97504818,9.04297470,0.136445,AGN flare,0.6700,0.811148
SIM00509,3.640372,0.24916872,0.22622703,-0.104873,SN II,0.5800,0.571125
SIM00510,42.923650,3.65200416,3.32156464,-0.102971,SN II,0.5800,0.343409
SIM00511,39.944581,0.88269080,1.03723105,0.175167,SN II,0.5800,0.447345
SIM00512,4.749089,0.30487835,0.33735940,0.109916,SN II,0.5800,0.416377
SIM00513,24.319053,2.98241496,2.32621660,-0.269795,SN II,0.5800,0.180502
SIM00514,40.159708,1.83545629,2.39255683,0.287796,SN II,0.5800,0.253490
SIM00515,5.178448,0.25866348,0.26965514,0.045184,SN II,0.5800,0.554021
SIM00516,10.968393,0.76724210,0.81268513,0.062475,SN II,0.5800,0.588456
SIM00517,4.530060,0.11995709,0.12087707,0.008295,SN II,0.5800,0.863477
SIM00518,25.224764,5.28530846,4.12375298,-0.269444,SN II,0.5800,0.990658
SIM00519,32.750372,2.45505309,2.39213971,-0.028186,SN II,0.5800,0.171255
SIM00520,43.241465,4.53281056,3.60703683,-0.248042,AGN flare,0.6700,0.776164
SIM00521,3.532400,0.09941256,0.07064453,-0.370907,SN II,0.5800,0.594308
SIM00522,10.377883,1.14612626,1.14404351,-0.001975,SN II,0.5800,0.888627
SIM00523,28.331494,5.17927759,6.95190307,0.319586,SN II,0.5800,0.870774
SIM00524,8.392223,0.89017548,1.09895086,0.228757,SN II,0.5800,0.680520
SIM00525,37.327741,1.53375709,1.86516297,0.212401,SN II,0.5800,0.948030
SIM00526,32.758277,1.71124082,1.31723054,-0.284123,SN II,0.5800,0.548833
SIM00527,36.332925,2.68925737,3.15356434,0.172923,SN II,0.5800,0.254602
SIM00528,9.498511,1.37668058,1.52393184,0.110331,SN II,0.5800,0.113576
SIM00529,1.922094,0.03785266,0.03140590,-0.202713,kilonova,0.7200,0.554246
SIM00530,13.761540,1.92415284,1.54118696,-0.240961,SN II,0.5800,0.875403
SIM00531,24.691080,5.35153003,7.30021761,0.337145,SN Ia,0.9100,0.013801
SIM00532,16.064193,1.29744180,1.70112934,0.294124,SN Ia,0.9100,0.800454
SIM00533,2.560190,0.07844582,0.09222550,0.175703,SN II,0.5800,0.392565
SIM00534,21.933307,2.48363231,2.42251325,-0.027053,SN Ia,0.9100,0.873020
SIM00535,27.877205,1.29530495,1.10284860,-0.174640,SN II,0.5800,0.893985
SIM00536,26.925826,0.89780453,0.85532902,-0.052621,SN II,0.5800,0.467760
SIM00537,26.389868,2.33101274,1.64147972,-0.380773,SN II,0.5800,0.579162
SIM00538,15.686295,0.87500849,1.21668040,0.357911,SN Ia,0.9100,0.045381
SIM00539,7.416461,0.60008102,0.53487421,-0.124896,SN II,0.5800,0.500002
SIM00540,12.530975,1.80064946,2.46665998,0.341700,SN Ia,0.9100,0.992183
SIM00541,2.500910,0.12456495,0.16326328,0.293732,SN II,0.5800,0.774298
SIM00542,28.856480,3.24148883,2.90796716,-0.117888,SN II,0.5800,0.795315
SIM00543,39.403795,6.06366320,5.53489436,-0.099064,AGN flare,0.6700,0.763332
SIM00544,33.539412,3.94716225,3.73125588,-0.061075,SN II,0.5800,0.550740
SIM00545,18.862348,1.00274326,0.92878090,-0.083191,SN Ia,0.9100,0.988421
SIM00546,22.184513,1.74542473,1.50869324,-0.158250,SN Ia,0.9100,0.349236
SIM00547,6.967283,0.36183512,0.36805464,0.018504,SN II,0.5800,0.445518
SIM00548,26.023984,1.49498776,1.11590027,-0.317531,SN II,0.5800,0.301489
SIM00549,14.573842,2.66985769,3.62086292,0.330810,SN Ia,0.9100,0.340467
SIM00550,41.533875,1.75253865,1.44605537,-0.208707,SN II,0.5800,0.580481
SIM00551,44.448339,3.45448114,3.45375157,-0.000229,SN II,0.5800,0.868307
SIM00552,3.980871,0.31335919,0.27986435,-0.122737,SN II,0.5800,0.257539
SIM00553,2.015168,0.02472249,0.02949582,0.191671,SN II,0.5800,0.218314
SIM00554,18.581237,1.87081458,2.44113292,0.288902,SN Ia,0.9100,0.648094
SIM00555,9.655281,2.14116230,2.39963309,0.123738,SN II,0.5800,0.079308
SIM00556,36.616688,3.89754835,3.10114586,-0.248173,SN II,0.5800,0.188177
SIM00557,24.625335,5.38530049,7.24872998,0.322630,SN Ia,0.9100,0.212226
SIM00558,15.377006,3.23850504,3.18579025,-0.017818,SN Ia,0.9100,0.678964
SIM00559,15.862092,0.92346771,0.67581668,-0.338982,SN II,0.5800,0.626311
SIM00560,15.718867,2.41015800,2.12072734,-0.138902,SN Ia,0.9100,0.463378
SIM00561,1.598403,0.05903369,0.08213164,0.358526,SN II,0.5800,0.056018
SIM00562,28.014574,3.35038884,2.56443484,-0.290259,SN II,0.5800,0.156191
SIM00563,7.276954,0.44401933,0.56382112,0.259349,SN II,0.5800,0.423231
SIM00564,24.701080,3.75388055,4.35507033,0.161287,SN Ia,0.9100,0.601569
SIM00565,15.556932,1.96169652,2.35011213,0.196142,SN Ia,0.9100,0.763309
SIM00566,35.143634,3.42079961,4.73496610,0.352973,AGN flare,0.6700,0.453161
SIM00567,13.243562,2.73464882,2.16667660,-0.252769,SN II,0.5800,0.009040
SIM00568,21.933598,4.69418005,4.47707030,-0.051415,SN Ia,0.9100,0.989525
SIM00569,11.039377,0.88397520,0.63607838,-0.357324,SN II,0.5800,0.134143
SIM00570,3.647317,0.19501500,0.16133075,-0.205877,SN II,0.5800,0.939747
SIM00571,17.086812,0.84757901,1.03101444,0.212711,SN Ia,0.9100,0.921457
SIM00572,8.131518,0.46650486,0.40577052,-0.151439,SN II,0.5800,0.982331
SIM00573,22.953246,2.89798770,3.65254850,0.251249,SN Ia,0.9100,0.460099
SIM00574,15.248597,1.64455093,1.99544869,0.209983,SN Ia,0.9100,0.065439
SIM00575,29.400231,4.24599456,3.15048495,-0.324005,SN II,0.5800,0.564201
SIM00576,19.036805,6.13171127,6.98393287,0.141296,SN Ia,0.9100,0.224083
SIM00577,12.084866,1.00401366,0.86542611,-0.161274,SN Ia,0.9100,0.203205
SIM00578,34.403367,2.97648595,4.15522827,0.362228,AGN flare,0.6700,0.216609
SIM00579,26.059024,2.74640755,3.59363358,0.291922,SN II,0.5800,0.267276
SIM00580,34.067739,3.44070950,3.20698123,-0.076379,SN II,0.5800,0.485551
SIM00581,40.202661,2.34934014,2.62730105,0.121410,SN II,0.5800,0.453048
SIM00582,26.485866,3.11136892,4.10233439,0.300199,SN II,0.5800,0.360364
SIM00583,35.311854,2.96809835,3.87270600,0.288841,SN II,0.5800,0.994823
SIM00584,14.094520,0.43385694,0.59960569,0.351298,SN Ia,0.9100,0.009426
SIM00585,41.110712,2.40221840,1.84558566,-0.286196,SN II,0.5800,0.168742
SIM00586,31.041861,1.38119029,1.85487237,0.320151,SN II,0.5800,0.716357
SIM00587,39.805858,2.25288070,1.94700257,-0.158429,SN II,0.5800,0.792111
SIM00588,31.336160,1.50819774,1.30027778,-0.161055,SN II,0.5800,0.430496
SIM00589,5.614207,0.27829508,0.25646095,-0.088711,SN II,0.5800,0.878572
SIM00590,6.300399,0.28317991,0.28316075,-0.000073,SN II,0.5800,0.178981
SIM00591,31.157184,2.49954294,2.62579524,0.053501,SN II,0.5800,0.112363
SIM00592,16.557199,3.44948820,3.25841798,-0.061870,SN Ia,0.9100,0.215137
SIM00593,43.570028,5.89385643,5.25190348,-0.125207,AGN flare,0.6700,0.177220
SIM00594,12.644524,0.35543670,0.37538591,0.059289,SN Ia,0.9100,0.408122
SIM00595,25.491271,1.11198055,1.31402861,0.181269,SN II,0.5800,0.653114
SIM00596,24.934662,4.15677925,5.76816713,0.355702,SN Ia,0.9100,0.874074
SIM00597,32.581430,2.31370887,2.29844855,-0.007185,SN II,0.5800,0.972936
SIM00598,18.031416,1.94253854,1.55429525,-0.242090,SN II,0.5800,0.998355
SIM00599,1.231043,0.03693087,0.03243512,-0.140935,kilonova,0.7200,0.610908
SIM00600,17.586600,1.08211345,0.84547231,-0.267934,SN II,0.5800,0.843057
SIM00601,35.494564,2.28512474,2.71000383,0.185150,SN II,0.5800,0.324373
SIM00602,29.433835,2.76203419,3.81196389,0.349799,SN II,0.5800,0.000932
SIM00603,33.833084,4.84009194,5.39479418,0.117803,AGN flare,0.6700,0.994749
SIM00604,11.315120,2.06332059,1.99148603,-0.038474,SN II,0.5800,0.712173
SIM00605,18.315050,3.00310989,3.52577700,0.174209,SN Ia,0.9100,0.322137
SIM00606,28.671626,2.34363476,2.64540670,0.131506,SN II,0.5800,0.264930
SIM00607,40.984870,3.95195975,4.21053770,0.068813,AGN flare,0.6700,0.476618
SIM00608,10.733857,1.09934214,1.17643329,0.073586,SN II,0.5800,0.523932
SIM00609,24.208867,2.97818082,2.44403384,-0.214610,SN II,0.5800,0.821885
SIM00610,21.253146,4.74031821,6.28479539,0.306209,SN Ia,0.9100,0.867781
SIM00611,2.903403,0.14065728,0.17897788,0.261593,SN II,0.5800,0.123034
SIM00612,7.769154,0.27290152,0.25916164,-0.056088,SN II,0.5800,0.803213
SIM00613,23.939520,1.49560122,1.46102858,-0.025393,SN Ia,0.9100,0.996962
SIM00614,31.580690,3.08001281,3.87711130,0.249889,SN II,0.5800,0.758803
SIM00615,7.594743,0.72971588,0.77677206,0.067850,SN II,0.5800,0.237629
SIM00616,17.314047,1.67779487,1.19532266,-0.368134,SN II,0.5800,0.200853
SIM00617,26.104199,0.93805128,1.12821901,0.200417,SN II,0.5800,0.274595
SIM00618,15.256612,2.02526763,1.54716290,-0.292366,SN II,0.5800,0.636143
SIM00619,38.791203,1.90944550,2.39562699,0.246280,SN II,0.5800,0.617861
SIM00620,17.351233,1.02293351,0.97896997,-0.047695,SN Ia,0.9100,0.712536
SIM00621,13.990852,1.96389518,2.48939128,0.257437,SN Ia,0.9100,0.352353
SIM00622,17.955718,4.15467439,3.46552587,-0.196920,SN Ia,0.9100,0.971376
SIM00623,32.323424,3.41746614,3.18034663,-0.078074,SN II,0.5800,0.070780
SIM00624,34.265689,2.95700279,3.09781471,0.050509,SN II,0.5800,0.901313
SIM00625,34.309605,1.60493250,1.64309603,0.025515,SN II,0.5800,0.462178
SIM00626,37.941523,2.86410994,3.78992337,0.304102,SN II,0.5800,0.439838
SIM00627,22.615887,4.27925297,5.00358656,0.169784,SN Ia,0.9100,0.740448
SIM00628,18.673814,1.42520519,1.55018850,0.091268,SN Ia,0.9100,0.769228
SIM00629,34.874644,1.20526153,0.90876211,-0.306578,SN II,0.5800,0.817480
SIM00630,5.475084,0.26014306,0.28487997,0.098624,SN II,0.5800,0.055005
SIM00631,30.963227,4.13022035,3.04952683,-0.329352,AGN flare,0.6700,0.691015
SIM00632,19.388656,4.75516249,6.04759004,0.261042,SN Ia,0.9100,0.871933
SIM00633,7.403078,0.55879921,0.39351668,-0.380732,SN II,0.5800,0.988681
SIM00634,13.085365,0.94852794,0.83329767,-0.140625,SN Ia,0.9100,0.858878
SIM00635,25.450524,2.95395777,2.17353498,-0.333094,SN II,0.5800,0.304490
SIM00636,39.138109,6.35883531,5.59551637,-0.138844,AGN flare,0.6700,0.202007
SIM00637,3.292718,0.13270564,0.13601760,0.026764,SN II,0.5800,0.488987
SIM00638,26.686137,3.74534069,3.14678368,-0.189061,SN II,0.5800,0.919379
SIM00639,25.469604,1.15640932,1.24100676,0.076656,SN II,0.5800,0.408929
SIM00640,25.856956,1.86218217,2.34125073,0.248564,SN II,0.5800,0.291534
SIM00641,32.264470,5.09579952,5.18870468,0.019617,AGN flare,0.6700,0.934859
SIM00642,20.574757,1.93826256,1.94524911,0.003907,SN Ia,0.9100,0.639274
SIM00643,3.154375,0.09617863,0.10746993,0.120521,SN II,0.5800,0.180166
SIM00644,41.585532,4.68917657,4.91778278,0.051682,AGN flare,0.6700,0.673852
SIM00645,30.698173,1.65637203,2.13143951,0.273788,SN II,0.5800,0.145776
SIM00646,41.385756,1.08613956,0.83270480,-0.288486,SN II,0.5800,0.784253
SIM00647,42.838317,3.39750293,2.99086561,-0.138407,SN II,0.5800,0.905878
SIM00648,31.180162,0.92279900,1.09535811,0.186123,SN II,0.5800,0.041757
SIM00649,37.789591,1.68494877,1.86597845,0.110800,SN II,0.5800,0.318730
SIM00650,25.665293,2.82668438,2.62054744,-0.082213,SN II,0.5800,0.841305
SIM00651,7.683504,1.56118580,1.52067432,-0.028546,SN II,0.5800,0.032942
SIM00652,17.718884,1.93716086,2.09601531,0.085572,SN Ia,0.9100,0.093590
SIM00653,21.435927,3.41844347,4.01747366,0.175312,SN Ia,0.9100,0.114373
SIM00654,37.453774,2.72310767,3.80497111,0.363216,SN II,0.5800,0.939429
SIM00655,24.158761,1.92868163,2.36313298,0.220569,SN Ia,0.9100,0.496550
SIM00656,41.912458,1.60831675,2.09852291,0.288855,SN II,0.5800,0.597777
SIM00657,24.791522,0.91610768,0.81517264,-0.126742,SN Ia,0.9100,0.893065
SIM00658,38.197930,3.33936704,2.41330292,-0.352631,SN II,0.5800,0.598793
SIM00659,43.563602,3.94011538,4.56884872,0.160745,AGN flare,0.6700,0.050056
SIM00660,15.657950,1.41527136,1.72613077,0.215585,SN Ia,0.9100,0.178857
SIM00661,35.659951,1.22168433,1.33337385,0.094982,SN II,0.5800,0.095669
SIM00662,25.269011,4.82216577,4.93296851,0.024666,SN II,0.5800,0.033727
SIM00663,23.588049,1.89075790,1.49819599,-0.252668,SN II,0.5800,0.577990
SIM00664,16.526322,2.33824994,1.90501679,-0.222480,SN II,0.5800,0.169698
SIM00665,42.428004,3.59034508,4.70839188,0.294341,AGN flare,0.6700,0.480247
SIM00666,7.557634,0.52813651,0.41297616,-0.267053,SN II,0.5800,0.496129
SIM00667,24.583408,1.65240855,1.34641345,-0.222347,SN II,0.5800,0.535468
SIM00668,23.298456,1.65474063,1.62595300,-0.019055,SN Ia,0.9100,0.203458
SIM00669,6.592988,0.55162909,0.57990418,0.054273,SN II,0.5800,0.890609
SIM00670,1.664901,0.05942711,0.07450579,0.245514,SN II,0.5800,0.570412
SIM00671,31.314196,2.95464587,2.38605362,-0.232063,SN II,0.5800,0.264174
SIM00672,2.360482,0.06970684,0.06304080,-0.109134,kilonova,0.7200,0.890505
SIM00673,4.710345,0.22151249,0.24736428,0.119847,SN II,0.5800,0.784013
SIM00674,32.274764,1.11026056,1.24285294,0.122487,SN II,0.5800,0.982952
SIM00675,2.813795,0.15499277,0.19687988,0.259725,SN II,0.5800,0.342072
SIM00676,36.664240,4.76568323,3.37189274,-0.375629,AGN flare,0.6700,0.940308
SIM00677,19.126671,1.20009912,1.04575029,-0.149473,SN Ia,0.9100,0.733755
SIM00678,30.867457,1.59092473,1.26997093,-0.244640,SN II,0.5800,0.198201
SIM00679,10.664294,1.57937622,2.20813483,0.363850,SN II,0.5800,0.791589
SIM00680,22.108000,3.98295245,5.31989959,0.314246,SN Ia,0.9100,0.751461
SIM00681,29.001126,2.45630458,3.17356441,0.278163,SN II,0.5800,0.786617
SIM00682,5.065004,0.35213466,0.28648236,-0.224027,SN II,0.5800,0.965750
SIM00683,30.599610,2.44650863,3.13128718,0.267940,SN II,0.5800,0.937133
SIM00684,40.810511,5.84612935,7.37499736,0.252234,AGN flare,0.6700,0.590382
SIM00685,20.154120,5.21122608,6.82450106,0.292827,SN Ia,0.9100,0.298971
SIM00686,43.281243,5.04730801,3.94238528,-0.268252,AGN flare,0.6700,0.968460
SIM00687,35.649091,3.29414720,2.84107281,-0.160652,SN II,0.5800,0.198014
SIM00688,21.147811,1.96694528,2.62721583,0.314259,SN Ia,0.9100,0.685326
SIM00689,32.257456,3.92861580,4.93258410,0.247087,AGN flare,0.6700,0.682856
SIM00690,42.435142,3.93682850,2.99580420,-0.296583,SN II,0.5800,0.652476
SIM00691,37.795316,2.96562692,3.81204099,0.272603,SN II,0.5800,0.792949
SIM00692,1.197795,0.00848485,0.00659628,-0.273364,kilonova,0.7200,0.812390
SIM00693,19.420917,2.89271801,2.70408996,-0.073212,SN Ia,0.9100,0.213657
SIM00694,16.563424,3.72794098,3.37189356,-0.108988,SN Ia,0.9100,0.087976
SIM00695,12.924428,1.94194957,2.25790399,0.163669,SN Ia,0.9100,0.807132
SIM00696,6.311268,0.28107460,0.35866673,0.264674,SN II,0.5800,0.184106
SIM00697,12.945146,2.17944264,1.86765213,-0.167624,SN Ia,0.9100,0.889856
SIM00698,27.850631,4.26521078,4.47751353,0.052741,SN II,0.5800,0.955784
SIM00699,23.297170,3.07506863,3.94051221,0.269245,SN Ia,0.9100,0.162214
SIM00700,24.196506,0.77055285,1.04911037,0.335047,SN Ia,0.9100,0.454571
SIM00701,36.613366,1.91454033,1.47541184,-0.282878,SN II,0.5800,0.552677
SIM00702,38.939113,2.83511446,3.82748468,0.325857,SN II,0.5800,0.893801
SIM00703,30.317563,1.89592068,1.91652546,0.011736,SN II,0.5800,0.957845
SIM00704,16.920145,3.26553448,3.14505004,-0.040817,SN Ia,0.9100,0.522181
SIM00705,30.768242,4.99635189,4.76954643,-0.050440,AGN flare,0.6700,0.976199
SIM00706,3.507100,0.28941069,0.31551239,0.093755,SN II,0.5800,0.447734
SIM00707,34.047251,6.28475170,7.69801636,0.220227,AGN flare,0.6700,0.035107
SIM00708,15.308608,1.83231792,2.42597136,0.304712,SN Ia,0.9100,0.144526
SIM00709,26.852115,1.63591019,1.59428186,-0.027986,SN II,0.5800,0.747374
SIM00710,29.225826,3.24358064,2.93161275,-0.109795,SN II,0.5800,0.544288
SIM00711,19.510917,5.04292158,6.37139131,0.253880,SN Ia,0.9100,0.676497
SIM00712,17.741387,4.83639717,5.72433920,0.183009,SN Ia,0.9100,0.277481
SIM00713,8.122495,1.21747891,1.52862096,0.247096,SN II,0.5800,0.347245
SIM00714,7.154937,0.95129288,0.77388122,-0.224100,SN II,0.5800,0.738345
SIM00715,8.509806,0.31264163,0.28398571,-0.104376,SN II,0.5800,0.382970
SIM00716,43.544739,3.06880264,2.81281066,-0.094571,SN II,0.5800,0.943722
SIM00717,9.683450,0.78495498,0.60904624,-0.275486,SN II,0.5800,0.260210
SIM00718,18.334726,3.44611760,3.05599657,-0.130443,SN Ia,0.9100,0.203975
SIM00719,40.986141,4.25955435,4.88135735,0.147941,AGN flare,0.6700,0.778646
SIM00720,14.849281,1.54343393,1.58843035,0.031200,SN Ia,0.9100,0.558745
SIM00721,30.506617,3.20047471,3.05299358,-0.051221,SN II,0.5800,0.917490
SIM00722,24.291106,2.72457910,2.40255743,-0.136564,SN Ia,0.9100,0.771363
SIM00723,2.818526,0.16637639,0.15765128,-0.058485,kilonova,0.7200,0.939923
SIM00724,12.682958,0.54806539,0.59409270,0.087555,SN Ia,0.9100,0.753736
SIM00725,30.834944,4.12443214,3.20836238,-0.272702,AGN flare,0.6700,0.306947
SIM00726,29.369983,6.06699245,7.18581260,0.183756,SN II,0.5800,0.774610
SIM00727,18.357901,5.07103166,4.76282056,-0.068080,SN Ia,0.9100,0.392570
SIM00728,36.452231,1.69628039,2.22236266,0.293293,SN II,0.5800,0.531792
SIM00729,23.932525,5.59021610,4.43581080,-0.251139,SN II,0.5800,0.338729
SIM00730,3.901796,0.18658739,0.24188334,0.281809,SN II,0.5800,0.667812
SIM00731,26.424220,3.14636465,2.80551550,-0.124491,SN II,0.5800,0.844794
SIM00732,35.692826,2.72612295,3.18979588,0.170544,SN II,0.5800,0.754115
SIM00733,23.025115,6.70769805,8.18410420,0.215994,SN Ia,0.9100,0.820979
SIM00734,29.549097,2.71783055,3.24203744,0.191489,SN II,0.5800,0.703777
SIM00735,27.943509,1.16507518,1.30761861,0.125318,SN II,0.5800,0.824246
SIM00736,13.013241,0.74425554,0.56986756,-0.289870,SN II,0.5800,0.676009
SIM00737,43.892285,3.57131259,4.24845215,0.188507,AGN flare,0.6700,0.072180
SIM00738,37.898197,1.05219883,1.20000005,0.142709,SN II,0.5800,0.138762
SIM00739,13.102675,0.75454014,0.82127029,0.092009,SN Ia,0.9100,0.807375
SIM00740,2.742635,0.07786734,0.06674241,-0.167384,kilonova,0.7200,0.629449
SIM00741,15.964452,1.90815773,1.62670882,-0.173261,SN Ia,0.9100,0.793468
SIM00742,10.195250,2.26391697,2.43585832,0.079479,SN II,0.5800,0.030491
SIM00743,35.235936,1.45848028,1.45372329,-0.003547,SN II,0.5800,0.063056
SIM00744,28.720444,4.66841123,4.57549850,-0.021827,SN II,0.5800,0.512087
SIM00745,26.905203,3.18098636,4.44379088,0.362980,SN II,0.5800,0.804170
SIM00746,43.298983,3.98849005,2.99123738,-0.312394,SN II,0.5800,0.477877
SIM00747,6.884703,0.69074996,0.82605974,0.194226,SN II,0.5800,0.454653
SIM00748,16.033911,1.23314680,1.10712774,-0.117043,SN Ia,0.9100,0.194208
SIM00749,33.383735,3.17435241,2.66135404,-0.191381,SN II,0.5800,0.703737
SIM00750,9.656231,0.82837690,0.98648019,0.189651,SN II,0.5800,0.973014
SIM00751,33.896675,7.76507467,9.36291860,0.203164,AGN flare,0.6700,0.719512
SIM00752,3.760095,0.05201430,0.06785232,0.288605,SN II,0.5800,0.721986
SIM00753,28.728307,1.97652175,1.60998189,-0.222702,SN II,0.5800,0.632228
SIM00754,44.624608,1.08844280,0.89537577,-0.212001,SN II,0.5800,0.355261
SIM00755,40.555312,4.17974914,3.22470158,-0.281652,AGN flare,0.6700,0.106700
SIM00756,7.770524,0.95656428,1.33287638,0.360189,SN II,0.5800,0.911722
SIM00757,35.968992,4.48538092,3.54263867,-0.256181,AGN flare,0.6700,0.108866
SIM00758,25.790304,2.13029038,1.86689777,-0.143296,SN II,0.5800,0.021218
SIM00759,40.990320,6.19704742,8.59150049,0.354710,AGN flare,0.6700,0.436747
SIM00760,33.226031,3.97849063,5.12811962,0.275600,AGN flare,0.6700,0.133830
SIM00761,1.566529,0.02525331,0.02437537,-0.038417,kilonova,0.7200,0.009124
SIM00762,37.533725,4.24280221,3.09841401,-0.341283,AGN flare,0.6700,0.889021
SIM00763,24.504048,1.21266499,1.37905063,0.139598,SN Ia,0.9100,0.885314
SIM00764,22.319231,2.27396608,1.97923468,-0.150717,SN Ia,0.9100,0.905795
SIM00765,17.834878,1.45409101,1.14636003,-0.258176,SN II,0.5800,0.199905
SIM00766,21.081918,3.71427493,4.43815157,0.193320,SN Ia,0.9100,0.439629
SIM00767,3.972547,0.12679254,0.13052799,0.031525,SN II,0.5800,0.400216
SIM00768,30.607415,2.90602510,3.35551844,0.156151,SN II,0.5800,0.692032
SIM00769,21.755412,2.51644207,2.81678005,0.122415,SN Ia,0.9100,0.062742
SIM00770,11.498445,1.51348083,1.47505815,-0.027919,SN II,0.5800,0.788053
SIM00771,37.248210,4.95261269,3.59957599,-0.346458,AGN flare,0.6700,0.093797
SIM00772,43.950615,1.91393598,1.40497558,-0.335647,SN II,0.5800,0.240451
SIM00773,41.950115,2.56231042,3.46231752,0.326838,SN II,0.5800,0.638639
SIM00774,41.448301,1.34326635,0.95742047,-0.367649,SN II,0.5800,0.757120
SIM00775,5.567901,0.79859000,0.66351349,-0.201185,SN II,0.5800,0.807064
SIM00776,8.163963,0.43299806,0.54162295,0.243028,SN II,0.5800,0.889666
SIM00777,41.319413,1.84194317,2.00610874,0.092696,SN II,0.5800,0.821353
SIM00778,23.108907,3.91745961,4.93464563,0.250629,SN Ia,0.9100,0.077622
SIM00779,3.386453,0.12492688,0.12216240,-0.024296,SN II,0.5800,0.007632
SIM00780,33.779840,2.01005953,2.54892784,0.257872,SN II,0.5800,0.457986
SIM00781,6.374759,0.39935378,0.39948696,0.000362,SN II,0.5800,0.110401
SIM00782,43.964047,2.73581487,2.09514632,-0.289681,SN II,0.5800,0.730173
SIM00783,38.388114,2.43008790,2.32635035,-0.047367,SN II,0.5800,0.302723
SIM00784,34.546509,2.18147844,3.02134470,0.353623,SN II,0.5800,0.768790
SIM00785,1.305531,0.00638877,0.00756893,0.184043,SN II,0.5800,0.598764
SIM00786,23.885500,2.63570664,2.97232432,0.130498,SN Ia,0.9100,0.648577
SIM00787,41.321772,5.57989919,7.47153828,0.316959,AGN flare,0.6700,0.837188
SIM00788,32.533514,1.78913616,2.31690350,0.280661,SN II,0.5800,0.430774
SIM00789,39.638089,3.07140796,3.09971788,0.009962,SN II,0.5800,0.706493
SIM00790,12.116439,0.95326701,0.88376456,-0.082195,SN Ia,0.9100,0.094717
SIM00791,20.486701,5.29128314,7.15667852,0.327876,SN Ia,0.9100,0.762332
SIM00792,37.820243,6.84463492,6.10498503,-0.124164,AGN flare,0.6700,0.249747
SIM00793,19.146297,0.76938480,1.01589426,0.301762,SN Ia,0.9100,0.920903
SIM00794,15.463153,3.75061419,4.96158496,0.303795,SN Ia,0.9100,0.794599
SIM00795,24.408727,2.31480792,2.12862677,-0.091039,SN Ia,0.9100,0.626977
SIM00796,17.153527,3.90461598,3.17359277,-0.225068,SN II,0.5800,0.530918
SIM00797,29.597376,5.34987769,5.27098046,-0.016131,SN II,0.5800,0.913782
SIM00798,31.351028,2.66720502,2.26355127,-0.178165,SN II,0.5800,0.287389
SIM00799,40.887528,0.95715524,1.14960605,0.198917,SN II,0.5800,0.989703
SIM00800,8.756256,1.03462612,1.22442458,0.182872,SN II,0.5800,0.746026
SIM00801,34.137839,1.65962843,1.19389284,-0.357614,SN II,0.5800,0.691147
SIM00802,10.205495,1.30248618,1.49825702,0.152033,SN II,0.5800,0.591130
SIM00803,29.869099,4.62708407,4.22327920,-0.099144,SN II,0.5800,0.063941
SIM00804,3.944112,0.07382137,0.05902480,-0.242869,SN II,0.5800,0.112863
SIM00805,22.722493,5.83260974,5.19929328,-0.124797,SN Ia,0.9100,0.769435
SIM00806,8.827228,0.36770139,0.36264924,-0.015021,SN II,0.5800,0.689520
SIM00807,20.576828,1.86008558,2.51598241,0.327937,SN Ia,0.9100,0.342346
SIM00808,37.620595,2.01070357,1.72594591,-0.165802,SN II,0.5800,0.855013
SIM00809,36.326350,2.93686544,2.07596372,-0.376661,SN II,0.5800,0.189948
SIM00810,40.815040,2.26813535,2.51964295,0.114175,SN II,0.5800,0.661220
SIM00811,8.946737,0.27993390,0.38851777,0.355888,SN II,0.5800,0.383012
SIM00812,29.698025,2.42713249,1.80908592,-0.319086,SN II,0.5800,0.014818
SIM00813,38.512179,2.83951187,2.71043707,-0.050511,SN II,0.5800,0.722641
SIM00814,7.087834,0.59670771,0.57066803,-0.048445,SN II,0.5800,0.523050
SIM00815,5.904785,0.42896369,0.38593677,-0.114761,SN II,0.5800,0.380773
SIM00816,34.650670,1.41714714,1.20927123,-0.172228,SN II,0.5800,0.384180
SIM00817,17.075377,2.69634679,3.52887685,0.292152,SN Ia,0.9100,0.050570
SIM00818,30.199974,3.21506262,2.31669445,-0.355802,SN II,0.5800,0.438344
SIM00819,6.097140,0.57415564,0.43958135,-0.289976,SN II,0.5800,0.117769
SIM00820,22.098905,1.23254891,1.24263877,0.008852,SN Ia,0.9100,0.118310
SIM00821,3.987835,0.17384405,0.23566505,0.330338,SN II,0.5800,0.554788
SIM00822,4.146743,0.20129295,0.22021653,0.097553,SN II,0.5800,0.870216
SIM00823,43.348260,2.40781155,3.27603363,0.334315,SN II,0.5800,0.524840
SIM00824,11.548443,1.23963189,1.05203733,-0.178154,SN II,0.5800,0.083080
SIM00825,12.673343,2.35143351,2.84976873,0.208692,SN Ia,0.9100,0.074435
SIM00826,20.932636,1.45434482,1.69293593,0.164933,SN Ia,0.9100,0.361235
SIM00827,6.267129,0.78208015,0.64598330,-0.207575,SN II,0.5800,0.010880
SIM00828,29.730748,1.46550233,1.50831340,0.031263,SN II,0.5800,0.740457
SIM00829,24.633601,2.16230886,2.42924571,0.126384,SN Ia,0.9100,0.651136
SIM00830,7.381582,1.42179553,1.73211821,0.214351,SN II,0.5800,0.857317
SIM00831,17.179996,2.20173447,1.89089977,-0.165241,SN Ia,0.9100,0.597957
SIM00832,40.669881,1.06396891,0.77152211,-0.348951,SN II,0.5800,0.439016
SIM00833,7.181327,0.52895772,0.58625023,0.111655,SN II,0.5800,0.939442
SIM00834,18.687648,1.31855246,1.79834374,0.336938,SN Ia,0.9100,0.233101
SIM00835,21.990247,4.65075789,4.85758834,0.047242,SN Ia,0.9100,0.991853
SIM00836,28.333691,3.07592388,2.58788464,-0.187577,SN II,0.5800,0.999582
SIM00837,21.089450,3.02064232,2.79484500,-0.084354,SN Ia,0.9100,0.406979
SIM00838,16.099234,1.14823350,1.10432843,-0.042330,SN Ia,0.9100,0.162077
SIM00839,37.433215,1.49302395,1.31459723,-0.138185,SN II,0.5800,0.454160
SIM00840,25.722464,2.29488879,1.99267012,-0.153316,SN II,0.5800,0.120536
SIM00841,43.251011,1.03549587,1.10336660,0.068929,SN II,0.5800,0.581413
SIM00842,40.007150,1.03635232,0.84696006,-0.219111,SN II,0.5800,0.585589
SIM00843,20.906420,3.75645643,4.36948508,0.164130,SN Ia,0.9100,0.860221
SIM00844,43.105027,3.50849032,3.45735467,-0.015941,SN II,0.5800,0.051591
SIM00845,41.250142,0.71136085,0.64217916,-0.111084,SN II,0.5800,0.288970
SIM00846,43.543314,4.12793607,4.41923622,0.074036,AGN flare,0.6700,0.848815
SIM00847,36.510079,3.99329860,3.12123162,-0.267514,SN II,0.5800,0.243746
SIM00848,29.957385,5.04288394,6.70269482,0.308926,SN II,0.5800,0.962375
SIM00849,9.478140,0.75634075,0.83138527,0.102712,SN II,0.5800,0.181525
SIM00850,31.452382,1.62732644,1.55635499,-0.048415,SN II,0.5800,0.523864
SIM00851,30.805563,2.11753844,2.40758923,0.139378,SN II,0.5800,0.471682
SIM00852,30.572800,1.88135119,1.94295147,0.034980,SN II,0.5800,0.677938
SIM00853,32.201405,2.44229476,3.34824446,0.342548,SN II,0.5800,0.785691
SIM00854,11.247888,1.94562965,1.64406883,-0.182850,SN II,0.5800,0.409118
SIM00855,43.310008,3.18254646,3.86579888,0.211161,SN II,0.5800,0.359678
SIM00856,30.186798,2.45300105,2.09927491,-0.169071,SN II,0.5800,0.214943
SIM00857,12.705236,0.40921558,0.40278992,-0.017184,SN Ia,0.9100,0.420786
SIM00858,4.422929,0.44399189,0.49010997,0.107296,SN II,0.5800,0.355681
SIM00859,31.995164,1.90077237,1.97146769,0.039649,SN II,0.5800,0.017613
SIM00860,30.742365,1.68320919,2.31228695,0.344759,SN II,0.5800,0.766778
SIM00861,37.763753,4.48356500,5.35080466,0.191989,AGN flare,0.6700,0.966322
SIM00862,9.637331,1.07577829,0.94564752,-0.139984,SN II,0.5800,0.821574
SIM00863,27.449550,6.80369634,7.56682727,0.115422,SN II,0.5800,0.198317
SIM00864,1.660209,0.05179049,0.04613014,-0.125663,kilonova,0.7200,0.070051
SIM00865,1.208988,0.01566884,0.01101135,-0.382990,kilonova,0.7200,0.229970
SIM00866,12.665881,3.24451046,2.31503003,-0.366481,SN II,0.5800,0.114228
SIM00867,42.122751,2.89176377,2.70307578,-0.073261,SN II,0.5800,0.522325
SIM00868,15.087008,1.81370460,1.59780438,-0.137607,SN Ia,0.9100,0.054980
SIM00869,4.692809,0.08954660,0.10179990,0.139246,SN II,0.5800,0.696627
SIM00870,12.569819,2.78047507,2.61139159,-0.068118,SN Ia,0.9100,0.491791
SIM00871,9.289312,1.63790196,1.20529139,-0.332990,SN II,0.5800,0.153921
SIM00872,31.475829,3.65915416,3.14902932,-0.163010,SN II,0.5800,0.797152
SIM00873,36.287745,1.88251515,1.56984332,-0.197205,SN II,0.5800,0.707763
SIM00874,36.376522,3.03884956,2.32570980,-0.290384,SN II,0.5800,0.663455
SIM00875,25.861231,1.15877602,1.28362972,0.111101,SN II,0.5800,0.107896
SIM00876,28.894270,1.63512352,1.62929167,-0.003879,SN II,0.5800,0.533152
SIM00877,32.874853,1.86651737,1.59528510,-0.170484,SN II,0.5800,0.290806
SIM00878,29.150906,4.67934289,6.22950085,0.310671,SN II,0.5800,0.204638
SIM00879,14.690035,1.70184742,1.37873835,-0.228597,SN II,0.5800,0.226311
SIM00880,34.938247,5.86717622,8.04446559,0.342670,AGN flare,0.6700,0.794358
SIM00881,14.625875,1.95696305,1.44611657,-0.328448,SN II,0.5800,0.609212
SIM00882,4.922029,0.15071462,0.12145738,-0.234329,SN II,0.5800,0.931666
SIM00883,39.600353,1.98097538,1.55250907,-0.264612,SN II,0.5800,0.506798
SIM00884,23.936949,3.29936372,3.53191332,0.073950,SN Ia,0.9100,0.775428
SIM00885,5.673494,0.17627849,0.18305981,0.040984,SN II,0.5800,0.252601
SIM00886,30.415382,1.75108875,1.81032418,0.036120,SN II,0.5800,0.712336
SIM00887,34.894118,2.65020299,3.57591484,0.325270,SN II,0.5800,0.933918
SIM00888,28.224769,1.65652797,1.89799261,0.147739,SN II,0.5800,0.278591
SIM00889,2.644602,0.22998785,0.18175167,-0.255566,kilonova,0.7200,0.465868
SIM00890,28.251221,1.21933608,1.49426827,0.220763,SN II,0.5800,0.770762
SIM00891,20.243555,1.23072752,0.94252649,-0.289671,SN II,0.5800,0.963523
SIM00892,3.253951,0.14422544,0.11459128,-0.249726,SN II,0.5800,0.106549
SIM00893,4.108134,0.14206903,0.18229792,0.270706,SN II,0.5800,0.169113
SIM00894,8.642060,1.07202957,1.00408716,-0.071088,SN II,0.5800,0.123269
SIM00895,11.684352,1.22811266,1.08282477,-0.136700,SN II,0.5800,0.740655
SIM00896,40.236832,4.65929071,6.38079724,0.341388,AGN flare,0.6700,0.604052
SIM00897,13.703078,2.19977587,2.67007669,0.210363,SN Ia,0.9100,0.129635
SIM00898,9.520962,0.86006888,1.09175923,0.258984,SN II,0.5800,0.338851
SIM00899,11.908619,1.01540713,1.41486647,0.360188,SN II,0.5800,0.148523
SIM00900,38.599230,1.56504218,1.91141817,0.217074,SN II,0.5800,0.341600
SIM00901,9.251026,1.25200017,1.63278472,0.288311,SN II,0.5800,0.574892
SIM00902,1.458273,0.04492588,0.05973252,0.309286,SN II,0.5800,0.952020
SIM00903,15.390680,4.15138542,3.67888993,-0.131191,SN Ia,0.9100,0.365839
SIM00904,17.484568,1.72039366,1.33703727,-0.273711,SN II,0.5800,0.227143
SIM00905,41.019497,3.34759128,4.42251639,0.302343,AGN flare,0.6700,0.755587
SIM00906,11.752385,3.00431264,4.18635756,0.360228,SN II,0.5800,0.728062
SIM00907,34.212954,3.24749803,3.76434574,0.160352,SN II,0.5800,0.380671
SIM00908,37.946908,1.93239104,1.80772518,-0.072407,SN II,0.5800,0.820610
SIM00909,16.192241,4.50226772,5.92133396,0.297471,SN Ia,0.9100,0.139088
SIM00910,42.283032,5.00559216,5.79007192,0.158071,AGN flare,0.6700,0.048001
SIM00911,39.286821,3.26892032,3.06467489,-0.070050,SN II,0.5800,0.782909
SIM00912,35.418405,3.16698396,2.97160427,-0.069137,SN II,0.5800,0.249345
SIM00913,5.417490,0.13213900,0.16617585,0.248842,SN II,0.5800,0.227095
SIM00914,4.108762,0.14229956,0.11937627,-0.190714,SN II,0.5800,0.462068
SIM00915,18.681156,5.50253924,5.04537356,-0.094175,SN Ia,0.9100,0.632301
SIM00916,40.368297,4.62434288,5.61217242,0.210202,AGN flare,0.6700,0.311524
SIM00917,39.453600,1.87015387,2.07819200,0.114521,SN II,0.5800,0.829214
SIM00918,23.815540,2.75963759,3.63257536,0.298406,SN Ia,0.9100,0.665536
SIM00919,10.149082,0.81323243,1.11499374,0.342644,SN II,0.5800,0.695905
SIM00920,6.493731,0.35698961,0.39754710,0.116833,SN II,0.5800,0.432363
SIM00921,32.568954,1.57345723,1.67821197,0.069980,SN II,0.5800,0.820412
SIM00922,35.710233,1.84086695,2.24838058,0.217119,SN II,0.5800,0.801724
SIM00923,10.636352,2.91597561,2.92597052,0.003715,SN II,0.5800,0.380592
SIM00924,32.233606,3.27655704,2.98571233,-0.100924,SN II,0.5800,0.329036
SIM00925,33.216983,2.21687139,2.32819333,0.053196,SN II,0.5800,0.668443
SIM00926,7.303206,1.65023857,1.80332705,0.096319,SN II,0.5800,0.795212
SIM00927,9.067061,1.53405048,1.88944062,0.226234,SN II,0.5800,0.868470
SIM00928,16.915341,2.31204066,1.65633661,-0.362117,SN II,0.5800,0.502403
SIM00929,40.541250,7.40691764,7.83324904,0.060761,AGN flare,0.6700,0.932626
SIM00930,25.638450,2.14203111,2.70406549,0.252979,SN II,0.5800,0.423851
SIM00931,27.492939,1.71886448,1.70887720,-0.006327,SN II,0.5800,0.513224
SIM00932,21.604734,0.61228320,0.57440977,-0.069326,SN Ia,0.9100,0.716904
SIM00933,33.927709,1.62385285,1.72400540,0.064980,SN II,0.5800,0.175459
SIM00934,27.528548,3.15505618,3.50166304,0.113168,SN II,0.5800,0.720792
SIM00935,33.965532,5.27474446,4.69861964,-0.125578,AGN flare,0.6700,0.838353
SIM00936,41.704230,2.27695341,2.29935366,0.010629,SN II,0.5800,0.086339
SIM00937,4.063945,0.36954324,0.29544066,-0.242988,SN II,0.5800,0.459971
SIM00938,29.103210,4.29090390,5.30616994,0.230581,SN II,0.5800,0.245117
SIM00939,9.750371,0.57819323,0.65494682,0.135333,SN II,0.5800,0.303188
SIM00940,8.124819,0.26700164,0.22299595,-0.195542,SN II,0.5800,0.315790
SIM00941,23.200683,1.86581814,1.88051718,0.008520,SN Ia,0.9100,0.972986
SIM00942,22.394935,4.47008217,3.74847129,-0.191153,SN Ia,0.9100,0.591968
SIM00943,7.364702,0.19899180,0.23698695,0.189723,SN II,0.5800,0.966994
SIM00944,18.749433,1.96900775,1.86345561,-0.059821,SN Ia,0.9100,0.690701
SIM00945,18.244297,2.13966469,2.35534375,0.104271,SN Ia,0.9100,0.006412
SIM00946,38.377952,3.45482037,3.94183698,0.143183,SN II,0.5800,0.920229
SIM00947,18.672441,1.81955708,1.97959463,0.091526,SN Ia,0.9100,0.662737
SIM00948,33.342231,2.97196081,2.84147316,-0.048749,SN II,0.5800,0.851575
SIM00949,35.804726,4.47865853,4.20116665,-0.069445,AGN flare,0.6700,0.944835
SIM00950,25.173150,1.75418081,1.36965087,-0.268661,SN II,0.5800,0.897525
SIM00951,36.221755,1.13238988,1.17285529,0.038121,SN II,0.5800,0.495699
SIM00952,16.991684,2.86816213,3.07575617,0.075871,SN Ia,0.9100,0.929388
SIM00953,29.123453,2.59910364,2.52368680,-0.031970,SN II,0.5800,0.609148
SIM00954,35.582363,2.00839184,1.95094213,-0.031510,SN II,0.5800,0.362859
SIM00955,41.170822,2.46437643,2.29841999,-0.075694,SN II,0.5800,0.821448
SIM00956,8.049858,0.41358126,0.34542452,-0.195519,SN II,0.5800,0.059477
SIM00957,36.445377,1.28969467,0.95477641,-0.326463,SN II,0.5800,0.263835
SIM00958,33.270449,6.34322293,8.64491734,0.336127,AGN flare,0.6700,0.550894
SIM00959,41.565758,2.46094817,2.47035817,0.004144,SN II,0.5800,0.192933
SIM00960,33.914198,4.14334116,3.17055942,-0.290537,AGN flare,0.6700,0.872927
SIM00961,34.155564,5.88777902,4.27845744,-0.346661,AGN flare,0.6700,0.055946
SIM00962,6.466143,0.28522780,0.32546528,0.143282,SN II,0.5800,0.112336
SIM00963,8.129283,0.56118835,0.65700588,0.171152,SN II,0.5800,0.969557
SIM00964,16.868217,3.41613722,3.32605271,-0.029015,SN Ia,0.9100,0.253313
SIM00965,11.236389,3.42101480,4.08506818,0.192611,SN II,0.5800,0.175100
SIM00966,8.915553,0.45041951,0.54772030,0.212354,SN II,0.5800,0.058935
SIM00967,24.329347,1.69343483,1.70648319,0.008334,SN Ia,0.9100,0.790915
SIM00968,26.330132,4.48212329,5.02314781,0.123730,SN II,0.5800,0.336981
SIM00969,18.420970,5.65439495,7.57906502,0.318074,SN Ia,0.9100,0.560817
SIM00970,7.268685,0.34663569,0.41023376,0.182895,SN II,0.5800,0.004601
SIM00971,36.290675,4.54576619,3.19988942,-0.381180,AGN flare,0.6700,0.798083
SIM00972,19.220561,3.49875548,4.23303182,0.206845,SN Ia,0.9100,0.408785
SIM00973,43.237579,7.42307555,8.39280775,0.133308,AGN flare,0.6700,0.316345
SIM00974,17.570355,2.63858493,3.31022272,0.246215,SN Ia,0.9100,0.788132
SIM00975,37.134606,6.44614689,5.94844868,-0.087241,AGN flare,0.6700,0.757555
SIM00976,12.540749,1.07689360,1.40036015,0.285167,SN Ia,0.9100,0.488742
SIM00977,13.104912,1.29104838,1.74439684,0.326757,SN Ia,0.9100,0.756949
SIM00978,7.559670,1.01191204,1.35095204,0.313743,SN II,0.5800,0.586522
SIM00979,19.800383,2.11254464,2.62791404,0.237013,SN Ia,0.9100,0.102901
SIM00980,13.171981,1.33884478,1.35124044,0.010006,SN Ia,0.9100,0.726376
SIM00981,12.290572,2.35276323,1.80763720,-0.286167,SN II,0.5800,0.493856
SIM00982,32.759384,2.62187150,2.34534289,-0.121013,SN II,0.5800,0.370513
SIM00983,41.477513,7.86235133,7.85236957,-0.001379,AGN flare,0.6700,0.571757
SIM00984,36.573487,4.12181586,5.37694975,0.288618,AGN flare,0.6700,0.401256
SIM00985,42.800053,1.66818718,2.04249155,0.219789,SN II,0.5800,0.144896
SIM00986,30.900083,2.47725808,2.67212689,0.082215,SN II,0.5800,0.740387
SIM00987,6.770825,0.57714175,0.50463650,-0.145760,SN II,0.5800,0.814930
SIM00988,2.463450,0.04176415,0.05412535,0.281493,SN II,0.5800,0.893234
SIM00989,2.514071,0.08161845,0.09819415,0.200743,SN II,0.5800,0.729140
SIM00990,16.101937,2.11243329,1.68073424,-0.248210,SN II,0.5800,0.814694
SIM00991,6.283858,0.31679751,0.29634492,-0.072461,SN II,0.5800,0.163795
SIM00992,41.916104,4.16605546,3.64583897,-0.144819,AGN flare,0.6700,0.912610
SIM00993,10.730859,2.15073124,2.96745653,0.349496,SN II,0.5800,0.771166
SIM00994,28.755933,4.94779129,4.99964548,0.011320,SN II,0.5800,0.098335
SIM00995,41.204888,5.36188890,6.54851882,0.217063,AGN flare,0.6700,0.232033
SIM00996,21.386266,6.30894668,8.49349736,0.322824,SN Ia,0.9100,0.160498
SIM00997,31.090407,3.17620270,2.59629686,-0.218885,SN II,0.5800,0.137098
SIM00998,21.692210,2.11406194,2.02392283,-0.047309,SN Ia,0.9100,0.554035
SIM00999,34.522685,2.20576983,2.91217780,0.301644,SN II,0.5800,0.367678
SIM01000,43.230216,2.84222453,3.14805677,0.110960,SN II,0.5800,0.966816
SIM01001,17.941619,2.06236421,1.48503547,-0.356571,SN II,0.5800,0.204573
SIM01002,6.455711,0.45714266,0.50016692,0.097658,SN II,0.5800,0.948229
SIM01003,31.160323,4.32507145,4.94707566,0.145888,AGN flare,0.6700,0.543236
SIM01004,38.952897,3.27965386,3.68426457,0.126307,SN II,0.5800,0.300281
SIM01005,43.646611,3.43070644,2.55609888,-0.319515,SN II,0.5800,0.009841
SIM01006,25.339045,2.10078680,1.64431467,-0.265993,SN II,0.5800,0.836836
SIM01007,30.438796,6.20647887,8.65482632,0.361033,AGN flare,0.6700,0.678213
SIM01008,32.380550,0.62149217,0.62061130,-0.001540,SN II,0.5800,0.969065
SIM01009,14.771992,0.89389941,0.88587145,-0.009795,SN Ia,0.9100,0.902530
SIM01010,26.938229,1.89870608,1.59854040,-0.186835,SN II,0.5800,0.179240
SIM01011,37.620706,2.61623294,2.32116493,-0.129926,SN II,0.5800,0.880484
SIM01012,23.684726,3.83325867,3.77019669,-0.018010,SN Ia,0.9100,0.697428
SIM01013,3.960382,0.47091708,0.36606813,-0.273456,SN II,0.5800,0.746249
SIM01014,12.897774,0.81037706,0.94269248,0.164207,SN Ia,0.9100,0.953552
SIM01015,44.733333,5.72049511,6.62093481,0.158714,AGN flare,0.6700,0.161125
SIM01016,32.946948,2.96687535,3.94611796,0.309677,SN II,0.5800,0.255069
SIM01017,7.233199,0.22376986,0.24882606,0.115236,SN II,0.5800,0.800866
SIM01018,8.041562,0.86236840,0.94198650,0.095880,SN II,0.5800,0.412698
SIM01019,24.917856,0.62768811,0.62509198,-0.004500,SN Ia,0.9100,0.236755
SIM01020,34.300634,3.21445949,2.79347105,-0.152409,SN II,0.5800,0.092583
SIM01021,22.007717,2.07164820,2.55968307,0.229675,SN Ia,0.9100,0.222320
SIM01022,30.480272,4.44443049,4.67626971,0.055209,AGN flare,0.6700,0.923645
SIM01023,27.577570,0.98705977,0.74771396,-0.301520,SN II,0.5800,0.331636
SIM01024,4.909313,0.34421303,0.31528693,-0.095303,SN II,0.5800,0.512166
SIM01025,42.211635,1.29710934,1.18522193,-0.097942,SN II,0.5800,0.324292
SIM01026,41.035976,3.67846748,3.00227153,-0.220542,SN II,0.5800,0.045416
SIM01027,6.386582,0.87365950,0.70732266,-0.229312,SN II,0.5800,0.625186
SIM01028,3.569042,0.14159245,0.10926991,-0.281349,SN II,0.5800,0.742497
SIM01029,32.538025,2.05120193,2.39727442,0.169273,SN II,0.5800,0.433301
SIM01030,30.094054,2.53902177,1.78365903,-0.383386,SN II,0.5800,0.222725
SIM01031,18.528369,0.83616682,0.98768510,0.180814,SN Ia,0.9100,0.993854
SIM01032,15.738619,1.88516252,1.61334808,-0.169052,SN Ia,0.9100,0.400757
SIM01033,31.290785,1.81136190,1.35728872,-0.313332,SN II,0.5800,0.543014
SIM01034,44.586718,2.44982655,2.57626322,0.054637,SN II,0.5800,0.488443
SIM01035,9.536826,1.26100448,1.59660923,0.256205,SN II,0.5800,0.291942
SIM01036,42.091195,4.26489098,3.40725971,-0.243757,AGN flare,0.6700,0.483676
SIM01037,6.590401,0.83839919,0.92617874,0.108110,SN II,0.5800,0.976299
SIM01038,2.989945,0.21268961,0.16568954,-0.271128,kilonova,0.7200,0.322040
SIM01039,3.365328,0.21775629,0.20547097,-0.063051,SN II,0.5800,0.695474
SIM01040,17.135693,2.20052024,3.04708468,0.353398,SN Ia,0.9100,0.437940
SIM01041,1.158375,0.01242508,0.01621852,0.289280,SN II,0.5800,0.636732
SIM01042,7.836575,1.37503413,1.07341134,-0.268868,SN II,0.5800,0.380588
SIM01043,30.545967,0.61288261,0.58073162,-0.058505,SN II,0.5800,0.874654
SIM01044,44.839507,3.64480926,4.55689201,0.242485,AGN flare,0.6700,0.865110
SIM01045,26.881971,6.02491128,8.21489230,0.336628,SN II,0.5800,0.565852
SIM01046,9.647690,1.07497036,1.00635756,-0.071610,SN II,0.5800,0.373700
SIM01047,23.461858,2.28802053,2.04592960,-0.121423,SN Ia,0.9100,0.502888
SIM01048,23.171154,3.32810518,2.76168102,-0.202559,SN II,0.5800,0.531828
SIM01049,13.134751,2.83370258,3.53283369,0.239422,SN Ia,0.9100,0.517393
SIM01050,11.954352,2.29791180,2.21202185,-0.041360,SN II,0.5800,0.290397
SIM01051,18.689211,4.51892546,4.68975436,0.040287,SN Ia,0.9100,0.731113
SIM01052,10.368374,0.94273033,0.86210460,-0.097069,SN II,0.5800,0.359462
SIM01053,34.207361,2.78573907,2.40594088,-0.159139,SN II,0.5800,0.784392
SIM01054,29.802008,4.72392420,5.59997593,0.184708,SN II,0.5800,0.272793
SIM01055,3.678315,0.06778196,0.09309080,0.344482,SN II,0.5800,0.524774
SIM01056,30.488986,7.15979831,6.16109277,-0.163108,AGN flare,0.6700,0.336914
SIM01057,5.776922,0.75803616,0.78939143,0.044006,SN II,0.5800,0.369263
SIM01058,12.873783,2.06520497,2.74004161,0.306985,SN Ia,0.9100,0.848840
SIM01059,39.177005,2.74316718,2.52325455,-0.090728,SN II,0.5800,0.974199
SIM01060,9.068192,0.42074830,0.56609661,0.322170,SN II,0.5800,0.852732
SIM01061,15.585880,4.49000820,4.48576980,-0.001025,SN Ia,0.9100,0.192302
SIM01062,35.000359,1.54354262,2.05592553,0.311222,SN II,0.5800,0.439531
SIM01063,18.489057,2.03684099,1.45465351,-0.365494,SN II,0.5800,0.390056
SIM01064,17.688445,0.86595667,1.06761493,0.227296,SN Ia,0.9100,0.332954
SIM01065,30.901513,2.42157312,1.72964471,-0.365352,SN II,0.5800,0.674341
SIM01066,27.883445,1.59843364,2.07594101,0.283801,SN II,0.5800,0.909271
SIM01067,11.266973,1.65063601,1.52750048,-0.084175,SN II,0.5800,0.036396
SIM01068,15.314721,2.77098389,2.92899327,0.060211,SN Ia,0.9100,0.122342
SIM01069,10.363641,0.83870762,0.80033503,-0.050847,SN II,0.5800,0.902305
SIM01070,6.104146,0.52557372,0.68303927,0.284530,SN II,0.5800,0.243573
SIM01071,26.838716,1.24774300,1.56901148,0.248752,SN II,0.5800,0.810459
SIM01072,12.843963,2.16322146,3.00883329,0.358243,SN Ia,0.9100,0.054379
SIM01073,17.733947,1.92261093,2.39278076,0.237529,SN Ia,0.9100,0.842162
SIM01074,25.127425,3.77060377,2.91551548,-0.279239,SN II,0.5800,0.259988
SIM01075,34.118142,4.95804204,3.78626189,-0.292749,AGN flare,0.6700,0.461856
SIM01076,10.350336,0.24795983,0.18936330,-0.292714,SN II,0.5800,0.368929
SIM01077,20.033904,2.09715255,2.49851327,0.190129,SN Ia,0.9100,0.516105
SIM01078,44.200341,1.91992195,2.00747009,0.048414,SN II,0.5800,0.371813
SIM01079,38.892613,3.09920916,2.94561888,-0.055186,SN II,0.5800,0.335479
SIM01080,28.052079,2.64800645,2.01014988,-0.299226,SN II,0.5800,0.955222
SIM01081,17.252905,1.53958906,1.65105395,0.075891,SN Ia,0.9100,0.327565
SIM01082,15.451233,2.42539431,2.40644519,-0.008516,SN Ia,0.9100,0.956895
SIM01083,16.877578,1.23564028,1.43795948,0.164636,SN Ia,0.9100,0.664790
SIM01084,20.638625,1.71626926,2.15044125,0.244855,SN Ia,0.9100,0.457255
SIM01085,37.604101,3.59181076,2.58657563,-0.356471,SN II,0.5800,0.219711
SIM01086,43.266259,4.67499154,4.89898882,0.050814,AGN flare,0.6700,0.472343
SIM01087,9.691106,0.77141608,0.91466101,0.184929,SN II,0.5800,0.258715
SIM01088,29.360802,2.14271361,1.75734770,-0.215266,SN II,0.5800,0.509533
SIM01089,14.815436,1.20122426,1.24730993,0.040876,SN Ia,0.9100,0.616588
SIM01090,6.929193,0.56755588,0.61428341,0.085900,SN II,0.5800,0.616703
SIM01091,35.316833,2.41773368,2.44134456,0.010552,SN II,0.5800,0.830151
SIM01092,25.934162,3.54287889,3.59223975,0.015023,SN II,0.5800,0.969795
SIM01093,37.174852,2.06696043,2.33215151,0.131061,SN II,0.5800,0.033194
SIM01094,42.092070,6.38045746,5.66139147,-0.129822,AGN flare,0.6700,0.845808
SIM01095,8.796588,1.31409294,0.93435727,-0.370283,SN II,0.5800,0.890266
SIM01096,20.361213,4.82441313,5.17618664,0.076414,SN Ia,0.9100,0.862430
SIM01097,9.933628,1.34214936,0.96396446,-0.359350,SN II,0.5800,0.336573
SIM01098,3.907868,0.11649107,0.09139505,-0.263425,SN II,0.5800,0.159682
SIM01099,13.873619,2.04777224,2.73125241,0.312700,SN Ia,0.9100,0.870066
SIM01100,44.551490,3.94214544,3.53474399,-0.118437,SN II,0.5800,0.926497
SIM01101,36.670511,2.85645069,2.18244547,-0.292208,SN II,0.5800,0.925067
SIM01102,25.295195,5.23522582,4.19055500,-0.241660,SN II,0.5800,0.699317
SIM01103,21.415921,3.72533190,3.12069086,-0.192286,SN Ia,0.9100,0.956351
SIM01104,13.371266,3.18755137,2.78416798,-0.146904,SN Ia,0.9100,0.695032
SIM01105,18.428094,1.14005993,1.55941707,0.340087,SN Ia,0.9100,0.368210
SIM01106,23.433300,1.34097238,1.64602388,0.222541,SN Ia,0.9100,0.745144
SIM01107,39.540955,1.75951107,1.65957802,-0.063486,SN II,0.5800,0.732192
SIM01108,29.951453,3.06649683,2.47730641,-0.231657,SN II,0.5800,0.918543
SIM01109,21.760784,4.01340529,3.36524389,-0.191241,SN Ia,0.9100,0.722479
SIM01110,16.544949,1.62606216,1.45235820,-0.122659,SN Ia,0.9100,0.635610
SIM01111,22.225574,2.80107257,2.38769861,-0.173362,SN Ia,0.9100,0.437374
SIM01112,1.083647,0.01607666,0.02060223,0.269296,SN II,0.5800,0.552145
SIM01113,27.466450,2.09503552,2.60635009,0.237103,SN II,0.5800,0.292059
SIM01114,38.961851,5.33713270,6.78149687,0.260044,AGN flare,0.6700,0.436679
SIM01115,30.627319,3.25391516,2.50716170,-0.283060,SN II,0.5800,0.411944
SIM01116,23.420672,1.19395057,1.56000445,0.290349,SN Ia,0.9100,0.387991
SIM01117,7.552159,0.47873304,0.39876937,-0.198429,SN II,0.5800,0.475045
SIM01118,24.659573,2.96384020,3.81082294,0.272910,SN Ia,0.9100,0.016722
SIM01119,41.917858,0.91268742,1.12925144,0.231171,SN II,0.5800,0.569948
SIM01120,24.667809,2.81289647,2.57234147,-0.097063,SN Ia,0.9100,0.726928
SIM01121,11.043509,1.70540606,1.63745258,-0.044148,SN II,0.5800,0.479940
SIM01122,3.870456,0.29477241,0.23799060,-0.232318,SN II,0.5800,0.550683
SIM01123,33.254960,2.46573287,3.22834439,0.292585,SN II,0.5800,0.050491
SIM01124,11.930075,0.52728715,0.40095084,-0.297390,SN II,0.5800,0.489357
SIM01125,12.016197,1.09702722,1.05323644,-0.044229,SN Ia,0.9100,0.788489
SIM01126,32.799563,1.20708947,0.85194379,-0.378321,SN II,0.5800,0.329285
SIM01127,5.758159,0.71552619,0.99963203,0.363037,SN II,0.5800,0.209013
SIM01128,2.613368,0.11171829,0.15101599,0.327247,SN II,0.5800,0.392458
SIM01129,14.748669,1.50393757,1.59190359,0.061717,SN Ia,0.9100,0.440695
SIM01130,20.231811,5.17869849,5.35059011,0.035453,SN Ia,0.9100,0.178165
SIM01131,18.877720,3.44891521,4.00984844,0.163614,SN Ia,0.9100,0.559709
SIM01132,21.299490,2.20633712,2.40533192,0.093758,SN Ia,0.9100,0.864738
SIM01133,4.513489,0.33674694,0.46631839,0.353447,SN II,0.5800,0.013284
SIM01134,28.589727,5.45355203,5.61165960,0.031030,SN II,0.5800,0.130970
SIM01135,14.209921,3.05985278,2.58008276,-0.185167,SN Ia,0.9100,0.642614
SIM01136,29.896959,1.70159895,1.71714621,0.009875,SN II,0.5800,0.324991
SIM01137,27.277084,1.46925644,1.71791965,0.169763,SN II,0.5800,0.286929
SIM01138,35.789169,2.69680189,3.41329797,0.255813,SN II,0.5800,0.115575
SIM01139,33.169857,2.46826230,1.77124869,-0.360279,SN II,0.5800,0.724045
SIM01140,17.222947,1.29557879,1.36155936,0.053932,SN Ia,0.9100,0.414933
SIM01141,6.383516,0.40849053,0.56251987,0.347390,SN II,0.5800,0.383094
SIM01142,20.154118,2.94176651,2.72184036,-0.084364,SN Ia,0.9100,0.646253
SIM01143,37.633101,3.75897516,3.36483298,-0.120265,SN II,0.5800,0.109529
SIM01144,2.856524,0.15452764,0.13013083,-0.186565,kilonova,0.7200,0.440481
SIM01145,34.564139,1.42894580,1.51964780,0.066818,SN II,0.5800,0.425378
SIM01146,42.293746,3.23309495,3.53246616,0.096149,SN II,0.5800,0.416231
SIM01147,2.489794,0.12149778,0.11079959,-0.100075,kilonova,0.7200,0.586127
SIM01148,32.255046,2.41659452,1.87631389,-0.274746,SN II,0.5800,0.301542
SIM01149,32.497762,1.21163860,0.95555902,-0.257789,SN II,0.5800,0.473367
SIM01150,1.695357,0.01580866,0.01196786,-0.302197,kilonova,0.7200,0.090532
SIM01151,9.557090,0.60901110,0.77636336,0.263600,SN II,0.5800,0.416867
SIM01152,12.082607,1.47970825,1.08438402,-0.337482,SN II,0.5800,0.742194
SIM01153,5.293786,0.50538940,0.56520168,0.121443,SN II,0.5800,0.863273
SIM01154,5.419237,0.22732485,0.25263187,0.114603,SN II,0.5800,0.721017
SIM01155,13.223897,1.07923824,1.08567679,0.006458,SN Ia,0.9100,0.281638
SIM01156,26.769840,1.81754528,2.08970438,0.151499,SN II,0.5800,0.085554
SIM01157,36.251866,2.23233679,1.74223743,-0.269131,SN II,0.5800,0.508781
SIM01158,23.170786,3.30297866,3.26522221,-0.012483,SN Ia,0.9100,0.892578
SIM01159,13.047621,3.95340072,5.50768979,0.359997,SN Ia,0.9100,0.943272
SIM01160,12.316188,2.45080483,2.06553513,-0.185690,SN Ia,0.9100,0.997515
SIM01161,29.497762,4.91635834,3.71513728,-0.304172,SN II,0.5800,0.863311
SIM01162,8.720004,0.73445441,0.61384733,-0.194761,SN II,0.5800,0.462554
SIM01163,32.397664,2.06864463,1.59935738,-0.279351,SN II,0.5800,0.475640
SIM01164,29.575946,1.85471250,1.54640663,-0.197382,SN II,0.5800,0.960160
SIM01165,18.205648,1.97027578,2.33936519,0.186428,SN Ia,0.9100,0.740434
SIM01166,29.609444,3.20665463,3.40158353,0.064072,SN II,0.5800,0.187921
SIM01167,42.774852,6.60419951,9.21149933,0.361275,AGN flare,0.6700,0.465582
SIM01168,37.920552,2.93030137,3.51776936,0.198388,SN II,0.5800,0.938577
SIM01169,37.668893,3.46297350,4.33289711,0.243323,AGN flare,0.6700,0.475307
SIM01170,14.749312,2.29727721,2.96331377,0.276411,SN Ia,0.9100,0.844647
SIM01171,30.456512,1.19221590,1.30856978,0.101105,SN II,0.5800,0.212018
SIM01172,15.808828,0.66973332,0.80497255,0.199698,SN Ia,0.9100,0.223647
SIM01173,38.307816,3.70623442,3.37947723,-0.100208,SN II,0.5800,0.267499
SIM01174,18.372221,0.98364806,0.95013764,-0.037633,SN Ia,0.9100,0.012637
SIM01175,38.907173,1.11475301,1.52972692,0.343588,SN II,0.5800,0.228425
SIM01176,12.131563,0.34208633,0.40942350,0.195093,SN Ia,0.9100,0.582001
SIM01177,23.177870,1.59432475,2.19867159,0.348959,SN Ia,0.9100,0.372237
SIM01178,44.535760,2.52201138,3.26273591,0.279587,SN II,0.5800,0.021032
SIM01179,32.284688,5.70069663,6.18440370,0.088425,AGN flare,0.6700,0.812856
SIM01180,7.792789,0.56273974,0.55115631,-0.022582,SN II,0.5800,0.191285
SIM01181,32.165227,4.88949492,5.57286475,0.142036,AGN flare,0.6700,0.599187
SIM01182,41.563927,4.76878107,4.42679047,-0.080796,AGN flare,0.6700,0.927843
SIM01183,17.328588,1.01313744,1.21015872,0.192935,SN Ia,0.9100,0.931308
SIM01184,29.410316,6.10355214,7.59596025,0.237500,SN II,0.5800,0.445445
SIM01185,21.318780,2.99055976,2.32324393,-0.274144,SN II,0.5800,0.619656
SIM01186,36.594702,2.82759180,3.74596757,0.305368,SN II,0.5800,0.127656
SIM01187,6.972634,0.48740376,0.66510724,0.337507,SN II,0.5800,0.996709
SIM01188,20.607476,4.45345037,3.65809577,-0.213604,SN II,0.5800,0.971800
SIM01189,8.677440,0.41652163,0.29676437,-0.368065,SN II,0.5800,0.480751
SIM01190,19.130607,3.70034038,4.79133849,0.280538,SN Ia,0.9100,0.779770
SIM01191,26.796626,1.72301242,1.79889009,0.046791,SN II,0.5800,0.395079
SIM01192,29.406340,2.65518440,2.98647423,0.127660,SN II,0.5800,0.996539
SIM01193,9.912959,0.37324969,0.28577534,-0.289937,SN II,0.5800,0.055459
SIM01194,19.606787,4.74256020,6.52704801,0.346760,SN Ia,0.9100,0.836952
SIM01195,26.778272,1.49365756,1.44656157,-0.034785,SN II,0.5800,0.261654
SIM01196,28.311118,1.67376867,1.61166793,-0.041050,SN II,0.5800,0.491982
SIM01197,18.793133,1.75506796,2.21182250,0.251141,SN Ia,0.9100,0.598177
SIM01198,6.095020,0.77741540,1.08109455,0.358026,SN II,0.5800,0.758502
SIM01199,3.013676,0.21970673,0.19632735,-0.122156,SN II,0.5800,0.920075
SIM01200,37.347780,3.39695102,3.74982127,0.107303,SN II,0.5800,0.378888
SIM01201,14.022587,2.81487614,2.62422683,-0.076145,SN Ia,0.9100,0.543025
SIM01202,41.847004,5.17782361,5.67606474,0.099750,AGN flare,0.6700,0.992211
SIM01203,2.281852,0.07406695,0.08952980,0.205858,SN II,0.5800,0.968727
SIM01204,28.425085,3.76568799,4.04201426,0.076884,SN II,0.5800,0.704950
SIM01205,42.665711,1.04059147,1.36676680,0.296035,SN II,0.5800,0.059652
SIM01206,35.772683,1.71606967,2.16263187,0.251119,SN II,0.5800,0.238091
SIM01207,17.773567,2.08225991,2.22833539,0.073614,SN Ia,0.9100,0.605609
SIM01208,15.321607,3.59218408,4.47383899,0.238304,SN Ia,0.9100,0.951754
SIM01209,11.876904,1.30779987,1.23227320,-0.064586,SN II,0.5800,0.803408
SIM01210,8.698983,1.28416632,1.73985304,0.329728,SN II,0.5800,0.018615
SIM01211,12.911813,2.53680420,2.06551655,-0.223146,SN II,0.5800,0.840803
SIM01212,18.476173,4.13888192,3.08336926,-0.319644,SN II,0.5800,0.329513
SIM01213,7.854885,0.32450871,0.38633675,0.189349,SN II,0.5800,0.580411
SIM01214,6.359116,0.71358941,0.57102531,-0.241983,SN II,0.5800,0.820451
SIM01215,37.114373,3.33803209,4.23015298,0.257164,AGN flare,0.6700,0.229113
SIM01216,1.044051,0.03126434,0.02402077,-0.286156,kilonova,0.7200,0.766438
SIM01217,35.018763,5.42974588,7.54387311,0.357037,AGN flare,0.6700,0.327779
SIM01218,37.692689,3.85478797,4.54266628,0.178276,AGN flare,0.6700,0.684365
SIM01219,38.348746,2.59381392,2.27257859,-0.143550,SN II,0.5800,0.542789
SIM01220,6.954994,1.28249549,1.11525641,-0.151703,SN II,0.5800,0.697233
SIM01221,30.620590,2.45066281,3.03007035,0.230423,SN II,0.5800,0.306336
SIM01222,5.319337,0.36578258,0.37554587,0.028600,SN II,0.5800,0.815333
SIM01223,8.022597,0.33959622,0.44687584,0.298060,SN II,0.5800,0.161865
SIM01224,4.230190,0.16105615,0.18802331,0.168086,SN II,0.5800,0.083461
SIM01225,11.861421,2.57158518,2.53670298,-0.014828,SN II,0.5800,0.449588
SIM01226,2.367506,0.04395044,0.05502945,0.244080,SN II,0.5800,0.714236
SIM01227,35.512926,4.29353095,3.38782789,-0.257233,AGN flare,0.6700,0.385065
SIM01228,13.889436,1.76477140,1.49988813,-0.176574,SN Ia,0.9100,0.325349
SIM01229,13.426093,2.97065708,3.07890120,0.038858,SN Ia,0.9100,0.379848
SIM01230,41.550985,4.60836706,5.05436823,0.100300,AGN flare,0.6700,0.862511
SIM01231,12.281727,0.58130957,0.61118150,0.054407,SN Ia,0.9100,0.768460
SIM01232,7.887936,1.11392275,1.15494872,0.039269,SN II,0.5800,0.382382
SIM01233,37.935270,4.12420300,3.24351752,-0.260809,AGN flare,0.6700,0.636554
SIM01234,33.577967,6.03949426,5.52853150,-0.095977,AGN flare,0.6700,0.514962
SIM01235,13.661779,1.63296604,2.18581204,0.316589,SN Ia,0.9100,0.905922
SIM01236,41.758587,4.86128876,3.87569393,-0.246005,AGN flare,0.6700,0.921088
SIM01237,29.172038,4.33798439,6.04552040,0.360364,SN II,0.5800,0.025013
SIM01238,38.304664,3.86050311,4.94177879,0.268098,AGN flare,0.6700,0.213645
SIM01239,34.110436,2.88368779,2.41537425,-0.192410,SN II,0.5800,0.800072
SIM01240,33.161290,2.68197539,2.29281578,-0.170214,SN II,0.5800,0.375229
SIM01241,19.246042,4.30620675,5.86333605,0.335125,SN Ia,0.9100,0.633218
SIM01242,17.085091,0.60937177,0.64788082,0.066532,SN Ia,0.9100,0.583222
SIM01243,20.677866,4.03711885,3.81792193,-0.060611,SN Ia,0.9100,0.418104
SIM01244,8.557278,1.48713926,1.60600367,0.083487,SN II,0.5800,0.425830
SIM01245,12.001439,1.16671462,1.18117470,0.013374,SN Ia,0.9100,0.979298
SIM01246,25.775331,0.97567435,0.79168208,-0.226885,SN II,0.5800,0.345816
SIM01247,35.428821,3.34868434,4.17314603,0.238973,AGN flare,0.6700,0.441632
SIM01248,24.650347,1.49125426,1.11297773,-0.317663,SN II,0.5800,0.667544
SIM01249,31.320544,4.33288173,5.51995594,0.262897,AGN flare,0.6700,0.301937
SIM01250,3.945077,0.26758036,0.22933448,-0.167462,SN II,0.5800,0.043846
SIM01251,22.432062,1.71084909,1.94671638,0.140227,SN Ia,0.9100,0.279178
SIM01252,20.610050,1.20471938,0.99631201,-0.206226,SN II,0.5800,0.815658
SIM01253,20.945297,2.96243912,3.74685608,0.255044,SN Ia,0.9100,0.595840
SIM01254,29.777862,3.13966715,2.61675266,-0.197802,SN II,0.5800,0.973764
SIM01255,30.575832,4.07532438,3.13845748,-0.283615,AGN flare,0.6700,0.334442
SIM01256,11.148927,0.79250913,0.80142257,0.012143,SN II,0.5800,0.868581
SIM01257,35.433767,3.21131628,2.77011843,-0.160462,SN II,0.5800,0.704318
SIM01258,14.140842,1.97628561,2.43563434,0.226906,SN Ia,0.9100,0.573028
SIM01259,36.879011,4.48228626,6.23291881,0.357980,AGN flare,0.6700,0.009961
SIM01260,39.600952,1.49683468,1.45461255,-0.031066,SN II,0.5800,0.769869
SIM01261,14.861513,1.76648126,1.91704071,0.088806,SN Ia,0.9100,0.755646
SIM01262,22.530624,1.78242774,1.51983846,-0.173036,SN Ia,0.9100,0.471823
SIM01263,1.024184,0.01279141,0.01579641,0.229100,SN II,0.5800,0.636445
SIM01264,20.501992,4.35947710,3.68027221,-0.183886,SN Ia,0.9100,0.535137
SIM01265,27.305904,2.68076221,2.45964756,-0.093464,SN II,0.5800,0.342970
SIM01266,5.220979,0.37661693,0.41590511,0.107736,SN II,0.5800,0.172956
SIM01267,33.192852,2.36380316,1.89908803,-0.237666,SN II,0.5800,0.096433
SIM01268,12.076053,1.12348119,1.48170640,0.300491,SN Ia,0.9100,0.938370
SIM01269,13.468389,2.85776444,3.12297691,0.096356,SN Ia,0.9100,0.254923
SIM01270,42.780828,2.04661711,1.90555345,-0.077539,SN II,0.5800,0.321026
SIM01271,9.732361,1.47431415,1.05666865,-0.361628,SN II,0.5800,0.835780
SIM01272,14.594170,1.22004183,1.08659497,-0.125768,SN Ia,0.9100,0.212109
SIM01273,6.134600,0.22225495,0.18353526,-0.207830,SN II,0.5800,0.250079
SIM01274,26.446533,2.34265988,2.50232340,0.071585,SN II,0.5800,0.774132
SIM01275,32.858173,4.10359135,5.14544724,0.245648,AGN flare,0.6700,0.561765
SIM01276,21.924440,1.32805177,1.75287246,0.301338,SN Ia,0.9100,0.608332
SIM01277,5.339712,0.83266886,0.60245259,-0.351374,SN II,0.5800,0.700584
SIM01278,11.480722,2.06447938,1.95172202,-0.060981,SN II,0.5800,0.498328
SIM01279,30.272227,2.44124886,2.43552954,-0.002547,SN II,0.5800,0.982514
SIM01280,9.257566,0.56465160,0.50361514,-0.124204,SN II,0.5800,0.117728
SIM01281,7.552105,0.44538520,0.55955617,0.247770,SN II,0.5800,0.096317
SIM01282,28.411897,2.63452327,2.24520794,-0.173614,SN II,0.5800,0.764905
SIM01283,21.690189,3.61412656,3.53673301,-0.023503,SN Ia,0.9100,0.957544
SIM01284,16.130095,5.12932604,4.30966930,-0.189041,SN Ia,0.9100,0.545794
SIM01285,42.413834,2.44719514,3.03929323,0.235260,SN II,0.5800,0.749358
SIM01286,27.434443,2.66340201,2.05521427,-0.281449,SN II,0.5800,0.783560
SIM01287,32.822135,3.20974305,3.16934043,-0.013753,SN II,0.5800,0.750748
SIM01288,2.907674,0.15400672,0.19439350,0.252855,SN II,0.5800,0.471578
SIM01289,36.743549,2.66248431,1.91073707,-0.360215,SN II,0.5800,0.489260
SIM01290,4.484124,0.47020121,0.46905021,-0.002661,SN II,0.5800,0.974295
SIM01291,42.657105,2.45894131,2.93320789,0.191487,SN II,0.5800,0.727541
SIM01292,27.660816,2.09292892,2.10753051,0.007548,SN II,0.5800,0.595014
SIM01293,36.847323,1.05332829,1.41816423,0.322907,SN II,0.5800,0.270528
SIM01294,2.809606,0.09889335,0.12043606,0.213974,SN II,0.5800,0.209899
SIM01295,7.445847,1.22004469,1.35195182,0.111464,SN II,0.5800,0.131172
SIM01296,19.185865,1.66169678,1.65072520,-0.007192,SN Ia,0.9100,0.057035
SIM01297,44.900691,2.53527072,3.26756984,0.275501,SN II,0.5800,0.731711
SIM01298,2.859712,0.13938721,0.14550253,0.046619,kilonova,0.7200,0.145201
SIM01299,23.538443,2.36163920,3.10150635,0.295898,SN Ia,0.9100,0.419946
SIM01300,12.710025,1.07352308,1.23802586,0.154796,SN Ia,0.9100,0.569856
SIM01301,40.161676,3.33954572,4.64943241,0.359281,AGN flare,0.6700,0.215199
SIM01302,1.729959,0.02614517,0.02057051,-0.260366,kilonova,0.7200,0.418158
SIM01303,2.524033,0.13175872,0.17328379,0.297446,SN II,0.5800,0.697499
SIM01304,33.113351,3.35765770,4.06403229,0.207302,AGN flare,0.6700,0.206060
SIM01305,25.413120,4.77838519,3.90601042,-0.218869,SN II,0.5800,0.344085
SIM01306,37.267896,7.10656012,5.56316151,-0.265844,AGN flare,0.6700,0.210166
SIM01307,5.691625,0.69585053,0.80278316,0.155206,SN II,0.5800,0.779529
SIM01308,23.701847,5.04639604,5.82251440,0.155323,SN Ia,0.9100,0.655999
SIM01309,26.906476,4.26847426,4.69877035,0.104279,SN II,0.5800,0.128981
SIM01310,19.737828,2.28481574,2.49659255,0.096241,SN Ia,0.9100,0.361711
SIM01311,18.209814,1.96710156,2.71523220,0.349950,SN Ia,0.9100,0.090335
SIM01312,1.744912,0.04776340,0.04844310,0.015342,kilonova,0.7200,0.591812
SIM01313,17.147956,0.68900598,0.90374397,0.294556,SN Ia,0.9100,0.938998
SIM01314,13.580379,1.36087322,1.00819509,-0.325683,SN II,0.5800,0.892659
SIM01315,37.804393,1.60394099,1.90665207,0.187708,SN II,0.5800,0.796726
SIM01316,21.664857,1.73691817,2.18640644,0.249879,SN Ia,0.9100,0.863532
SIM01317,38.750573,1.95868900,2.72187470,0.357257,SN II,0.5800,0.715172
SIM01318,21.206160,0.78887963,0.95634300,0.209007,SN Ia,0.9100,0.068601
SIM01319,36.593712,3.85328740,5.10215337,0.304805,AGN flare,0.6700,0.932616
SIM01320,28.130052,1.91082830,1.90061941,-0.005816,SN II,0.5800,0.249579
SIM01321,41.861578,2.23291149,1.92087280,-0.163432,SN II,0.5800,0.342617
SIM01322,26.208760,2.38739430,3.03047151,0.258965,SN II,0.5800,0.181782
SIM01323,32.685337,4.11194379,5.61795007,0.338827,AGN flare,0.6700,0.327461
SIM01324,27.666578,1.57514230,1.78984001,0.138736,SN II,0.5800,0.638163
SIM01325,16.073449,0.53945440,0.58926587,0.095891,SN Ia,0.9100,0.171132
SIM01326,14.468389,3.31296218,3.51402143,0.063970,SN Ia,0.9100,0.254663
SIM01327,26.779240,3.21106662,2.59845506,-0.229835,SN II,0.5800,0.262000
SIM01328,20.300043,2.50647924,2.09204879,-0.196231,SN Ia,0.9100,0.131695
SIM01329,10.402672,0.84632240,1.04246157,0.226311,SN II,0.5800,0.403794
SIM01330,21.903917,3.46182788,4.61194540,0.311447,SN Ia,0.9100,0.425490
SIM01331,41.536125,3.54128781,3.78119808,0.071171,SN II,0.5800,0.681953
SIM01332,17.778324,1.01576015,1.34053571,0.301218,SN Ia,0.9100,0.359571
SIM01333,31.739239,3.31116723,2.79730465,-0.183103,SN II,0.5800,0.177082
SIM01334,15.795231,2.79828682,1.96345695,-0.384677,SN II,0.5800,0.710775
SIM01335,20.057868,0.95657764,0.81130552,-0.178839,SN Ia,0.9100,0.822858
SIM01336,25.200844,1.77636146,1.60552154,-0.109788,SN II,0.5800,0.280118
SIM01337,16.238528,4.09634236,4.86923175,0.187660,SN Ia,0.9100,0.884925
SIM01338,29.772457,0.81563349,0.66475198,-0.222089,SN II,0.5800,0.258083
SIM01339,24.245764,4.82539377,4.82919036,0.000854,SN Ia,0.9100,0.242142
SIM01340,44.195566,3.31846457,2.42973101,-0.338447,SN II,0.5800,0.981906
SIM01341,12.267042,1.19527983,1.38311204,0.158469,SN Ia,0.9100,0.356417
SIM01342,40.112481,1.27929226,1.07359371,-0.190325,SN II,0.5800,0.805704
SIM01343,44.058467,4.49151764,4.03099979,-0.117451,AGN flare,0.6700,0.272473
SIM01344,4.816684,0.22181099,0.25035247,0.131422,SN II,0.5800,0.349924
SIM01345,9.215068,1.39323835,1.21688711,-0.146938,SN II,0.5800,0.164607
SIM01346,28.695636,4.01650255,3.31657629,-0.207895,SN II,0.5800,0.874173
SIM01347,5.877002,0.18893656,0.20020939,0.062921,SN II,0.5800,0.476357
SIM01348,25.358994,6.03350944,6.20138674,0.029797,SN II,0.5800,0.041946
SIM01349,37.557790,1.08947713,0.87175928,-0.242054,SN II,0.5800,0.602234
SIM01350,35.404039,1.39483818,1.80737531,0.281311,SN II,0.5800,0.689109
SIM01351,5.772158,0.72000753,0.70991982,-0.015319,SN II,0.5800,0.155293
SIM01352,29.996042,1.47366386,1.20147117,-0.221713,SN II,0.5800,0.402494
SIM01353,6.583646,0.50639795,0.55019012,0.090052,SN II,0.5800,0.403749
SIM01354,36.207197,1.33788899,1.81062111,0.328519,SN II,0.5800,0.864301
SIM01355,41.515196,4.41653585,5.52637584,0.243397,AGN flare,0.6700,0.572524
SIM01356,6.172650,0.17967032,0.23583315,0.295321,SN II,0.5800,0.322030
SIM01357,18.929569,1.44192261,1.72174619,0.192568,SN Ia,0.9100,0.795568
SIM01358,36.029137,3.78827387,3.03749900,-0.239813,SN II,0.5800,0.761583
SIM01359,31.500285,2.31242074,1.86742841,-0.232057,SN II,0.5800,0.831881
SIM01360,21.267868,3.23439413,2.99127483,-0.084842,SN Ia,0.9100,0.513246
SIM01361,33.805916,4.03720846,4.78569148,0.184659,AGN flare,0.6700,0.403693
SIM01362,38.904694,4.58049280,4.36866393,-0.051409,AGN flare,0.6700,0.273756
SIM01363,39.938291,3.38965324,2.57374208,-0.298976,SN II,0.5800,0.195091
SIM01364,43.425506,1.94048677,2.07680206,0.073711,SN II,0.5800,0.553981
SIM01365,24.738624,3.03803749,2.31800991,-0.293695,SN II,0.5800,0.919835
SIM01366,5.527914,0.27450656,0.31528963,0.150392,SN II,0.5800,0.806705
SIM01367,31.474699,2.35957923,1.66929269,-0.375755,SN II,0.5800,0.236906
SIM01368,35.271709,2.02150992,2.50515172,0.232895,SN II,0.5800,0.156258
SIM01369,24.209159,6.05646638,5.92673722,-0.023509,SN Ia,0.9100,0.478927
SIM01370,13.225812,3.61053403,4.24701737,0.176281,SN Ia,0.9100,0.304197
SIM01371,33.200379,4.49349627,4.28991987,-0.050338,AGN flare,0.6700,0.881565
SIM01372,31.124529,3.40479082,4.30165565,0.253863,AGN flare,0.6700,0.529138
SIM01373,43.250396,1.91195281,2.29412020,0.197847,SN II,0.5800,0.489399
SIM01374,38.394189,1.53027524,1.83592722,0.197715,SN II,0.5800,0.823383
SIM01375,17.407720,4.57150172,3.34501238,-0.339153,SN II,0.5800,0.123148
SIM01376,4.359061,0.21881636,0.19316555,-0.135375,SN II,0.5800,0.447616
SIM01377,4.439377,0.55706516,0.60779031,0.094619,SN II,0.5800,0.444438
SIM01378,14.569903,1.81216792,2.50594032,0.351931,SN Ia,0.9100,0.956145
SIM01379,32.975152,2.29470777,1.80494701,-0.260657,SN II,0.5800,0.345574
SIM01380,6.550985,0.78738150,1.01108549,0.271507,SN II,0.5800,0.958726
SIM01381,10.751764,0.36420766,0.32471573,-0.124614,SN II,0.5800,0.056497
SIM01382,24.238369,2.90065457,3.16966054,0.096292,SN Ia,0.9100,0.597351
SIM01383,14.193847,3.00488015,3.60584084,0.197948,SN Ia,0.9100,0.471107
SIM01384,21.410409,0.97492725,1.00047279,0.028083,SN Ia,0.9100,0.616217
SIM01385,9.189008,2.06286926,2.67657654,0.282770,SN II,0.5800,0.816103
SIM01386,22.487745,1.34075130,1.63080080,0.212632,SN Ia,0.9100,0.984615
SIM01387,5.895031,0.15181631,0.14338700,-0.062022,SN II,0.5800,0.597671
SIM01388,5.942196,0.52219333,0.69765009,0.314516,SN II,0.5800,0.329255
SIM01389,14.435033,1.86019466,2.06969550,0.115870,SN Ia,0.9100,0.825610
SIM01390,3.774044,0.26222438,0.36414903,0.356515,SN II,0.5800,0.936610
SIM01391,5.570982,0.55199937,0.59307405,0.077926,SN II,0.5800,0.956948
SIM01392,12.152957,1.01734974,0.90000096,-0.133068,SN Ia,0.9100,0.560643
SIM01393,16.866454,3.91284009,5.33250972,0.336099,SN Ia,0.9100,0.877041
SIM01394,12.296381,0.91505775,0.90725093,-0.009303,SN Ia,0.9100,0.944133
SIM01395,12.201413,1.42865232,1.23669151,-0.156663,SN Ia,0.9100,0.708399
SIM01396,29.710064,2.59333279,1.94513463,-0.312271,SN II,0.5800,0.696536
SIM01397,16.328803,0.64129962,0.89680508,0.364093,SN Ia,0.9100,0.799678
SIM01398,21.187966,6.14973477,8.29276491,0.324607,SN Ia,0.9100,0.532527
SIM01399,13.096257,2.76216418,3.34545396,0.208014,SN Ia,0.9100,0.669771
SIM01400,38.088601,3.13869054,4.06186768,0.279943,AGN flare,0.6700,0.199143
SIM01401,38.791787,1.46983448,1.62035169,0.105852,SN II,0.5800,0.146311
SIM01402,41.567922,1.85215760,1.83012840,-0.012991,SN II,0.5800,0.591389
SIM01403,19.877361,0.56947975,0.68294527,0.197269,SN Ia,0.9100,0.131858
SIM01404,12.240312,3.05223574,4.02015654,0.299062,SN Ia,0.9100,0.174497
SIM01405,1.228332,0.03144699,0.03003677,-0.049815,kilonova,0.7200,0.018525
SIM01406,19.985953,2.10049181,2.91224216,0.354766,SN Ia,0.9100,0.209350
SIM01407,4.301876,0.16342194,0.13990027,-0.168730,SN II,0.5800,0.439194
SIM01408,44.387237,1.92969003,1.99263605,0.034851,SN II,0.5800,0.162331
SIM01409,18.701066,2.55960663,3.21859593,0.248733,SN Ia,0.9100,0.184366
SIM01410,5.467606,0.42776295,0.57435599,0.319945,SN II,0.5800,0.105132
SIM01411,33.834528,3.41321298,2.69580647,-0.256187,SN II,0.5800,0.611863
SIM01412,34.362900,3.13533022,3.69967502,0.179701,SN II,0.5800,0.609382
SIM01413,19.626163,1.62907288,1.76734160,0.088450,SN Ia,0.9100,0.896477
SIM01414,44.772019,2.65423722,2.27180577,-0.168921,SN II,0.5800,0.630464
SIM01415,33.491721,2.87883372,4.02879446,0.364896,AGN flare,0.6700,0.391505
SIM01416,42.308067,3.48821531,4.55773168,0.290364,AGN flare,0.6700,0.203355
SIM01417,16.203024,1.70153148,1.55575670,-0.097246,SN Ia,0.9100,0.476488
SIM01418,33.773255,5.88798637,6.88157365,0.169302,AGN flare,0.6700,0.001510
SIM01419,4.138345,0.09475514,0.06812159,-0.358295,SN II,0.5800,0.525981
SIM01420,28.833718,3.06392476,3.03182723,-0.011434,SN II,0.5800,0.959939
SIM01421,16.743432,2.80563014,2.48047126,-0.133741,SN Ia,0.9100,0.779835
SIM01422,1.176929,0.01086311,0.01431216,0.299377,SN II,0.5800,0.500593
SIM01423,2.607089,0.08161839,0.10334247,0.256227,SN II,0.5800,0.109063
SIM01424,35.288619,2.98604116,2.97050190,-0.005665,SN II,0.5800,0.438400
SIM01425,44.582709,7.07100270,8.59138315,0.211455,AGN flare,0.6700,0.700168
SIM01426,7.227879,0.40421624,0.47338843,0.171510,SN II,0.5800,0.630655
SIM01427,14.759945,2.17923466,2.33709521,0.075931,SN Ia,0.9100,0.019788
SIM01428,15.981309,0.87226633,1.20777579,0.353343,SN Ia,0.9100,0.902936
SIM01429,36.848791,1.21006567,0.94156931,-0.272392,SN II,0.5800,0.725805
SIM01430,36.614144,6.03801113,4.73730768,-0.263406,AGN flare,0.6700,0.013373
SIM01431,5.085518,0.67619981,0.71764980,0.064594,SN II,0.5800,0.234615
SIM01432,38.706435,1.40981860,0.98875048,-0.385191,SN II,0.5800,0.982869
SIM01433,19.260266,4.85158625,5.36925704,0.110076,SN Ia,0.9100,0.986943
SIM01434,35.078141,7.86938217,5.96076348,-0.301597,AGN flare,0.6700,0.750605
SIM01435,10.955665,0.84086264,1.17045021,0.359070,SN II,0.5800,0.060305
SIM01436,20.135831,2.46930123,2.58606915,0.050165,SN Ia,0.9100,0.701893
SIM01437,23.885595,3.32504392,3.28981529,-0.011565,SN Ia,0.9100,0.744416
SIM01438,31.916359,3.80448416,4.92215893,0.279650,AGN flare,0.6700,0.737198
SIM01439,26.222724,3.13386056,2.36222790,-0.306895,SN II,0.5800,0.097106
SIM01440,14.698386,0.50221658,0.60355797,0.199570,SN Ia,0.9100,0.731367
SIM01441,28.094126,2.72330332,3.48061538,0.266400,SN II,0.5800,0.619194
SIM01442,11.006992,1.24710476,1.10778080,-0.128623,SN II,0.5800,0.148561
SIM01443,39.052677,5.75744390,4.72367014,-0.214875,AGN flare,0.6700,0.264181
SIM01444,23.410591,1.11290536,1.19977417,0.081603,SN Ia,0.9100,0.481785
SIM01445,41.022683,4.10541938,4.55539846,0.112922,AGN flare,0.6700,0.785343
SIM01446,17.121033,1.51175924,1.89679357,0.246344,SN Ia,0.9100,0.126694
SIM01447,5.922552,0.36172507,0.28638842,-0.253558,SN II,0.5800,0.019972
SIM01448,22.742626,0.88207460,0.85342982,-0.035844,SN Ia,0.9100,0.205215
SIM01449,1.108693,0.00866495,0.00803210,-0.082343,kilonova,0.7200,0.414491
SIM01450,16.834124,0.78389558,1.00816299,0.273181,SN Ia,0.9100,0.738253
SIM01451,22.687558,0.83448928,1.11020822,0.309959,SN Ia,0.9100,0.457228
SIM01452,10.034398,2.32729877,1.82816674,-0.262091,SN II,0.5800,0.501063
SIM01453,25.695009,1.37070730,1.55269456,0.135353,SN II,0.5800,0.673523
SIM01454,28.652184,3.25837884,2.43785189,-0.314986,SN II,0.5800,0.016145
SIM01455,37.852752,7.04269764,5.30458684,-0.307719,AGN flare,0.6700,0.769351
SIM01456,8.560457,0.45883302,0.59739165,0.286511,SN II,0.5800,0.819061
SIM01457,37.635923,4.31226242,3.80364879,-0.136262,AGN flare,0.6700,0.574169
SIM01458,30.627685,1.96343695,1.51214445,-0.283559,SN II,0.5800,0.796638
SIM01459,9.109641,0.40318828,0.46292918,0.150017,SN II,0.5800,0.637153
SIM01460,24.085955,5.83677275,4.94276207,-0.180508,SN Ia,0.9100,0.534690
SIM01461,8.453408,0.34204784,0.25786925,-0.306718,SN II,0.5800,0.350254
SIM01462,40.004290,1.94905076,1.66317775,-0.172211,SN II,0.5800,0.591573
SIM01463,24.308775,0.69980525,0.76711249,0.099705,SN Ia,0.9100,0.601185
SIM01464,4.536148,0.25304164,0.28150244,0.115725,SN II,0.5800,0.529658
SIM01465,15.962705,2.97051200,2.95931273,-0.004101,SN Ia,0.9100,0.540236
SIM01466,37.944607,6.91094003,7.44353141,0.080605,AGN flare,0.6700,0.716853
SIM01467,29.078910,8.11696817,10.00008776,0.226525,SN II,0.5800,0.216428
SIM01468,26.013919,2.04263574,2.54720923,0.239684,SN II,0.5800,0.221146
SIM01469,32.227871,3.03208254,3.62234621,0.193122,SN II,0.5800,0.724833
SIM01470,44.545218,6.81478725,6.02914306,-0.132992,AGN flare,0.6700,0.669184
SIM01471,22.802624,4.36834840,4.15087723,-0.055443,SN Ia,0.9100,0.025886
SIM01472,21.686296,2.36309390,1.82823858,-0.278620,SN II,0.5800,0.484006
SIM01473,4.104883,0.12941909,0.12213279,-0.062915,SN II,0.5800,0.500086
SIM01474,24.324980,1.53383095,1.09344580,-0.367451,SN II,0.5800,0.559406
SIM01475,43.686135,1.91424037,1.76797594,-0.086300,SN II,0.5800,0.742487
SIM01476,22.701671,1.67561726,1.32854810,-0.251994,SN II,0.5800,0.206151
SIM01477,17.231275,1.82711153,2.51407172,0.346532,SN Ia,0.9100,0.439221
SIM01478,26.325651,5.94483382,6.63607474,0.119429,SN II,0.5800,0.828244
SIM01479,15.713855,1.49032269,1.60067891,0.077560,SN Ia,0.9100,0.582114
SIM01480,3.932368,0.23154499,0.26629708,0.151828,SN II,0.5800,0.283633
SIM01481,41.399526,1.97957098,2.62435830,0.306130,SN II,0.5800,0.222649
SIM01482,12.920985,2.60882469,2.03723961,-0.268507,SN II,0.5800,0.210385
SIM01483,36.014783,1.46439545,1.82777330,0.240660,SN II,0.5800,0.712708
SIM01484,35.898040,2.64424438,2.51177724,-0.055801,SN II,0.5800,0.814191
SIM01485,21.753658,4.23567920,3.72936759,-0.138220,SN Ia,0.9100,0.150674
SIM01486,22.844564,0.83834329,1.10010874,0.295034,SN Ia,0.9100,0.573821
SIM01487,38.978439,1.85622977,1.90822619,0.029995,SN II,0.5800,0.107822
SIM01488,12.591572,3.09444176,3.26858568,0.059444,SN Ia,0.9100,0.609496
SIM01489,38.877925,5.63172123,4.14067354,-0.333925,AGN flare,0.6700,0.871829
SIM01490,8.246273,0.32008491,0.33881686,0.061750,SN II,0.5800,0.582568
SIM01491,21.249668,1.59735835,1.92104864,0.200340,SN Ia,0.9100,0.537502
SIM01492,14.593953,4.23504063,5.69900603,0.322354,SN Ia,0.9100,0.984908
SIM01493,4.032946,0.18022646,0.15853367,-0.139243,SN II,0.5800,0.743789
SIM01494,40.819441,1.84231914,2.53730978,0.347522,SN II,0.5800,0.888749
SIM01495,20.835577,1.42909461,1.51814336,0.065630,SN Ia,0.9100,0.785700
SIM01496,9.185803,1.15100352,0.81515018,-0.374598,SN II,0.5800,0.611011
SIM01497,5.179643,0.42004574,0.56613517,0.324059,SN II,0.5800,0.223347
SIM01498,39.608721,1.00260871,0.76236229,-0.297425,SN II,0.5800,0.076117
SIM01499,18.100005,3.27831779,3.93964572,0.199515,SN Ia,0.9100,0.034260
SIM01500,23.696789,1.69068227,1.86972145,0.109287,SN Ia,0.9100,0.446066
SIM01501,15.406901,3.64002541,2.85467224,-0.263870,SN II,0.5800,0.106126
SIM01502,3.304930,0.12572291,0.17323553,0.348056,SN II,0.5800,0.968757
SIM01503,39.035877,2.42592988,2.99242883,0.227864,SN II,0.5800,0.472701
SIM01504,44.810106,1.89655104,1.61421254,-0.175010,SN II,0.5800,0.129672
SIM01505,27.861090,5.44738377,3.85227877,-0.376176,SN II,0.5800,0.009794
SIM01506,43.799483,1.61614871,2.11182071,0.290439,SN II,0.5800,0.111358
SIM01507,35.886934,5.28541319,5.95109335,0.128795,AGN flare,0.6700,0.005890
SIM01508,27.691350,4.98862487,5.29818782,0.065366,SN II,0.5800,0.113918
SIM01509,10.794468,0.75357082,0.58385685,-0.277044,SN II,0.5800,0.250872
SIM01510,36.039649,2.91140251,4.00223196,0.345500,AGN flare,0.6700,0.580998
SIM01511,11.499600,2.17970621,2.08807336,-0.046631,SN II,0.5800,0.434533
SIM01512,26.405371,6.03897361,4.99314304,-0.206473,SN II,0.5800,0.582044
SIM01513,15.138025,2.52125522,1.80057399,-0.365515,SN II,0.5800,0.507604
SIM01514,14.820830,3.12996933,3.21474199,0.029015,SN Ia,0.9100,0.629754
SIM01515,13.703798,1.30480481,1.39975864,0.076269,SN Ia,0.9100,0.223337
SIM01516,34.663497,2.76689792,2.42808653,-0.141822,SN II,0.5800,0.836833
SIM01517,40.690197,3.44063865,2.57992259,-0.312581,SN II,0.5800,0.631598
SIM01518,2.088948,0.10673378,0.09988595,-0.071994,kilonova,0.7200,0.441428
SIM01519,31.048017,1.67022615,2.08908016,0.242950,SN II,0.5800,0.680716
SIM01520,26.755088,1.13545442,0.99872659,-0.139308,SN II,0.5800,0.031456
SIM01521,29.157786,5.48981267,5.97340256,0.091661,SN II,0.5800,0.918388
SIM01522,21.630420,2.22077460,2.27628908,0.026807,SN Ia,0.9100,0.936806
SIM01523,22.460075,1.00347112,0.84135761,-0.191311,SN Ia,0.9100,0.623556
SIM01524,23.405711,4.54939997,5.61264719,0.228034,SN Ia,0.9100,0.087286
SIM01525,2.348307,0.10727352,0.12408342,0.158053,SN II,0.5800,0.500411
SIM01526,2.575144,0.12260260,0.13747798,0.124334,kilonova,0.7200,0.044186
SIM01527,6.475406,0.84060906,0.68523264,-0.221890,SN II,0.5800,0.706639
SIM01528,41.688573,5.41814648,6.85418790,0.255263,AGN flare,0.6700,0.087575
SIM01529,21.392644,3.25124281,2.60331090,-0.241308,SN II,0.5800,0.865672
SIM01530,32.001900,0.65591773,0.71499473,0.093634,SN II,0.5800,0.953934
SIM01531,28.180366,2.53959652,2.80162509,0.106613,SN II,0.5800,0.181691
SIM01532,15.605553,1.19263460,0.87341473,-0.338217,SN II,0.5800,0.656593
SIM01533,29.441330,6.57848419,4.95282040,-0.308183,SN II,0.5800,0.868896
SIM01534,24.888785,4.81953002,3.64786612,-0.302414,SN II,0.5800,0.704086
SIM01535,8.621615,1.47210624,1.96023294,0.310921,SN II,0.5800,0.492562
SIM01536,15.364236,3.15944436,3.22917131,0.023701,SN Ia,0.9100,0.275565
SIM01537,19.496785,2.30365994,1.86710332,-0.228125,SN II,0.5800,0.483985
SIM01538,29.951865,1.16945578,1.61396716,0.349777,SN II,0.5800,0.267130
SIM01539,34.962566,1.29013015,1.34220431,0.042963,SN II,0.5800,0.869524
SIM01540,35.195653,1.90290250,2.15907841,0.137130,SN II,0.5800,0.482323
SIM01541,30.248099,2.13633272,2.53550502,0.185989,SN II,0.5800,0.128898
SIM01542,14.634656,3.05794864,3.23467738,0.061002,SN Ia,0.9100,0.709965
SIM01543,22.668707,2.78165438,1.99055759,-0.363321,SN II,0.5800,0.351543
SIM01544,2.735585,0.24807315,0.28718337,0.158949,SN II,0.5800,0.158213
SIM01545,38.626647,3.31267860,3.82866301,0.157170,SN II,0.5800,0.604953
SIM01546,33.622884,3.39319925,3.66389547,0.083334,SN II,0.5800,0.757048
SIM01547,37.948972,2.07474760,1.97747265,-0.052137,SN II,0.5800,0.077012
SIM01548,39.526154,3.93740876,4.25912863,0.085276,AGN flare,0.6700,0.879776
SIM01549,4.071488,0.22875836,0.24574835,0.077784,SN II,0.5800,0.497349
SIM01550,12.383973,1.27145191,1.19349161,-0.068701,SN Ia,0.9100,0.937478
SIM01551,40.683807,3.70111054,3.92361525,0.063386,SN II,0.5800,0.104326
SIM01552,16.807528,1.15000440,1.57537055,0.341708,SN Ia,0.9100,0.762431
SIM01553,17.008420,2.63749088,1.94348444,-0.331525,SN II,0.5800,0.845003
SIM01554,38.662333,2.43902788,2.81048379,0.153911,SN II,0.5800,0.388938
SIM01555,19.711257,3.20028224,4.18435657,0.291101,SN Ia,0.9100,0.895207
SIM01556,15.369380,1.15754565,1.33506932,0.154914,SN Ia,0.9100,0.655021
SIM01557,4.268984,0.17909831,0.17098806,-0.050314,SN II,0.5800,0.472742
SIM01558,43.826131,2.32356020,1.72657686,-0.322420,SN II,0.5800,0.561165
SIM01559,33.506062,2.59597193,3.57733695,0.348150,SN II,0.5800,0.826052
SIM01560,35.786244,6.45487965,6.99237834,0.086842,AGN flare,0.6700,0.824384
SIM01561,36.478786,4.61393764,3.80594012,-0.209024,AGN flare,0.6700,0.338369
SIM01562,15.318882,4.02858085,3.63972279,-0.110209,SN Ia,0.9100,0.993890
SIM01563,3.601867,0.06697722,0.05050505,-0.306481,SN II,0.5800,0.949996
SIM01564,16.782082,2.89061671,3.10174165,0.076538,SN Ia,0.9100,0.630461
SIM01565,20.356621,4.15449619,3.71459595,-0.121517,SN Ia,0.9100,0.525417
SIM01566,22.056701,0.97922344,1.03276846,0.057803,SN Ia,0.9100,0.798685
SIM01567,20.011983,1.99127663,1.58557193,-0.247364,SN II,0.5800,0.884317
SIM01568,2.988084,0.08417302,0.07426066,-0.136035,kilonova,0.7200,0.421531
SIM01569,34.238108,2.78966815,2.73851436,-0.020094,SN II,0.5800,0.520750
SIM01570,13.351645,1.70688835,1.35321369,-0.252097,SN II,0.5800,0.548567
SIM01571,16.457815,1.29708612,1.52229400,0.173824,SN Ia,0.9100,0.364346
SIM01572,41.798908,2.24040300,2.06614647,-0.087913,SN II,0.5800,0.533426
SIM01573,13.361101,1.89479970,2.26559821,0.194049,SN Ia,0.9100,0.291508
SIM01574,21.089252,3.90506245,4.51701741,0.158059,SN Ia,0.9100,0.429079
SIM01575,4.779048,0.09413739,0.07801023,-0.204026,SN II,0.5800,0.183404
SIM01576,30.127292,4.04787263,3.49642853,-0.159005,AGN flare,0.6700,0.245748
SIM01577,9.048839,0.67415528,0.74487036,0.108302,SN II,0.5800,0.251306
SIM01578,36.654779,3.67439639,4.13539771,0.128328,AGN flare,0.6700,0.656609
SIM01579,20.400548,1.20535442,1.64200500,0.335649,SN Ia,0.9100,0.373456
SIM01580,29.112447,2.24918502,2.93509449,0.288992,SN II,0.5800,0.373120
SIM01581,17.369458,1.73410329,1.46863228,-0.180405,SN Ia,0.9100,0.128580
SIM01582,31.229136,5.26744638,7.23603427,0.344751,AGN flare,0.6700,0.874196
SIM01583,42.559893,1.92347242,1.52094876,-0.254928,SN II,0.5800,0.975922
SIM01584,39.446351,4.24814340,4.27118141,0.005872,AGN flare,0.6700,0.424810
SIM01585,7.412506,0.52798076,0.41463400,-0.262383,SN II,0.5800,0.870369
SIM01586,26.286462,3.56469166,3.93450564,0.107171,SN II,0.5800,0.276822
SIM01587,37.552505,2.52988567,2.75362202,0.092009,SN II,0.5800,0.325636
SIM01588,4.520716,0.27822204,0.35408254,0.261782,SN II,0.5800,0.203150
SIM01589,9.157232,1.02862020,0.88719687,-0.160588,SN II,0.5800,0.633957
SIM01590,2.411800,0.05086299,0.05329562,0.050724,kilonova,0.7200,0.112704
SIM01591,21.810781,3.94143387,4.29596595,0.093516,SN Ia,0.9100,0.420324
SIM01592,23.237039,2.03554657,2.25075166,0.109116,SN Ia,0.9100,0.347107
SIM01593,13.513548,1.69836094,2.18863053,0.275356,SN Ia,0.9100,0.378427
SIM01594,27.538176,2.25123228,1.62819753,-0.351783,SN II,0.5800,0.735364
SIM01595,8.158444,0.36675525,0.26233536,-0.363799,SN II,0.5800,0.164169
SIM01596,29.757961,6.05289360,7.03387998,0.163080,SN II,0.5800,0.522125
SIM01597,1.578993,0.05416114,0.07043946,0.285320,SN II,0.5800,0.041997
SIM01598,37.745549,2.11437216,2.08109065,-0.017226,SN II,0.5800,0.075132
SIM01599,26.559508,2.69525227,2.21438001,-0.213368,SN II,0.5800,0.689838
SIM01600,28.171495,6.42414218,5.82510382,-0.106279,SN II,0.5800,0.682956
SIM01601,18.479205,5.29608095,6.53824495,0.228766,SN Ia,0.9100,0.599978
SIM01602,12.507528,3.73395854,5.09664828,0.337788,SN Ia,0.9100,0.338202
SIM01603,37.165469,5.65890288,7.13860527,0.252203,AGN flare,0.6700,0.454514
SIM01604,18.388266,4.13413224,4.45539636,0.081255,SN Ia,0.9100,0.873718
SIM01605,2.399388,0.03219312,0.02472834,-0.286421,kilonova,0.7200,0.842202
SIM01606,4.878626,0.31054096,0.24651012,-0.250710,SN II,0.5800,0.753752
SIM01607,30.815313,3.34911130,3.64092611,0.090706,SN II,0.5800,0.948577
SIM01608,23.332632,3.09222296,3.05594998,-0.012811,SN Ia,0.9100,0.690005
SIM01609,5.907272,0.84592664,1.04285423,0.227227,SN II,0.5800,0.542994
SIM01610,16.551382,0.60903952,0.65621991,0.081010,SN Ia,0.9100,0.880104
SIM01611,39.108756,2.63320136,3.33103837,0.255239,SN II,0.5800,0.479949
SIM01612,38.764790,1.64138052,1.73976302,0.063202,SN II,0.5800,0.726722
SIM01613,20.747573,3.14136277,3.06074373,-0.028228,SN Ia,0.9100,0.419629
SIM01614,10.839275,1.58056484,1.50662067,-0.052021,SN II,0.5800,0.662160
SIM01615,22.706463,1.96050690,1.76768743,-0.112407,SN Ia,0.9100,0.545771
SIM01616,43.190018,0.97928867,0.82630668,-0.184424,SN II,0.5800,0.152958
SIM01617,38.453834,1.50947539,1.34363119,-0.126365,SN II,0.5800,0.511096
SIM01618,8.671027,1.02407721,1.03553993,0.012085,SN II,0.5800,0.233216
SIM01619,27.293534,1.80893385,2.08661692,0.155050,SN II,0.5800,0.088721
SIM01620,25.135386,3.20088511,3.62046965,0.133737,SN II,0.5800,0.909473
SIM01621,27.717908,1.27806999,1.52424618,0.191251,SN II,0.5800,0.810360
SIM01622,3.752129,0.12828690,0.13177353,0.029115,SN II,0.5800,0.872440
SIM01623,25.626796,5.50898389,4.92706474,-0.121208,SN II,0.5800,0.618714
SIM01624,17.506465,2.46110889,2.87193170,0.167608,SN Ia,0.9100,0.168391
SIM01625,37.887370,1.51631994,1.96281094,0.280219,SN II,0.5800,0.985224
SIM01626,17.136828,1.64371174,2.24973714,0.340765,SN Ia,0.9100,0.200981
SIM01627,2.537647,0.07036064,0.08629787,0.221676,SN II,0.5800,0.007021
SIM01628,6.452809,0.22171810,0.22832470,0.031879,SN II,0.5800,0.346084
SIM01629,33.496190,5.19222316,6.70038611,0.276866,AGN flare,0.6700,0.171156
SIM01630,41.363594,5.10930671,5.46091368,0.072258,AGN flare,0.6700,0.169932
SIM01631,15.122766,0.87412381,0.98764543,0.132570,SN Ia,0.9100,0.324461
SIM01632,34.776485,5.07163958,3.86058517,-0.296238,AGN flare,0.6700,0.847159
SIM01633,23.338549,2.45883287,2.91920657,0.186340,SN Ia,0.9100,0.406062
SIM01634,32.746147,2.10511671,1.91666292,-0.101826,SN II,0.5800,0.751994
SIM01635,1.702430,0.05020789,0.06026550,0.198242,SN II,0.5800,0.328960
SIM01636,21.986835,3.76598444,2.82850083,-0.310806,SN II,0.5800,0.510218
SIM01637,12.422050,1.25104095,1.05628250,-0.183729,SN Ia,0.9100,0.231601
SIM01638,40.372138,3.94580543,4.79326000,0.211238,AGN flare,0.6700,0.268886
SIM01639,25.376271,2.00852050,2.29303629,0.143837,SN II,0.5800,0.112567
SIM01640,23.832138,3.74718523,3.38202058,-0.111322,SN Ia,0.9100,0.909785
SIM01641,28.394838,2.24327299,2.95933132,0.300779,SN II,0.5800,0.304360
SIM01642,32.301301,7.03187525,5.26860327,-0.313439,AGN flare,0.6700,0.836876
SIM01643,11.925647,2.49457473,2.55932979,0.027824,SN II,0.5800,0.901897
SIM01644,36.345556,8.21148356,9.04309948,0.104739,AGN flare,0.6700,0.734924
SIM01645,30.501476,2.95532231,3.11927289,0.058621,SN II,0.5800,0.215753
SIM01646,12.486915,3.20192233,3.80444635,0.187202,SN Ia,0.9100,0.688555
SIM01647,23.443033,4.04677132,2.85350608,-0.379325,SN II,0.5800,0.443672
SIM01648,43.667607,1.96265511,1.48036196,-0.306190,SN II,0.5800,0.254995
SIM01649,37.260065,1.97415840,2.48465471,0.249710,SN II,0.5800,0.868115
SIM01650,12.313440,2.01412889,2.04484510,0.016433,SN Ia,0.9100,0.950733
SIM01651,24.959242,2.07255643,1.45769690,-0.382098,SN II,0.5800,0.264596
SIM01652,5.651464,0.40638467,0.55687191,0.342045,SN II,0.5800,0.678338
SIM01653,9.438081,1.01366667,1.08347885,0.072313,SN II,0.5800,0.075920
SIM01654,37.643392,4.86846632,5.76159633,0.182877,AGN flare,0.6700,0.339902
SIM01655,6.618717,0.56844167,0.62196816,0.097706,SN II,0.5800,0.134675
SIM01656,11.592851,0.58052967,0.42456781,-0.339693,SN II,0.5800,0.449835
SIM01657,6.890165,0.48838244,0.59802523,0.219899,SN II,0.5800,0.794667
SIM01658,14.879358,3.39192734,3.83960275,0.134599,SN Ia,0.9100,0.387145
SIM01659,43.939817,3.46675922,3.17888822,-0.094121,SN II,0.5800,0.421504
SIM01660,14.888846,3.50454151,4.14374144,0.181904,SN Ia,0.9100,0.182008
SIM01661,44.573612,4.00126932,5.18067344,0.280471,AGN flare,0.6700,0.107290
SIM01662,27.315683,5.90436133,6.91439108,0.171453,SN II,0.5800,0.062578
SIM01663,22.049184,2.43826909,2.38422603,-0.024336,SN Ia,0.9100,0.455866
SIM01664,24.667963,5.16681911,4.63723333,-0.117411,SN Ia,0.9100,0.274838
SIM01665,9.115078,0.74179501,0.99672951,0.320734,SN II,0.5800,0.125890
SIM01666,16.851661,5.01800910,6.94936754,0.353535,SN Ia,0.9100,0.992522
SIM01667,14.362618,0.65131299,0.68497690,0.054715,SN Ia,0.9100,0.015292
SIM01668,12.159638,1.81454513,1.46654392,-0.231182,SN II,0.5800,0.123169
SIM01669,15.531779,0.59571395,0.46001463,-0.280665,SN II,0.5800,0.799714
SIM01670,39.683588,2.00612106,2.58886990,0.276883,SN II,0.5800,0.650928
SIM01671,14.193130,1.31600703,0.96409425,-0.337847,SN II,0.5800,0.954687
SIM01672,10.738264,2.49218724,1.82624915,-0.337552,SN II,0.5800,0.094428
SIM01673,29.438281,2.31101429,2.70548164,0.171105,SN II,0.5800,0.231457
SIM01674,21.969280,2.81913683,3.21786342,0.143629,SN Ia,0.9100,0.691064
SIM01675,28.348303,2.30475421,2.87067446,0.238398,SN II,0.5800,0.514972
SIM01676,26.982695,4.25800898,4.56958027,0.076674,SN II,0.5800,0.277718
SIM01677,23.716103,0.83139570,0.88507841,0.067935,SN Ia,0.9100,0.870454
SIM01678,32.653711,2.21270543,2.45250536,0.111716,SN II,0.5800,0.579384
SIM01679,21.241678,3.60886327,4.75217808,0.298806,SN Ia,0.9100,0.515675
SIM01680,35.501537,2.20587053,1.94413380,-0.137135,SN II,0.5800,0.313587
SIM01681,16.582698,1.72213459,2.40838304,0.364146,SN Ia,0.9100,0.734079
SIM01682,17.332132,4.53771774,3.68340910,-0.226469,SN II,0.5800,0.629189
SIM01683,43.186169,3.91671849,4.94526721,0.253169,AGN flare,0.6700,0.319987
SIM01684,7.351935,0.82863203,0.78320925,-0.061210,SN II,0.5800,0.463801
SIM01685,33.040488,7.43139197,9.18860664,0.230449,AGN flare,0.6700,0.175792
SIM01686,17.246766,0.63089753,0.59189285,-0.069289,SN Ia,0.9100,0.177247
SIM01687,21.951703,1.96800578,1.94387097,-0.013397,SN Ia,0.9100,0.246958
SIM01688,31.178405,1.14510354,1.47357393,0.273818,SN II,0.5800,0.754092
SIM01689,39.643864,1.75687064,2.08623435,0.186558,SN II,0.5800,0.146367
SIM01690,43.529592,3.95989435,2.91489353,-0.332652,SN II,0.5800,0.283282
SIM01691,19.628253,2.47280686,2.75529408,0.117444,SN Ia,0.9100,0.077805
SIM01692,43.734576,5.62586236,6.88864556,0.219862,AGN flare,0.6700,0.179719
SIM01693,11.615759,0.68282120,0.51675279,-0.302560,SN II,0.5800,0.188350
SIM01694,8.659812,1.81614730,1.63456420,-0.114373,SN II,0.5800,0.970864
SIM01695,8.015343,0.38254780,0.48349735,0.254271,SN II,0.5800,0.098622
SIM01696,35.709005,4.76828827,4.46106192,-0.072311,AGN flare,0.6700,0.042123
SIM01697,5.353847,0.48359347,0.59706721,0.228857,SN II,0.5800,0.198808
SIM01698,13.288553,1.62388130,1.93601140,0.190884,SN Ia,0.9100,0.154862
SIM01699,32.927349,1.44170516,1.26871808,-0.138778,SN II,0.5800,0.764609
SIM01700,32.622635,2.61580127,1.90958261,-0.341666,SN II,0.5800,0.640053
SIM01701,31.561831,1.94646567,2.58518417,0.308112,SN II,0.5800,0.361313
SIM01702,23.837788,5.58392357,6.44795671,0.156207,SN Ia,0.9100,0.515677
SIM01703,34.828722,1.45287282,1.57361610,0.086678,SN II,0.5800,0.413880
SIM01704,15.746780,1.26415966,1.16091748,-0.092501,SN Ia,0.9100,0.747073
SIM01705,39.961548,4.35716277,3.43277244,-0.258897,AGN flare,0.6700,0.515768
SIM01706,33.755786,3.88358433,3.17507834,-0.218696,SN II,0.5800,0.960759
SIM01707,27.808335,3.19944674,2.49288954,-0.270930,SN II,0.5800,0.570395
SIM01708,18.805913,4.61708296,5.67399774,0.223804,SN Ia,0.9100,0.569718
SIM01709,34.128181,3.00128374,3.32099803,0.109904,SN II,0.5800,0.597436
SIM01710,9.346083,0.64655027,0.78128831,0.205523,SN II,0.5800,0.666649
SIM01711,12.209036,2.01494071,2.31400423,0.150255,SN Ia,0.9100,0.909632
SIM01712,4.927878,0.17911394,0.20375281,0.139936,SN II,0.5800,0.534175
SIM01713,4.260439,0.26661306,0.34850134,0.290808,SN II,0.5800,0.077139
SIM01714,23.425045,2.26778351,3.00438076,0.305383,SN Ia,0.9100,0.938833
SIM01715,16.070436,0.83315628,0.71126407,-0.171739,SN Ia,0.9100,0.418859
SIM01716,32.111983,5.49230252,7.50915445,0.339591,AGN flare,0.6700,0.426854
SIM01717,29.930673,1.21211175,0.86782302,-0.362779,SN II,0.5800,0.132172
SIM01718,36.584278,1.35524900,1.44765508,0.071615,SN II,0.5800,0.525299
SIM01719,2.340543,0.04967001,0.04884282,-0.018234,kilonova,0.7200,0.092233
SIM01720,22.057661,4.04807229,2.96944009,-0.336434,SN II,0.5800,0.180205
SIM01721,4.286840,0.40990188,0.51006102,0.237356,SN II,0.5800,0.112051
SIM01722,24.741531,4.15643281,4.96660275,0.193347,SN Ia,0.9100,0.604133
SIM01723,12.289040,1.49119803,1.43905481,-0.038645,SN Ia,0.9100,0.564195
SIM01724,4.963360,0.47048790,0.46079756,-0.022596,SN II,0.5800,0.505948
SIM01725,34.156809,5.92022187,5.72408961,-0.036579,AGN flare,0.6700,0.711757
SIM01726,9.783097,0.52487936,0.43815749,-0.196073,SN II,0.5800,0.175059
SIM01727,16.492540,1.25468283,1.64793206,0.296013,SN Ia,0.9100,0.091701
SIM01728,42.817270,5.56487191,7.16940894,0.275070,AGN flare,0.6700,0.940898
SIM01729,20.706417,1.80031313,2.24425806,0.239312,SN Ia,0.9100,0.648174
SIM01730,35.167552,0.96782289,1.03186962,0.069572,SN II,0.5800,0.606397
SIM01731,31.244197,2.23853979,3.08508249,0.348255,SN II,0.5800,0.253054
SIM01732,37.068423,6.20857259,6.25954259,0.008877,AGN flare,0.6700,0.418298
SIM01733,21.572725,0.79203986,0.70951345,-0.119466,SN Ia,0.9100,0.173586
SIM01734,40.577740,3.91668270,4.28543392,0.097691,AGN flare,0.6700,0.897974
SIM01735,40.452147,3.80793355,3.31525366,-0.150431,SN II,0.5800,0.564186
SIM01736,14.715181,1.25943971,1.44292797,0.147668,SN Ia,0.9100,0.339051
SIM01737,19.484823,4.50568779,6.28746009,0.361785,SN Ia,0.9100,0.357219
SIM01738,43.124024,5.05992019,5.53818770,0.098060,AGN flare,0.6700,0.197502
SIM01739,35.726012,4.30632582,5.79329891,0.322048,AGN flare,0.6700,0.623539
SIM01740,31.581988,1.98620283,2.02866944,0.022969,SN II,0.5800,0.062451
SIM01741,8.948175,1.27866968,1.01602592,-0.249634,SN II,0.5800,0.435065
SIM01742,3.640065,0.13825814,0.11782822,-0.173604,SN II,0.5800,0.636922
SIM01743,41.716537,1.67984987,1.86030829,0.110786,SN II,0.5800,0.486935
SIM01744,19.540004,0.92510883,0.98647336,0.069731,SN Ia,0.9100,0.335453
SIM01745,44.738343,3.57819745,4.53503657,0.257291,AGN flare,0.6700,0.794522
SIM01746,22.644375,4.28874518,3.35512328,-0.266554,SN II,0.5800,0.224781
SIM01747,1.569578,0.03270922,0.04477916,0.341014,SN II,0.5800,0.930792
SIM01748,18.860306,1.38037760,1.69394820,0.222256,SN Ia,0.9100,0.519103
SIM01749,8.383337,0.55536319,0.46360650,-0.196069,SN II,0.5800,0.477216
SIM01750,44.868055,1.27449705,1.59794430,0.245557,SN II,0.5800,0.336207
SIM01751,41.880252,0.92802875,0.85088036,-0.094232,SN II,0.5800,0.848141
SIM01752,5.496808,0.70301113,0.97154980,0.351257,SN II,0.5800,0.806007
SIM01753,3.225764,0.09332237,0.07329075,-0.262341,SN II,0.5800,0.243094
SIM01754,33.344525,2.03928254,1.83525818,-0.114451,SN II,0.5800,0.065999
SIM01755,41.750822,4.04545577,5.55407918,0.344112,AGN flare,0.6700,0.978040
SIM01756,10.093701,0.51285039,0.58451314,0.142009,SN II,0.5800,0.594983
SIM01757,23.807067,4.30227785,3.95933411,-0.090191,SN Ia,0.9100,0.668588
SIM01758,42.762805,1.43841560,1.14741591,-0.245409,SN II,0.5800,0.747125
SIM01759,19.985711,4.69830451,6.44345221,0.342944,SN Ia,0.9100,0.579635
SIM01760,27.209604,7.05624895,6.60837911,-0.071197,SN II,0.5800,0.103475
SIM01761,41.546956,2.30733315,3.12264874,0.328532,SN II,0.5800,0.661555
SIM01762,42.750030,4.64987236,5.19465140,0.120288,AGN flare,0.6700,0.222407
SIM01763,4.467656,0.32725049,0.25764128,-0.259662,SN II,0.5800,0.559057
SIM01764,12.658355,1.69336125,1.91823514,0.135381,SN Ia,0.9100,0.748181
SIM01765,36.945141,2.88292404,2.89003054,0.002673,SN II,0.5800,0.357440
SIM01766,35.257797,3.69889870,4.43100106,0.196074,AGN flare,0.6700,0.215355
SIM01767,1.346468,0.04205674,0.03914971,-0.077768,kilonova,0.7200,0.994978
SIM01768,32.638073,3.46783101,4.47572072,0.277013,AGN flare,0.6700,0.140277
SIM01769,41.119891,2.16427139,2.08723071,-0.039353,SN II,0.5800,0.528561
SIM01770,24.198246,1.12115136,1.27992536,0.143801,SN Ia,0.9100,0.717586
SIM01771,31.591036,4.21480784,3.00141326,-0.368630,AGN flare,0.6700,0.129263
SIM01772,1.806113,0.05058511,0.04346741,-0.164647,kilonova,0.7200,0.525519
SIM01773,1.157892,0.01320744,0.01743353,0.301416,SN II,0.5800,0.069389
SIM01774,29.854004,3.54486457,4.56715473,0.275115,SN II,0.5800,0.641255
SIM01775,42.400621,5.82165902,4.54962002,-0.267679,AGN flare,0.6700,0.822307
SIM01776,15.061246,4.18742270,5.76373571,0.346893,SN Ia,0.9100,0.755284
SIM01777,18.197480,3.50941714,2.59899702,-0.326073,SN II,0.5800,0.539222
SIM01778,25.997084,3.32326906,3.73636453,0.127209,SN II,0.5800,0.736041
SIM01779,17.790689,4.50285378,4.31623906,-0.045956,SN Ia,0.9100,0.526156
SIM01780,22.293132,3.06360585,2.75807740,-0.114066,SN Ia,0.9100,0.392521
SIM01781,29.701493,3.09034131,3.25139447,0.055158,SN II,0.5800,0.730504
SIM01782,19.144477,0.99799955,1.09785829,0.103540,SN Ia,0.9100,0.090373
SIM01783,44.121260,3.30363543,2.37912810,-0.356436,SN II,0.5800,0.246524
SIM01784,15.839916,1.57395382,1.63619252,0.042106,SN Ia,0.9100,0.270710
SIM01785,25.849434,4.06091697,4.97510383,0.220445,SN II,0.5800,0.622749
SIM01786,4.679337,0.34214861,0.42130465,0.225954,SN II,0.5800,0.937080
SIM01787,16.470284,2.20068555,2.54195029,0.156523,SN Ia,0.9100,0.005511
SIM01788,37.295796,2.92472712,3.06613585,0.051265,SN II,0.5800,0.372398
SIM01789,11.120156,1.90883266,1.40894752,-0.329683,SN II,0.5800,0.270473
SIM01790,41.992541,1.77997603,1.96627392,0.108075,SN II,0.5800,0.372688
SIM01791,42.695913,2.78902333,2.39143639,-0.166983,SN II,0.5800,0.170990
SIM01792,20.568742,2.54437367,3.35825529,0.301332,SN Ia,0.9100,0.071403
SIM01793,2.151707,0.02691641,0.02136316,-0.250879,kilonova,0.7200,0.431815
SIM01794,16.995500,4.71455599,6.52624559,0.353057,SN Ia,0.9100,0.420530
SIM01795,29.300573,2.11842045,2.79312924,0.300197,SN II,0.5800,0.885055
SIM01796,7.165741,0.57219521,0.67984435,0.187163,SN II,0.5800,0.762432
SIM01797,3.961641,0.10443382,0.12696513,0.212108,SN II,0.5800,0.794646
SIM01798,15.168410,1.07348152,1.50163495,0.364424,SN Ia,0.9100,0.620541
SIM01799,17.105449,2.61092573,3.59805098,0.348182,SN Ia,0.9100,0.365037
SIM01800,10.723445,1.85314731,1.87106848,0.010449,SN II,0.5800,0.310796
SIM01801,32.892077,5.11619829,6.64349919,0.283624,AGN flare,0.6700,0.400481
SIM01802,19.571312,5.81371253,7.14269004,0.223521,SN Ia,0.9100,0.704744
SIM01803,37.398628,7.67000802,8.22316683,0.075608,AGN flare,0.6700,0.387748
SIM01804,1.308632,0.02083176,0.01458732,-0.386876,kilonova,0.7200,0.993126
SIM01805,14.528212,1.25253763,1.19226630,-0.053544,SN Ia,0.9100,0.783725
SIM01806,30.616539,4.00306335,3.05804141,-0.292373,AGN flare,0.6700,0.831313
SIM01807,34.492224,3.50431852,4.42496644,0.253266,AGN flare,0.6700,0.494389
SIM01808,21.924673,3.74877399,4.55425589,0.211320,SN Ia,0.9100,0.334800
SIM01809,35.160317,3.43611389,3.31305208,-0.039598,SN II,0.5800,0.899203
SIM01810,42.367688,3.64763216,3.45034509,-0.060371,SN II,0.5800,0.433390
SIM01811,27.605343,1.53732577,2.07523649,0.325754,SN II,0.5800,0.064173
SIM01812,40.215937,5.62993134,6.79002913,0.203421,AGN flare,0.6700,0.718826
SIM01813,34.132681,1.64480936,2.13547172,0.283446,SN II,0.5800,0.877231
SIM01814,32.737483,2.22317367,2.35690190,0.063420,SN II,0.5800,0.364035
SIM01815,22.537579,4.53375617,5.16323983,0.141160,SN Ia,0.9100,0.976347
SIM01816,40.968624,2.62067770,2.53364207,-0.036671,SN II,0.5800,0.597382
SIM01817,25.774572,3.17453352,3.72858025,0.174659,SN II,0.5800,0.369622
SIM01818,35.425720,3.88287108,5.42653915,0.363425,AGN flare,0.6700,0.280268
SIM01819,1.210327,0.03176793,0.03660575,0.153901,SN II,0.5800,0.830497
SIM01820,40.179124,4.43818166,4.31978111,-0.029358,AGN flare,0.6700,0.726717
SIM01821,37.600608,2.49229641,2.38401619,-0.048226,SN II,0.5800,0.342102
SIM01822,19.126928,1.78986279,2.49240198,0.359496,SN Ia,0.9100,0.790597
SIM01823,25.616320,2.87408890,3.55021572,0.229386,SN II,0.5800,0.874070
SIM01824,17.804240,1.65038702,1.44489299,-0.144375,SN Ia,0.9100,0.852058
SIM01825,29.256441,3.66263410,3.03869694,-0.202765,SN II,0.5800,0.003728
SIM01826,16.717957,1.57986263,1.70506612,0.082805,SN Ia,0.9100,0.325123
SIM01827,12.551538,1.73007740,2.11004513,0.215566,SN Ia,0.9100,0.749492
SIM01828,17.524422,1.51614539,1.64663962,0.089644,SN Ia,0.9100,0.580051
SIM01829,31.160698,5.30264699,3.74438930,-0.377779,AGN flare,0.6700,0.968544
SIM01830,28.117575,4.39787265,5.83517716,0.307028,SN II,0.5800,0.596399
SIM01831,1.422895,0.02961191,0.03262341,0.105157,kilonova,0.7200,0.830359
SIM01832,6.800290,0.64052387,0.56104094,-0.143852,SN II,0.5800,0.037329
SIM01833,5.690451,0.31619836,0.42936078,0.332157,SN II,0.5800,0.171940
SIM01834,13.717230,1.80737909,1.71277801,-0.058370,SN Ia,0.9100,0.669856
SIM01835,7.614567,0.35566845,0.42916811,0.203955,SN II,0.5800,0.133866
SIM01836,3.114485,0.07738030,0.10430642,0.324202,SN II,0.5800,0.690619
SIM01837,8.059006,0.32957820,0.25094350,-0.295956,SN II,0.5800,0.351880
SIM01838,39.613180,6.33568034,7.26200563,0.148158,AGN flare,0.6700,0.584193
SIM01839,23.478942,3.66936217,3.59003628,-0.023729,SN Ia,0.9100,0.836786
SIM01840,14.243861,2.06857931,2.84384312,0.345584,SN Ia,0.9100,0.344592
SIM01841,20.058462,1.60165203,1.51892473,-0.057580,SN Ia,0.9100,0.789553
SIM01842,9.264484,0.72357514,0.79935643,0.108142,SN II,0.5800,0.773276
SIM01843,6.084102,0.29460566,0.33953749,0.154117,SN II,0.5800,0.677766
SIM01844,10.733715,0.65826306,0.61207347,-0.078990,SN II,0.5800,0.892670
SIM01845,39.456258,3.84167868,3.91872236,0.021559,SN II,0.5800,0.201222
SIM01846,21.250159,2.28646317,2.23168705,-0.026327,SN Ia,0.9100,0.195389
SIM01847,38.179795,2.46753281,1.81715618,-0.332177,SN II,0.5800,0.690594
SIM01848,23.616222,5.36361186,6.54855838,0.216721,SN Ia,0.9100,0.262766
SIM01849,12.039641,0.77837160,1.05532330,0.330496,SN Ia,0.9100,0.720571
SIM01850,22.712703,1.25096024,1.36115888,0.091663,SN Ia,0.9100,0.773069
SIM01851,6.171446,0.31203595,0.32106702,0.030978,SN II,0.5800,0.791597
SIM01852,19.104838,6.09623454,5.63866854,-0.084713,SN Ia,0.9100,0.536525
SIM01853,26.822851,4.26649967,5.09276034,0.192204,SN II,0.5800,0.818557
SIM01854,12.127185,1.62320012,1.79925565,0.111802,SN Ia,0.9100,0.016064
SIM01855,36.738380,1.83759182,2.38601712,0.283561,SN II,0.5800,0.556463
SIM01856,33.576226,4.96431221,6.65169002,0.317682,AGN flare,0.6700,0.055900
SIM01857,15.661090,1.50043002,1.28083916,-0.171803,SN Ia,0.9100,0.028304
SIM01858,6.996557,0.39425218,0.40164157,0.020161,SN II,0.5800,0.464565
SIM01859,1.537924,0.02448231,0.01870440,-0.292271,kilonova,0.7200,0.056691
SIM01860,7.640887,0.38150897,0.39084389,0.026246,SN II,0.5800,0.163612
SIM01861,33.341597,3.84607683,2.88554242,-0.311976,SN II,0.5800,0.965184
SIM01862,4.700819,0.45719997,0.47461427,0.040587,SN II,0.5800,0.891103
SIM01863,7.481518,1.30888734,1.73814724,0.307961,SN II,0.5800,0.849078
SIM01864,20.202412,4.02782073,3.89029217,-0.037720,SN Ia,0.9100,0.255236
SIM01865,2.380638,0.02918199,0.03941183,0.326279,SN II,0.5800,0.309092
SIM01866,16.506727,4.43383646,4.45042573,0.004055,SN Ia,0.9100,0.105433
SIM01867,17.071646,2.74866592,2.73359229,-0.005971,SN Ia,0.9100,0.972817
SIM01868,12.884644,1.13132605,0.85137825,-0.308663,SN II,0.5800,0.788070
SIM01869,27.196318,3.42089138,3.42228550,0.000442,SN II,0.5800,0.983544
SIM01870,25.553935,7.50608568,7.23086871,-0.040558,SN II,0.5800,0.691391
SIM01871,33.033984,1.70703688,2.01712853,0.181227,SN II,0.5800,0.761721
SIM01872,9.520860,0.25972234,0.28073449,0.084466,SN II,0.5800,0.106183
SIM01873,38.305538,4.70828439,5.71491430,0.210368,AGN flare,0.6700,0.428286
SIM01874,9.034418,0.99043901,1.29052406,0.287346,SN II,0.5800,0.891919
SIM01875,15.281412,1.07597720,1.27093097,0.180797,SN Ia,0.9100,0.647354
SIM01876,36.339807,5.25748579,6.70362234,0.263829,AGN flare,0.6700,0.125097
SIM01877,42.626176,1.96112367,1.60405418,-0.218215,SN II,0.5800,0.641326
SIM01878,14.466528,2.19389385,2.28196626,0.042734,SN Ia,0.9100,0.503596
SIM01879,42.363401,3.58811891,4.32844628,0.203663,AGN flare,0.6700,0.569097
SIM01880,42.629811,6.04204171,6.53687945,0.085467,AGN flare,0.6700,0.043842
SIM01881,10.706594,0.80943214,0.93104033,0.151970,SN II,0.5800,0.346990
SIM01882,18.047001,4.93954277,6.04262323,0.218847,SN Ia,0.9100,0.446633
SIM01883,24.587275,7.59747917,8.54972393,0.128206,SN Ia,0.9100,0.078906
SIM01884,40.673413,0.79485172,0.92303257,0.162327,SN II,0.5800,0.196379
SIM01885,34.154002,2.45643456,3.28146357,0.314406,SN II,0.5800,0.998247
SIM01886,29.902946,7.21301962,7.43807616,0.033359,SN II,0.5800,0.824457
SIM01887,42.287566,1.97365106,1.89614531,-0.043497,SN II,0.5800,0.703936
SIM01888,17.099304,1.35813258,1.08474143,-0.244040,SN II,0.5800,0.474425
SIM01889,5.356610,0.31575007,0.42785364,0.329879,SN II,0.5800,0.107169
SIM01890,28.775765,2.49940221,2.84683468,0.141315,SN II,0.5800,0.549195
SIM01891,28.091782,2.00973227,2.58289171,0.272420,SN II,0.5800,0.618156
SIM01892,11.723890,1.69980651,1.25300174,-0.331120,SN II,0.5800,0.478072
SIM01893,23.585082,1.14914253,0.88996343,-0.277504,SN II,0.5800,0.842075
SIM01894,21.023173,2.04079201,1.50337478,-0.331829,SN II,0.5800,0.081263
SIM01895,37.466122,2.75776973,2.54335575,-0.087877,SN II,0.5800,0.076672
SIM01896,14.986202,2.73711051,2.88526156,0.057232,SN Ia,0.9100,0.847753
SIM01897,44.923050,1.52667929,1.21229930,-0.250345,SN II,0.5800,0.672579
SIM01898,6.734329,0.39647237,0.29290477,-0.328716,SN II,0.5800,0.995809
SIM01899,18.894138,3.14094785,2.45912959,-0.265698,SN II,0.5800,0.335556
SIM01900,17.228367,4.14509266,4.91721496,0.185462,SN Ia,0.9100,0.180777
SIM01901,21.304034,2.66458872,2.51599130,-0.062303,SN Ia,0.9100,0.615796
SIM01902,44.791022,1.65510711,1.69304772,0.024608,SN II,0.5800,0.528923
SIM01903,37.979402,1.89623411,1.74806974,-0.088333,SN II,0.5800,0.755392
SIM01904,32.436532,1.76256676,2.17724541,0.229405,SN II,0.5800,0.700821
SIM01905,25.799758,6.45831238,5.62609912,-0.149779,SN II,0.5800,0.689597
SIM01906,36.497314,3.54371384,3.25854409,-0.091088,SN II,0.5800,0.956036
SIM01907,26.623227,7.50376566,9.35979518,0.239968,SN II,0.5800,0.370595
SIM01908,21.162058,4.38058501,4.34303339,-0.009347,SN Ia,0.9100,0.898908
SIM01909,10.536551,0.72792479,0.59659337,-0.216020,SN II,0.5800,0.290821
SIM01910,3.091244,0.16430600,0.16052728,-0.025261,SN II,0.5800,0.797684
SIM01911,25.015777,1.96221752,1.82640943,-0.077873,SN II,0.5800,0.021181
SIM01912,8.034900,0.62935177,0.70312220,0.120343,SN II,0.5800,0.377563
SIM01913,30.592522,6.78495723,9.33212611,0.346084,AGN flare,0.6700,0.965831
SIM01914,18.537097,5.41002808,4.83964147,-0.120966,SN Ia,0.9100,0.328304
SIM01915,24.036740,2.30631504,3.05313777,0.304569,SN Ia,0.9100,0.670412
SIM01916,27.092821,2.50994592,2.47002751,-0.017406,SN II,0.5800,0.715675
SIM01917,20.480906,5.16352653,3.92868706,-0.296747,SN II,0.5800,0.018798
SIM01918,42.414753,2.77595373,2.72978171,-0.018211,SN II,0.5800,0.224767
SIM01919,1.539245,0.03448666,0.02545410,-0.329734,kilonova,0.7200,0.011448
SIM01920,13.642908,3.43285208,3.01937085,-0.139347,SN Ia,0.9100,0.403405
SIM01921,19.326278,2.50099754,2.37241872,-0.057305,SN Ia,0.9100,0.503734
SIM01922,11.433032,1.66698612,1.75570334,0.056298,SN II,0.5800,0.055904
SIM01923,16.355119,1.67217518,1.62428984,-0.031546,SN Ia,0.9100,0.559546
SIM01924,17.033823,2.13711045,1.59398471,-0.318357,SN II,0.5800,0.906276
SIM01925,5.179912,0.39909872,0.39376596,-0.014605,SN II,0.5800,0.625909
SIM01926,39.868878,1.20187607,1.00945572,-0.189431,SN II,0.5800,0.878380
SIM01927,27.347837,3.73674753,3.46279989,-0.082666,SN II,0.5800,0.690111
SIM01928,25.991261,2.88204600,2.70983739,-0.066894,SN II,0.5800,0.691255
SIM01929,40.901559,4.16748847,3.23672438,-0.274422,AGN flare,0.6700,0.639632
SIM01930,15.485359,1.98885692,1.65235459,-0.201251,SN II,0.5800,0.269107
SIM01931,32.836800,6.31352638,6.24828817,-0.011277,AGN flare,0.6700,0.065412
SIM01932,36.581332,2.96402234,3.08945890,0.045002,SN II,0.5800,0.444152
SIM01933,2.351770,0.06776752,0.06924685,0.023446,kilonova,0.7200,0.881716
SIM01934,36.503889,5.45966056,3.83125826,-0.384561,AGN flare,0.6700,0.400900
SIM01935,24.478661,2.12899117,1.71345976,-0.235750,SN II,0.5800,0.580321
SIM01936,12.927927,1.38342123,1.24872856,-0.111216,SN Ia,0.9100,0.171252
SIM01937,30.355567,1.92283164,2.65570246,0.350595,SN II,0.5800,0.106345
SIM01938,10.816054,0.79626772,0.83068086,0.045938,SN II,0.5800,0.903110
SIM01939,5.450297,0.48934296,0.43076722,-0.138427,SN II,0.5800,0.355258
SIM01940,20.574964,5.54348557,5.74224598,0.038247,SN Ia,0.9100,0.068972
SIM01941,16.743752,2.96869518,2.89009703,-0.029133,SN Ia,0.9100,0.638832
SIM01942,2.780527,0.15522382,0.12090630,-0.271274,kilonova,0.7200,0.417186
SIM01943,38.662489,2.42845255,2.28764903,-0.064851,SN II,0.5800,0.552654
SIM01944,18.200368,3.12777087,3.70603364,0.184186,SN Ia,0.9100,0.998697
SIM01945,15.729276,1.74952425,2.28634552,0.290555,SN Ia,0.9100,0.367205
SIM01946,30.922194,2.16470970,1.92395160,-0.128014,SN II,0.5800,0.913717
SIM01947,17.124520,3.98942008,3.74516595,-0.068597,SN Ia,0.9100,0.551017
SIM01948,41.959912,5.47940221,6.00830968,0.100048,AGN flare,0.6700,0.618409
SIM01949,7.157598,1.05004502,1.21160408,0.155382,SN II,0.5800,0.303899
SIM01950,34.572498,2.71374820,3.78372427,0.360875,SN II,0.5800,0.772381
SIM01951,30.868644,5.85150436,5.67169722,-0.033886,AGN flare,0.6700,0.955362
SIM01952,40.854931,3.58780508,3.76879093,0.053433,SN II,0.5800,0.045674
SIM01953,40.120404,5.04972689,5.18191446,0.028056,AGN flare,0.6700,0.803667
SIM01954,1.937265,0.03272571,0.03683558,0.128446,kilonova,0.7200,0.354131
SIM01955,27.711705,4.36812189,3.40917519,-0.269114,SN II,0.5800,0.013070
SIM01956,37.757062,2.95008080,2.12692530,-0.355204,SN II,0.5800,0.103102
SIM01957,1.026592,0.01016293,0.00940308,-0.084372,kilonova,0.7200,0.473227
SIM01958,26.225688,2.55393936,2.93060362,0.149366,SN II,0.5800,0.984769
SIM01959,5.118788,0.13742897,0.12406310,-0.111089,SN II,0.5800,0.213225
SIM01960,2.334393,0.07653940,0.09348355,0.217125,SN II,0.5800,0.813825
SIM01961,36.035099,1.58022839,2.04769199,0.281362,SN II,0.5800,0.632260
SIM01962,27.574595,4.17940569,4.48673625,0.077040,SN II,0.5800,0.351862
SIM01963,22.817776,1.84163061,2.15633398,0.171284,SN Ia,0.9100,0.834313
SIM01964,29.763013,1.22593682,1.51573720,0.230390,SN II,0.5800,0.131082
SIM01965,23.239414,3.91898824,3.64985026,-0.077247,SN Ia,0.9100,0.016986
SIM01966,31.977646,2.26445379,2.41633996,0.070486,SN II,0.5800,0.722897
SIM01967,5.926309,0.92926825,1.21813343,0.293884,SN II,0.5800,0.184550
SIM01968,32.691207,3.56494212,4.23796767,0.187763,AGN flare,0.6700,0.408824
SIM01969,42.691423,2.82996749,3.39755945,0.198464,SN II,0.5800,0.151401
SIM01970,40.415153,3.78958524,3.03738428,-0.240230,SN II,0.5800,0.123851
SIM01971,26.983137,2.10243197,1.76636035,-0.189107,SN II,0.5800,0.724243
SIM01972,33.443554,2.30730752,1.69131495,-0.337202,SN II,0.5800,0.582816
SIM01973,4.583163,0.37574167,0.50824627,0.327962,SN II,0.5800,0.818153
SIM01974,29.831662,4.71579431,4.26095134,-0.110121,SN II,0.5800,0.061306
SIM01975,31.955218,4.67867638,4.95154224,0.061544,AGN flare,0.6700,0.455121
SIM01976,41.443706,1.55444989,2.12318678,0.338529,SN II,0.5800,0.761453
SIM01977,40.434637,4.73566438,3.83023886,-0.230388,AGN flare,0.6700,0.492745
SIM01978,22.565873,3.52355066,3.08315668,-0.144962,SN Ia,0.9100,0.970305
SIM01979,10.336174,1.24044062,1.07146013,-0.159000,SN II,0.5800,0.724917
SIM01980,13.048790,1.46291772,1.27649891,-0.147999,SN Ia,0.9100,0.823234
SIM01981,42.396691,2.84594848,2.04345645,-0.359654,SN II,0.5800,0.440196
SIM01982,33.572014,5.51232849,7.66929271,0.358551,AGN flare,0.6700,0.682763
SIM01983,12.494664,0.67569406,0.65926470,-0.026726,SN Ia,0.9100,0.751222
SIM01984,14.914930,1.32569185,1.75948755,0.307359,SN Ia,0.9100,0.645702
SIM01985,5.840489,0.27538260,0.34928935,0.258122,SN II,0.5800,0.418309
SIM01986,20.516852,3.11555337,3.15940917,0.015177,SN Ia,0.9100,0.980371
SIM01987,14.487251,2.42153633,2.26268891,-0.073665,SN Ia,0.9100,0.628983
SIM01988,19.543449,4.06373009,4.91176828,0.205783,SN Ia,0.9100,0.573148
SIM01989,31.675997,1.68747316,1.61070060,-0.050555,SN II,0.5800,0.325475
SIM01990,1.632920,0.05157395,0.05343562,0.038501,kilonova,0.7200,0.704462
SIM01991,3.925384,0.14589868,0.10628804,-0.343917,SN II,0.5800,0.868962
SIM01992,23.354559,6.90911688,6.80999611,-0.015689,SN Ia,0.9100,0.343685
SIM01993,20.094747,3.51991183,4.23817550,0.201618,SN Ia,0.9100,0.991171
SIM01994,33.948953,4.40265464,4.60430153,0.048623,AGN flare,0.6700,0.580866
SIM01995,19.495200,6.55456687,7.19442606,0.101130,SN Ia,0.9100,0.558618
SIM01996,5.537670,0.65819464,0.57239712,-0.151642,SN II,0.5800,0.774695
SIM01997,12.204997,1.43666008,1.60457796,0.120017,SN Ia,0.9100,0.775194
SIM01998,2.420662,0.11903920,0.10367375,-0.150053,kilonova,0.7200,0.307257
SIM01999,25.397753,2.54903019,1.90953618,-0.313618,SN II,0.5800,0.231275
SIM02000,28.914207,3.88394503,4.69557266,0.206039,SN II,0.5800,0.367792
SIM02001,26.940962,2.13861266,2.46599598,0.154651,SN II,0.5800,0.236457
SIM02002,30.323382,2.98143630,3.23032430,0.087051,SN II,0.5800,0.922130
SIM02003,30.421367,2.82639286,3.19433290,0.132869,SN II,0.5800,0.378477
SIM02004,31.486185,5.37117613,4.58000206,-0.173009,AGN flare,0.6700,0.965478
SIM02005,41.021187,4.49012479,6.26573028,0.361783,AGN flare,0.6700,0.344518
SIM02006,9.411519,0.70505449,0.56482961,-0.240763,SN II,0.5800,0.237278
SIM02007,33.215705,1.61115475,1.58783910,-0.015827,SN II,0.5800,0.710057
SIM02008,12.385953,1.01015275,0.71825379,-0.370273,SN II,0.5800,0.864333
SIM02009,17.127012,2.74665803,2.63425437,-0.045367,SN Ia,0.9100,0.541072
SIM02010,7.185850,0.83950184,1.07214047,0.265575,SN II,0.5800,0.817988
SIM02011,41.247775,1.00885320,0.79811392,-0.254408,SN II,0.5800,0.650549
SIM02012,25.008384,3.38559426,2.89114983,-0.171411,SN II,0.5800,0.607971
SIM02013,19.360364,2.03867904,1.69013835,-0.203567,SN II,0.5800,0.800235
SIM02014,34.491401,2.92428645,2.46670873,-0.184755,SN II,0.5800,0.139407
SIM02015,31.637302,3.05925670,2.92964010,-0.047004,SN II,0.5800,0.266214
SIM02016,8.172936,0.98103303,0.79151111,-0.233067,SN II,0.5800,0.873242
SIM02017,7.780352,0.29596815,0.32311469,0.095279,SN II,0.5800,0.777646
SIM02018,2.363982,0.14726477,0.18875953,0.269525,SN II,0.5800,0.421855
SIM02019,20.221922,1.02713219,1.34512713,0.292842,SN Ia,0.9100,0.285002
SIM02020,40.637137,6.81349381,5.43993994,-0.244439,AGN flare,0.6700,0.422818
SIM02021,37.678885,1.77073420,1.26498727,-0.365168,SN II,0.5800,0.533448
SIM02022,25.203894,1.49308043,1.70665591,0.145157,SN II,0.5800,0.172765
SIM02023,35.584948,4.36421883,3.45282456,-0.254330,AGN flare,0.6700,0.570725
SIM02024,13.993184,1.23393922,1.34685088,0.095064,SN Ia,0.9100,0.271411
SIM02025,11.877431,2.83029631,2.67800438,-0.060052,SN II,0.5800,0.585439
SIM02026,10.711375,1.33396827,1.21873316,-0.098092,SN II,0.5800,0.604933
SIM02027,24.846366,0.78281188,0.77494818,-0.010962,SN Ia,0.9100,0.147732
SIM02028,25.036053,4.09528617,5.40467171,0.301213,SN II,0.5800,0.608216
SIM02029,34.947685,2.60786470,3.52266933,0.326467,SN II,0.5800,0.591341
SIM02030,37.414901,3.22783522,2.62179148,-0.225783,SN II,0.5800,0.480560
SIM02031,32.387345,6.70822056,7.12870287,0.066008,AGN flare,0.6700,0.944974
SIM02032,17.368434,0.93543353,1.00896346,0.082156,SN Ia,0.9100,0.772841
SIM02033,11.270238,0.74909164,0.62463407,-0.197273,SN II,0.5800,0.851764
SIM02034,25.905932,1.87343391,2.32418365,0.234080,SN II,0.5800,0.223724
SIM02035,43.052839,0.85836421,0.95806164,0.119305,SN II,0.5800,0.676517
SIM02036,27.496625,3.19921485,2.34253179,-0.338395,SN II,0.5800,0.537357
SIM02037,16.465143,1.75498501,2.31236660,0.299458,SN Ia,0.9100,0.285275
SIM02038,31.450846,2.69693948,3.60952325,0.316447,SN II,0.5800,0.255548
SIM02039,14.225914,1.50094971,1.77896647,0.184504,SN Ia,0.9100,0.365101
SIM02040,6.176319,0.44184027,0.47957291,0.088973,SN II,0.5800,0.655554
SIM02041,1.060208,0.01011193,0.01322172,0.291135,SN II,0.5800,0.087409
SIM02042,10.814159,1.64397955,1.50634845,-0.094927,SN II,0.5800,0.956439
SIM02043,4.997612,0.23144938,0.25951586,0.124270,SN II,0.5800,0.971765
SIM02044,32.756043,4.13756103,5.66277081,0.340711,AGN flare,0.6700,0.903637
SIM02045,13.072324,3.40042058,2.88900166,-0.176962,SN Ia,0.9100,0.391526
SIM02046,34.901489,5.46682891,5.48568971,0.003739,AGN flare,0.6700,0.448028
SIM02047,8.365449,0.89303666,0.78850707,-0.135159,SN II,0.5800,0.896278
SIM02048,36.328717,2.74765098,1.92617486,-0.385665,SN II,0.5800,0.117913
SIM02049,37.437959,7.96549364,7.13811614,-0.119073,AGN flare,0.6700,0.936695
SIM02050,20.372456,3.53550475,4.50318833,0.262672,SN Ia,0.9100,0.678572
SIM02051,13.586402,0.58992819,0.52167686,-0.133494,SN Ia,0.9100,0.191936
SIM02052,26.119217,1.66718227,2.19057255,0.296436,SN II,0.5800,0.368511
SIM02053,1.137747,0.00808071,0.00582440,-0.355495,kilonova,0.7200,0.557310
SIM02054,2.126754,0.07016457,0.07563438,0.081503,kilonova,0.7200,0.216181
SIM02055,37.896066,7.10752950,9.61214144,0.327754,AGN flare,0.6700,0.971612
SIM02056,17.182641,2.26594429,2.83368437,0.242756,SN Ia,0.9100,0.168096
SIM02057,10.964231,1.30535834,1.81915367,0.360349,SN II,0.5800,0.335905
SIM02058,1.172196,0.02467066,0.01892446,-0.287893,kilonova,0.7200,0.518658
SIM02059,27.383029,3.68342093,4.14425069,0.127987,SN II,0.5800,0.952497
SIM02060,43.783568,2.74106570,3.16632271,0.156589,SN II,0.5800,0.730374
SIM02061,30.930320,3.50862864,4.21485982,0.199114,AGN flare,0.6700,0.351660
SIM02062,11.233389,0.75608366,0.61933259,-0.216615,SN II,0.5800,0.282130
SIM02063,14.092144,1.44116670,1.99213497,0.351511,SN Ia,0.9100,0.526356
SIM02064,25.162733,2.98753262,3.79378218,0.259399,SN II,0.5800,0.522648
SIM02065,23.543845,1.58855858,1.34884042,-0.177607,SN Ia,0.9100,0.089290
SIM02066,13.517268,0.72160853,0.79456023,0.104563,SN Ia,0.9100,0.114643
SIM02067,34.255751,3.62845200,3.63262349,0.001248,SN II,0.5800,0.794415
SIM02068,30.904957,1.94135553,1.71869827,-0.132264,SN II,0.5800,0.746685
SIM02069,17.305877,0.71313157,0.99141223,0.357712,SN Ia,0.9100,0.119117
SIM02070,12.061843,1.06430313,1.05090662,-0.013753,SN Ia,0.9100,0.432850
SIM02071,30.931790,7.07041505,6.52659410,-0.086896,AGN flare,0.6700,0.084490
SIM02072,10.478093,0.35983089,0.40811980,0.136723,SN II,0.5800,0.894230
SIM02073,5.369759,0.40272097,0.44742050,0.114279,SN II,0.5800,0.399556
SIM02074,4.169557,0.07286457,0.08243975,0.134051,SN II,0.5800,0.057957
SIM02075,23.118424,1.71195851,1.54287854,-0.112904,SN Ia,0.9100,0.413429
SIM02076,27.833479,5.16615925,5.18619465,0.004203,SN II,0.5800,0.338051
SIM02077,28.557808,4.80672940,5.14513315,0.073867,SN II,0.5800,0.585563
SIM02078,30.300842,3.25875546,3.79490189,0.165372,SN II,0.5800,0.599655
SIM02079,44.936093,2.37805209,3.28690802,0.351415,SN II,0.5800,0.814523
SIM02080,25.380918,1.51385562,1.50044998,-0.009657,SN II,0.5800,0.426390
SIM02081,20.024152,1.92005807,2.11513738,0.105061,SN Ia,0.9100,0.102058
SIM02082,29.990516,2.66663279,2.33104179,-0.146033,SN II,0.5800,0.038234
SIM02083,21.750140,3.20276145,3.56221739,0.115490,SN Ia,0.9100,0.605047
SIM02084,2.950336,0.05667890,0.07636163,0.323634,SN II,0.5800,0.706072
SIM02085,20.611076,1.13032766,1.30250118,0.153934,SN Ia,0.9100,0.764584
SIM02086,18.283272,0.94201045,1.12574469,0.193460,SN Ia,0.9100,0.770915
SIM02087,18.613388,3.30979590,2.37150014,-0.361945,SN II,0.5800,0.204652
SIM02088,40.164855,2.03879193,1.83584117,-0.113844,SN II,0.5800,0.394769
SIM02089,22.175194,1.94384485,2.08337229,0.075263,SN Ia,0.9100,0.263945
SIM02090,2.386443,0.13183883,0.15861168,0.200730,SN II,0.5800,0.858784
SIM02091,39.437626,1.83108597,1.68044922,-0.093208,SN II,0.5800,0.581798
SIM02092,19.307357,0.85616013,1.11804266,0.289758,SN Ia,0.9100,0.667078
SIM02093,14.148598,2.65399681,2.12550354,-0.241096,SN II,0.5800,0.629058
SIM02094,11.254737,2.77122846,3.77896077,0.336750,SN II,0.5800,0.382851
SIM02095,23.331687,1.99645798,2.72999208,0.339753,SN Ia,0.9100,0.969681
SIM02096,44.744486,4.60307497,5.35022551,0.163310,AGN flare,0.6700,0.907915
SIM02097,19.956906,5.65083909,5.07901295,-0.115834,SN Ia,0.9100,0.359555
SIM02098,31.383167,1.42098280,1.18733593,-0.195038,SN II,0.5800,0.106767
SIM02099,40.966600,7.13274445,7.50897135,0.055809,AGN flare,0.6700,0.746081
SIM02100,31.229216,3.20573453,2.53056132,-0.256777,SN II,0.5800,0.241984
SIM02101,16.127774,2.20843426,1.91937728,-0.152310,SN Ia,0.9100,0.237678
SIM02102,39.481037,6.62783019,8.25356340,0.238175,AGN flare,0.6700,0.195080
SIM02103,22.466864,5.79289877,4.98035504,-0.164089,SN Ia,0.9100,0.482465
SIM02104,26.922645,0.94052794,1.14659649,0.215097,SN II,0.5800,0.666631
SIM02105,20.673541,3.19796908,3.01266202,-0.064810,SN Ia,0.9100,0.085220
SIM02106,33.648218,4.10975783,5.09061784,0.232386,AGN flare,0.6700,0.827511
SIM02107,31.429921,7.19232945,5.23529087,-0.344822,AGN flare,0.6700,0.941978
SIM02108,20.899875,4.92528998,3.78732651,-0.285248,SN II,0.5800,0.586490
SIM02109,4.922904,0.33317445,0.32102704,-0.040325,SN II,0.5800,0.272924
SIM02110,36.625778,2.94205323,3.58569244,0.214806,SN II,0.5800,0.185346
SIM02111,36.288840,4.93602698,5.58436521,0.133991,AGN flare,0.6700,0.985544
SIM02112,31.584976,3.57096295,3.91669377,0.100336,SN II,0.5800,0.285395
SIM02113,14.473541,3.67853985,5.06037099,0.346267,SN Ia,0.9100,0.686262
SIM02114,23.211737,3.35863432,3.87703870,0.155844,SN Ia,0.9100,0.943252
SIM02115,33.895104,2.12090091,1.55136398,-0.339517,SN II,0.5800,0.780359
SIM02116,19.822704,1.11529010,1.16734645,0.049530,SN Ia,0.9100,0.898284
SIM02117,13.199480,2.93257938,3.40811785,0.163162,SN Ia,0.9100,0.595949
SIM02118,11.973285,2.00487348,2.76030840,0.347177,SN II,0.5800,0.515239
SIM02119,16.598778,3.95383556,3.71250731,-0.068378,SN Ia,0.9100,0.649784
SIM02120,7.709740,0.67094345,0.68726604,0.026097,SN II,0.5800,0.801907
SIM02121,10.448475,0.80637192,1.01728129,0.252264,SN II,0.5800,0.597174
SIM02122,18.310671,1.44309382,1.22279026,-0.179856,SN Ia,0.9100,0.690443
SIM02123,14.736899,0.90940163,0.92486873,0.018311,SN Ia,0.9100,0.988106
SIM02124,17.955713,3.48129585,4.19411189,0.202248,SN Ia,0.9100,0.458787
SIM02125,18.514836,1.01284050,1.04388685,0.032781,SN Ia,0.9100,0.640406
SIM02126,5.658610,0.24763401,0.27765276,0.124229,SN II,0.5800,0.344544
SIM02127,30.297165,3.98525336,3.85706194,-0.035498,SN II,0.5800,0.078831
SIM02128,10.318473,1.87625051,1.49544443,-0.246301,SN II,0.5800,0.976151
SIM02129,41.225722,2.82738291,3.31027479,0.171199,SN II,0.5800,0.329207
SIM02130,17.118804,2.97287812,2.99031047,0.006348,SN Ia,0.9100,0.562788
SIM02131,6.114783,0.35146664,0.28717304,-0.219351,SN II,0.5800,0.524419
SIM02132,31.900741,3.46750856,4.05299434,0.169396,AGN flare,0.6700,0.421628
SIM02133,44.193954,0.84649753,0.92942997,0.101477,SN II,0.5800,0.695313
SIM02134,17.828716,1.78031895,1.54912384,-0.151029,SN Ia,0.9100,0.791687
SIM02135,38.983919,2.59100730,2.64739905,0.023377,SN II,0.5800,0.131541
SIM02136,33.274501,5.54563093,7.41382881,0.315229,AGN flare,0.6700,0.903373
SIM02137,12.520682,1.17211476,0.90931776,-0.275636,SN II,0.5800,0.687287
SIM02138,8.724652,0.52534989,0.39994866,-0.296111,SN II,0.5800,0.867890
SIM02139,23.680103,4.59411230,5.73804183,0.241405,SN Ia,0.9100,0.225686
SIM02140,32.062882,2.77865024,2.55383136,-0.091604,SN II,0.5800,0.227060
SIM02141,14.319762,0.88094536,1.15551581,0.294567,SN Ia,0.9100,0.378975
SIM02142,25.666442,5.39349667,4.36657875,-0.229323,SN II,0.5800,0.952926
SIM02143,41.998377,3.58204038,4.58939992,0.269064,AGN flare,0.6700,0.641810
SIM02144,2.374844,0.08359452,0.09036586,0.084567,kilonova,0.7200,0.947787
SIM02145,35.787553,7.37500917,6.93338639,-0.067043,AGN flare,0.6700,0.907864
SIM02146,1.107750,0.01204565,0.01264447,0.052676,kilonova,0.7200,0.441096
SIM02147,4.160273,0.36768506,0.31490885,-0.168228,SN II,0.5800,0.245225
SIM02148,34.915228,1.46078357,1.33613760,-0.096837,SN II,0.5800,0.943732
SIM02149,13.144233,1.21051249,1.59850045,0.301859,SN Ia,0.9100,0.809317
SIM02150,17.942178,1.30527595,0.97296881,-0.319009,SN II,0.5800,0.371959
SIM02151,28.898818,0.85773066,1.11273775,0.282605,SN II,0.5800,0.186016
SIM02152,3.406628,0.03980071,0.03582604,-0.114230,SN II,0.5800,0.578848
SIM02153,29.884175,2.53952824,2.36869415,-0.075610,SN II,0.5800,0.579835
SIM02154,5.802012,0.20194091,0.27179688,0.322550,SN II,0.5800,0.209280
SIM02155,25.392714,1.88311040,1.66685815,-0.132443,SN II,0.5800,0.640959
SIM02156,35.288500,7.40845679,7.54709263,0.020130,AGN flare,0.6700,0.549486
SIM02157,16.462380,1.72563242,2.38345731,0.350648,SN Ia,0.9100,0.055646
SIM02158,33.883210,2.95344073,2.61641648,-0.131553,SN II,0.5800,0.718842
SIM02159,22.831901,2.21089433,1.55479857,-0.382235,SN II,0.5800,0.098093
SIM02160,40.941912,1.41165944,1.64982361,0.169269,SN II,0.5800,0.036276
SIM02161,41.968486,3.22489329,3.23643597,0.003879,SN II,0.5800,0.586149
SIM02162,27.566455,1.68910090,2.06847723,0.219988,SN II,0.5800,0.789533
SIM02163,33.321168,2.26404444,2.23334573,-0.014822,SN II,0.5800,0.509192
SIM02164,2.787139,0.07465360,0.08174565,0.098535,kilonova,0.7200,0.267038
SIM02165,8.170218,1.43199609,1.73683030,0.209539,SN II,0.5800,0.606470
SIM02166,25.828360,2.23316864,2.15490686,-0.038733,SN II,0.5800,0.218931
SIM02167,27.244941,4.33461646,3.74168560,-0.159708,SN II,0.5800,0.269155
SIM02168,41.361065,3.72317469,3.57943133,-0.042748,SN II,0.5800,0.733988
SIM02169,7.540236,0.59998299,0.75858459,0.254663,SN II,0.5800,0.073887
SIM02170,41.224741,1.98210344,1.60923103,-0.226270,SN II,0.5800,0.914429
SIM02171,37.038711,3.38222876,3.74071550,0.109379,SN II,0.5800,0.246988
SIM02172,31.264247,1.72369779,2.23360540,0.281363,SN II,0.5800,0.717497
SIM02173,11.724628,1.62294403,1.55780982,-0.044473,SN II,0.5800,0.257545
SIM02174,24.163568,2.49476263,2.18609377,-0.143401,SN Ia,0.9100,0.483096
SIM02175,44.328195,2.04892551,2.35487469,0.151104,SN II,0.5800,0.138174
SIM02176,10.107650,0.65134061,0.90893755,0.361815,SN II,0.5800,0.965764
SIM02177,17.157736,4.34872998,3.27024225,-0.309456,SN II,0.5800,0.900910
SIM02178,13.033065,1.49614255,1.98978148,0.309581,SN Ia,0.9100,0.512784
SIM02179,23.671741,1.90396004,2.34501440,0.226219,SN Ia,0.9100,0.556232
SIM02180,44.131659,4.86415185,3.85976719,-0.251115,AGN flare,0.6700,0.736735
SIM02181,27.390084,3.87159605,3.96485666,0.025844,SN II,0.5800,0.812803
SIM02182,12.251468,1.86457531,2.15155660,0.155432,SN Ia,0.9100,0.489503
SIM02183,1.687276,0.04775170,0.04137110,-0.155729,kilonova,0.7200,0.385991
SIM02184,7.045943,1.19491388,1.64434108,0.346638,SN II,0.5800,0.674122
SIM02185,8.092292,1.15395204,0.80855108,-0.386201,SN II,0.5800,0.342197
SIM02186,7.563401,0.31302298,0.35474996,0.135865,SN II,0.5800,0.067327
SIM02187,39.154616,1.81975794,1.40273553,-0.282595,SN II,0.5800,0.524747
SIM02188,16.365491,1.20670215,1.14470336,-0.057268,SN Ia,0.9100,0.505471
SIM02189,4.705970,0.41897193,0.46628074,0.116156,SN II,0.5800,0.129200
SIM02190,28.778608,0.95097676,0.67203643,-0.376943,SN II,0.5800,0.530438
SIM02191,8.814125,0.36932470,0.48992833,0.306810,SN II,0.5800,0.145200
SIM02192,30.673601,4.31974627,4.78544729,0.111161,AGN flare,0.6700,0.333225
SIM02193,37.018425,1.99849320,2.38350549,0.191284,SN II,0.5800,0.140720
SIM02194,22.163942,1.82419597,2.11356417,0.159860,SN Ia,0.9100,0.733351
SIM02195,15.316957,0.92150580,1.23492339,0.317855,SN Ia,0.9100,0.551983
SIM02196,28.255313,5.11452031,6.97714694,0.337182,SN II,0.5800,0.954647
SIM02197,33.498007,2.62217799,2.32130582,-0.132325,SN II,0.5800,0.710937
SIM02198,26.540167,6.23923907,5.81489558,-0.076474,SN II,0.5800,0.171337
SIM02199,29.939253,1.77870225,1.58834814,-0.122894,SN II,0.5800,0.401178
SIM02200,29.778294,4.44126561,3.29702395,-0.323462,SN II,0.5800,0.893967
SIM02201,32.011862,5.68868506,6.55636953,0.154129,AGN flare,0.6700,0.888319
SIM02202,33.829337,1.74703092,1.25225465,-0.361520,SN II,0.5800,0.716849
SIM02203,38.268000,1.85361424,1.87020191,0.009673,SN II,0.5800,0.841263
SIM02204,34.241366,1.19834042,1.01312897,-0.182289,SN II,0.5800,0.745439
SIM02205,12.037001,1.98854191,1.66073472,-0.195586,SN Ia,0.9100,0.415387
SIM02206,7.152766,0.39966657,0.39634436,-0.009063,SN II,0.5800,0.378648
SIM02207,2.690231,0.10686150,0.13905750,0.285933,SN II,0.5800,0.420716
SIM02208,39.417025,6.94576927,8.39281063,0.205468,AGN flare,0.6700,0.567079
SIM02209,23.506718,4.38824464,6.06101749,0.350637,SN Ia,0.9100,0.180182
SIM02210,40.532678,3.93531754,5.09104579,0.279568,AGN flare,0.6700,0.286254
SIM02211,18.217086,4.35663918,3.78919979,-0.151510,SN Ia,0.9100,0.847416
SIM02212,29.922716,3.83651912,4.46762774,0.165349,SN II,0.5800,0.888500
SIM02213,39.897255,5.66575997,6.48064770,0.145901,AGN flare,0.6700,0.552551
SIM02214,9.460170,1.67002397,2.27502530,0.335659,SN II,0.5800,0.042066
SIM02215,14.359142,1.88065317,1.55603351,-0.205724,SN II,0.5800,0.765641
SIM02216,9.633056,1.35528906,1.06761340,-0.259045,SN II,0.5800,0.581682
SIM02217,13.091356,1.07509082,1.26210099,0.174122,SN Ia,0.9100,0.257510
SIM02218,43.121978,3.03266376,2.18387376,-0.356492,SN II,0.5800,0.939466
SIM02219,28.878355,6.46339733,4.79696569,-0.323736,SN II,0.5800,0.743648
SIM02220,17.756094,2.33983001,2.72510846,0.165499,SN Ia,0.9100,0.349153
SIM02221,4.163832,0.13077926,0.11344257,-0.154407,SN II,0.5800,0.048372
SIM02222,8.577189,0.82449065,1.14631432,0.357795,SN II,0.5800,0.279188
SIM02223,36.166792,5.00507701,5.62277248,0.126349,AGN flare,0.6700,0.139891
SIM02224,37.461377,5.16516530,4.29253533,-0.200926,AGN flare,0.6700,0.086034
SIM02225,12.261812,1.90596233,1.70832731,-0.118858,SN Ia,0.9100,0.525340
SIM02226,2.522846,0.16040543,0.14681373,-0.096131,kilonova,0.7200,0.029813
SIM02227,40.593716,5.84154092,4.95027233,-0.179746,AGN flare,0.6700,0.954188
SIM02228,29.197516,2.31318893,2.74992968,0.187776,SN II,0.5800,0.184070
SIM02229,40.182391,4.21631125,3.03362643,-0.357426,AGN flare,0.6700,0.213476
SIM02230,35.858754,0.87787035,0.65727332,-0.314211,SN II,0.5800,0.582739
SIM02231,7.062810,0.79316717,0.98955670,0.240190,SN II,0.5800,0.913340
SIM02232,43.756105,1.66451103,2.09022039,0.247264,SN II,0.5800,0.332460
SIM02233,42.275337,2.95576157,2.59876217,-0.139757,SN II,0.5800,0.723021
SIM02234,13.470490,2.04663232,2.61912452,0.267791,SN Ia,0.9100,0.140137
SIM02235,8.616642,0.76794626,0.89985363,0.172103,SN II,0.5800,0.717105
SIM02236,36.536223,2.25093102,1.58341512,-0.381918,SN II,0.5800,0.352223
SIM02237,27.439621,3.18770450,2.70522354,-0.178187,SN II,0.5800,0.442034
SIM02238,31.095004,2.68189005,2.62883687,-0.021693,SN II,0.5800,0.048447
SIM02239,5.642567,0.68411955,0.80442728,0.175887,SN II,0.5800,0.862910
SIM02240,30.289274,6.30263760,7.03862365,0.119914,AGN flare,0.6700,0.531456
SIM02241,8.104652,0.27493714,0.21383898,-0.272866,SN II,0.5800,0.391733
SIM02242,13.860813,2.77521202,2.46499394,-0.128701,SN Ia,0.9100,0.894384
SIM02243,37.696463,2.30422651,1.93147065,-0.191593,SN II,0.5800,0.064782
SIM02244,10.692859,0.33413395,0.23988145,-0.359810,SN II,0.5800,0.807229
SIM02245,39.067527,2.29264449,1.64260290,-0.362010,SN II,0.5800,0.857446
SIM02246,17.485068,2.47217088,2.64886442,0.074953,SN Ia,0.9100,0.329344
SIM02247,7.604398,0.48288731,0.64412248,0.312807,SN II,0.5800,0.038353
SIM02248,10.825256,0.95672302,0.99732652,0.045128,SN II,0.5800,0.501830
SIM02249,12.609419,0.79220733,1.00431756,0.257581,SN Ia,0.9100,0.138339
SIM02250,24.670435,4.73692526,4.46602776,-0.063938,SN Ia,0.9100,0.928292
SIM02251,35.381521,4.04991858,4.20649259,0.041185,AGN flare,0.6700,0.450329
SIM02252,37.979322,3.99378826,4.23447479,0.063536,AGN flare,0.6700,0.890857
SIM02253,16.541237,0.78534922,0.68375784,-0.150401,SN Ia,0.9100,0.095716
SIM02254,43.968831,4.55854957,4.64038503,0.019318,AGN flare,0.6700,0.521300
SIM02255,10.913002,1.73682146,1.70918091,-0.017418,SN II,0.5800,0.742347
SIM02256,39.214928,5.09989439,5.08353467,-0.003488,AGN flare,0.6700,0.826067
SIM02257,19.696802,1.71594378,1.56863541,-0.097453,SN Ia,0.9100,0.257513
SIM02258,34.994614,3.15102673,2.87375078,-0.100007,SN II,0.5800,0.114184
SIM02259,35.368034,5.53315478,6.23538622,0.129726,AGN flare,0.6700,0.174286
SIM02260,23.064176,5.76747451,6.42271759,0.116833,SN Ia,0.9100,0.631106
SIM02261,8.504193,0.57330230,0.40865004,-0.367580,SN II,0.5800,0.253532
SIM02262,18.588377,3.98818727,5.21142217,0.290452,SN Ia,0.9100,0.929845
SIM02263,12.948655,0.64384219,0.59938750,-0.077679,SN Ia,0.9100,0.102760
SIM02264,43.291122,3.41483727,2.52771846,-0.326603,SN II,0.5800,0.912060
SIM02265,11.776159,1.25480954,1.11605554,-0.127230,SN II,0.5800,0.137100
SIM02266,24.538412,2.55408077,3.06626240,0.198437,SN Ia,0.9100,0.225921
SIM02267,6.791919,0.52428752,0.53098764,0.013787,SN II,0.5800,0.368406
SIM02268,8.254628,0.57486846,0.65763899,0.146048,SN II,0.5800,0.687757
SIM02269,29.099454,2.16055651,2.89479369,0.317630,SN II,0.5800,0.532745
SIM02270,21.155362,1.76495199,2.44733157,0.354900,SN Ia,0.9100,0.406211
SIM02271,36.375312,2.04261182,1.81845116,-0.126210,SN II,0.5800,0.234105
SIM02272,14.360583,1.99162406,1.96213450,-0.016196,SN Ia,0.9100,0.861164
SIM02273,7.820532,0.99053795,1.24288543,0.246400,SN II,0.5800,0.394762
SIM02274,12.319428,2.69156484,3.24495017,0.203008,SN Ia,0.9100,0.522525
SIM02275,32.260635,6.71646796,9.25702414,0.348326,AGN flare,0.6700,0.349436
SIM02276,14.107997,3.87595120,5.12410433,0.303099,SN Ia,0.9100,0.435500
SIM02277,19.199158,2.64881614,2.16262880,-0.220175,SN II,0.5800,0.171905
SIM02278,14.317221,1.49697599,1.53012512,0.023780,SN Ia,0.9100,0.035309
SIM02279,16.045792,1.04462626,1.08330452,0.039474,SN Ia,0.9100,0.905174
SIM02280,29.742857,7.37431825,7.71158505,0.048554,SN II,0.5800,0.021130
SIM02281,3.620149,0.27704914,0.25825801,-0.076258,SN II,0.5800,0.131616
SIM02282,34.395891,3.37413195,2.66351868,-0.256766,SN II,0.5800,0.553831
SIM02283,26.242934,6.05604413,4.56064247,-0.307908,SN II,0.5800,0.831038
SIM02284,15.139335,1.51533744,1.91729232,0.255447,SN Ia,0.9100,0.441083
SIM02285,4.141076,0.13037900,0.09271410,-0.370155,SN II,0.5800,0.050855
SIM02286,17.746727,0.93698202,0.74560087,-0.248062,SN II,0.5800,0.901828
SIM02287,24.927027,5.29414454,7.24227981,0.340199,SN Ia,0.9100,0.691377
SIM02288,18.041026,0.67112331,0.84201267,0.246291,SN Ia,0.9100,0.662181
SIM02289,14.082668,1.31604887,1.77782224,0.326541,SN Ia,0.9100,0.248352
SIM02290,44.865742,2.11419809,1.74985643,-0.205358,SN II,0.5800,0.711601
SIM02291,41.833573,1.41489982,1.13211314,-0.242090,SN II,0.5800,0.208459
SIM02292,10.925607,0.80859881,0.94126301,0.164945,SN II,0.5800,0.239818
SIM02293,12.718173,0.89448196,0.65816342,-0.333095,SN II,0.5800,0.090456
SIM02294,1.213368,0.01166355,0.01207966,0.038060,kilonova,0.7200,0.889097
SIM02295,28.034162,2.24974188,2.24774738,-0.000963,SN II,0.5800,0.320968
SIM02296,3.363810,0.05244343,0.04434246,-0.182178,SN II,0.5800,0.330893
SIM02297,5.518876,0.29153843,0.30824152,0.060488,SN II,0.5800,0.693223
SIM02298,22.875593,5.26735463,5.33765206,0.014394,SN Ia,0.9100,0.212309
SIM02299,2.870468,0.11881683,0.10736282,-0.110060,kilonova,0.7200,0.083637
SIM02300,8.920278,1.33847306,1.73067159,0.279013,SN II,0.5800,0.844356
SIM02301,11.918082,1.46896681,1.27174236,-0.156532,SN II,0.5800,0.598378
SIM02302,42.205885,2.78692981,3.81878025,0.341997,SN II,0.5800,0.863036
SIM02303,41.786257,2.67657112,1.96363278,-0.336296,SN II,0.5800,0.021591
SIM02304,41.616626,4.92669777,6.75125466,0.342071,AGN flare,0.6700,0.237309
SIM02305,43.687602,1.41450064,1.25956640,-0.125955,SN II,0.5800,0.995520
SIM02306,42.346121,2.56931731,3.27999095,0.265137,SN II,0.5800,0.804032
SIM02307,40.489962,1.83432068,1.94252277,0.062227,SN II,0.5800,0.934024
SIM02308,27.978443,3.05150621,3.21961305,0.058224,SN II,0.5800,0.917132
SIM02309,26.113087,6.02828535,6.08791114,0.010686,SN II,0.5800,0.689340
SIM02310,31.441118,3.19793102,4.05196040,0.256990,AGN flare,0.6700,0.881616
SIM02311,44.414488,3.19647077,3.46995084,0.089131,SN II,0.5800,0.851820
SIM02312,11.577844,0.97230812,1.22728852,0.252857,SN II,0.5800,0.710316
SIM02313,1.280106,0.00706384,0.00786818,0.117084,kilonova,0.7200,0.775208
SIM02314,16.133434,1.22276707,1.38183034,0.132777,SN Ia,0.9100,0.430348
SIM02315,12.914420,0.93058153,1.18087593,0.258625,SN Ia,0.9100,0.381627
SIM02316,32.393504,2.40649118,2.15558648,-0.119547,SN II,0.5800,0.670433
SIM02317,38.978361,2.87195692,2.53146761,-0.137014,SN II,0.5800,0.099158
SIM02318,9.325980,1.10612679,1.48355262,0.318745,SN II,0.5800,0.590829
SIM02319,7.403740,0.33275922,0.29804773,-0.119611,SN II,0.5800,0.574570
SIM02320,23.073376,1.36306180,1.80916785,0.307408,SN Ia,0.9100,0.630458
SIM02321,27.465762,1.97294178,2.43273462,0.227451,SN II,0.5800,0.015040
SIM02322,29.768915,6.03420003,4.42715075,-0.336238,SN II,0.5800,0.033794
SIM02323,35.539734,1.88212194,2.17579913,0.157428,SN II,0.5800,0.675056
SIM02324,13.666812,3.31277091,3.40481731,0.029756,SN Ia,0.9100,0.396308
SIM02325,31.165901,5.96674165,8.04999811,0.325146,AGN flare,0.6700,0.781563
SIM02326,43.092587,2.68302053,2.27151695,-0.180770,SN II,0.5800,0.117453
SIM02327,16.026367,2.56952850,2.35416900,-0.095040,SN Ia,0.9100,0.926806
SIM02328,44.202967,3.38674607,4.32249901,0.264881,AGN flare,0.6700,0.065511
SIM02329,1.444597,0.01133198,0.00984578,-0.152639,kilonova,0.7200,0.859173
SIM02330,20.657716,3.99273770,3.83528474,-0.043683,SN Ia,0.9100,0.339388
SIM02331,3.088603,0.19279445,0.26608747,0.349825,SN II,0.5800,0.931679
SIM02332,5.303204,0.48437385,0.39129767,-0.231684,SN II,0.5800,0.065285
SIM02333,10.055405,0.74088167,0.88818201,0.196883,SN II,0.5800,0.988428
SIM02334,3.223816,0.24168053,0.19938287,-0.208885,SN II,0.5800,0.079101
SIM02335,44.115123,2.04868611,1.70241943,-0.201022,SN II,0.5800,0.658627
SIM02336,8.520078,0.46667427,0.35659372,-0.292100,SN II,0.5800,0.484378
SIM02337,24.870470,1.83035105,1.73578620,-0.057595,SN Ia,0.9100,0.072046
SIM02338,25.315154,1.53493626,2.11590179,0.348513,SN II,0.5800,0.649440
SIM02339,30.413436,2.43140477,2.86737034,0.179066,SN II,0.5800,0.970241
SIM02340,4.929386,0.37046339,0.31150854,-0.188188,SN II,0.5800,0.655168
SIM02341,38.443905,1.25507933,1.31856689,0.053577,SN II,0.5800,0.204591
SIM02342,23.299008,2.11423543,2.11305370,-0.000607,SN Ia,0.9100,0.202073
SIM02343,8.328467,1.42546759,1.46655228,0.030851,SN II,0.5800,0.558483
SIM02344,31.767421,7.51657274,7.01444278,-0.075067,AGN flare,0.6700,0.177288
SIM02345,41.329167,5.28728780,4.24414065,-0.238608,AGN flare,0.6700,0.789160
SIM02346,6.204005,0.15118968,0.14414032,-0.051842,SN II,0.5800,0.415302
SIM02347,29.933401,4.68689520,5.17884761,0.108370,SN II,0.5800,0.410832
SIM02348,17.844240,0.72861041,0.64047114,-0.139990,SN Ia,0.9100,0.722890
SIM02349,36.153630,3.78208899,3.73547489,-0.013465,SN II,0.5800,0.189085
SIM02350,11.674943,2.55858446,2.51470143,-0.018783,SN II,0.5800,0.535111
SIM02351,22.673897,2.06361102,2.06615700,0.001339,SN Ia,0.9100,0.898418
SIM02352,40.203174,2.29047754,1.95940235,-0.169506,SN II,0.5800,0.952762
SIM02353,6.991311,0.24986068,0.25549494,0.024211,SN II,0.5800,0.459952
SIM02354,1.629344,0.02193647,0.02263273,0.033926,kilonova,0.7200,0.303385
SIM02355,3.380039,0.10159266,0.07849022,-0.280117,SN II,0.5800,0.599519
SIM02356,10.679005,1.64190855,1.16575784,-0.371852,SN II,0.5800,0.497796
SIM02357,29.032506,6.04955081,7.78200406,0.273421,SN II,0.5800,0.662638
SIM02358,10.869771,2.33657406,2.43185873,0.043397,SN II,0.5800,0.925361
SIM02359,3.146011,0.16925692,0.18274274,0.083234,SN II,0.5800,0.796997
SIM02360,8.355234,0.35082069,0.25448146,-0.348573,SN II,0.5800,0.956036
SIM02361,10.659301,0.62583679,0.84642860,0.327823,SN II,0.5800,0.506833
SIM02362,38.628047,2.27786562,1.98830343,-0.147614,SN II,0.5800,0.589670
SIM02363,32.114901,4.03451408,3.69992535,-0.093996,AGN flare,0.6700,0.952387
SIM02364,1.856903,0.03515219,0.04854681,0.350521,SN II,0.5800,0.847454
SIM02365,11.838625,2.14946609,2.36382771,0.103213,SN II,0.5800,0.647337
SIM02366,28.170093,7.15473434,6.59051259,-0.089186,SN II,0.5800,0.892156
SIM02367,14.895818,1.46288046,1.67705751,0.148348,SN Ia,0.9100,0.300461
SIM02368,44.759888,3.24159786,4.45200982,0.344492,AGN flare,0.6700,0.115527
SIM02369,33.861577,1.66348039,1.69995312,0.023548,SN II,0.5800,0.116429
SIM02370,44.992267,1.88672673,2.03810742,0.083795,SN II,0.5800,0.125198
SIM02371,42.111830,3.97446424,3.51476252,-0.133457,SN II,0.5800,0.153805
SIM02372,15.335325,0.59715084,0.62533560,0.050073,SN Ia,0.9100,0.390511
SIM02373,34.455645,1.23726686,1.31919004,0.069610,SN II,0.5800,0.687142
SIM02374,14.833977,0.72103298,0.68822965,-0.050554,SN Ia,0.9100,0.379267
SIM02375,36.063799,1.85245961,2.26305602,0.217366,SN II,0.5800,0.207071
SIM02376,2.697457,0.23836063,0.21958306,-0.089089,kilonova,0.7200,0.283342
SIM02377,21.239769,2.55170593,3.36724677,0.301111,SN Ia,0.9100,0.712133
SIM02378,18.574520,5.57596916,4.62065956,-0.204041,SN II,0.5800,0.668410
SIM02379,8.596288,1.89827122,1.87320602,-0.014432,SN II,0.5800,0.741070
SIM02380,13.899567,0.89949538,0.67704411,-0.308455,SN II,0.5800,0.456815
SIM02381,38.529400,2.57841363,2.18765929,-0.178432,SN II,0.5800,0.558118
SIM02382,23.408609,2.78593403,2.85885481,0.028053,SN Ia,0.9100,0.447730
SIM02383,17.580518,1.31948163,1.42506752,0.083580,SN Ia,0.9100,0.194024
SIM02384,15.104329,3.26294851,3.38644479,0.040334,SN Ia,0.9100,0.346230
SIM02385,2.514192,0.07353431,0.05743333,-0.268315,kilonova,0.7200,0.474134
SIM02386,28.108190,3.50093880,3.99925143,0.144485,SN II,0.5800,0.062737
SIM02387,3.168993,0.16140076,0.17590749,0.093447,SN II,0.5800,0.229254
SIM02388,16.151701,2.47777053,2.65188061,0.073732,SN Ia,0.9100,0.228442
SIM02389,28.673243,1.31260622,1.61202235,0.223091,SN II,0.5800,0.803076
SIM02390,44.425968,5.96881346,6.12849445,0.028664,AGN flare,0.6700,0.265709
SIM02391,31.959138,2.39347937,1.87133048,-0.267198,SN II,0.5800,0.605525
SIM02392,32.263466,2.59745803,2.19078676,-0.184871,SN II,0.5800,0.637238
SIM02393,6.702119,1.26518432,1.44439129,0.143828,SN II,0.5800,0.261440
SIM02394,25.743386,3.47791145,4.01579312,0.156132,SN II,0.5800,0.601359
SIM02395,40.983868,5.16574681,5.58648127,0.085013,AGN flare,0.6700,0.889860
SIM02396,27.516701,3.13511277,2.43027588,-0.276494,SN II,0.5800,0.557812
SIM02397,10.787008,1.33579078,1.77249036,0.307114,SN II,0.5800,0.333400
SIM02398,9.435876,0.88948031,1.24135644,0.361900,SN II,0.5800,0.617591
SIM02399,5.444301,0.16093240,0.16825421,0.048306,SN II,0.5800,0.527771
SIM02400,14.898856,2.29276071,2.92062240,0.262792,SN Ia,0.9100,0.679120
SIM02401,12.382422,0.96129028,0.83120080,-0.157871,SN Ia,0.9100,0.028353
SIM02402,42.866471,4.67093237,6.50681037,0.359911,AGN flare,0.6700,0.091476
SIM02403,40.600722,1.70566493,2.14098739,0.246801,SN II,0.5800,0.384752
SIM02404,40.164674,4.27122110,3.82981062,-0.118437,AGN flare,0.6700,0.159271
SIM02405,4.351852,0.27665819,0.22999475,-0.200564,SN II,0.5800,0.530449
SIM02406,4.492891,0.24937250,0.20097098,-0.234288,SN II,0.5800,0.522955
SIM02407,6.885494,0.57182362,0.77310063,0.327435,SN II,0.5800,0.918251
SIM02408,43.448360,2.84601119,2.13154699,-0.313854,SN II,0.5800,0.972051
SIM02409,31.458153,0.84688469,0.65539512,-0.278303,SN II,0.5800,0.347791
SIM02410,42.237027,3.40438488,4.31230152,0.256676,AGN flare,0.6700,0.010566
SIM02411,24.973433,1.36115943,1.82884014,0.320667,SN Ia,0.9100,0.657628
SIM02412,44.809384,4.18344335,3.30168542,-0.256996,AGN flare,0.6700,0.476164
SIM02413,40.458295,4.04077572,4.12886789,0.023416,AGN flare,0.6700,0.358123
SIM02414,1.515425,0.01348767,0.01030323,-0.292409,kilonova,0.7200,0.054148
SIM02415,34.245449,6.61606800,8.47823044,0.269263,AGN flare,0.6700,0.209643
SIM02416,38.380523,4.01292042,3.47713434,-0.155598,AGN flare,0.6700,0.298990
SIM02417,24.172572,1.49580146,1.80794618,0.205779,SN Ia,0.9100,0.789300
SIM02418,44.253757,3.05707914,3.14371950,0.030343,SN II,0.5800,0.585771
SIM02419,27.069094,5.33961958,7.33153221,0.344211,SN II,0.5800,0.477842
SIM02420,20.632946,0.97665062,1.01370540,0.040431,SN Ia,0.9100,0.011576
SIM02421,20.340240,1.09444639,1.44338664,0.300470,SN Ia,0.9100,0.915459
SIM02422,6.033628,0.51311466,0.37843851,-0.330548,SN II,0.5800,0.297424
SIM02423,24.509436,3.12933392,2.33520637,-0.317817,SN II,0.5800,0.613017
SIM02424,27.902572,2.24978491,3.04589852,0.328936,SN II,0.5800,0.891107
SIM02425,28.134660,4.42774321,4.50612134,0.019051,SN II,0.5800,0.706780
SIM02426,17.399865,3.32349993,3.68784659,0.112943,SN Ia,0.9100,0.602903
SIM02427,17.907571,2.43968458,2.46935720,0.013126,SN Ia,0.9100,0.440949
SIM02428,17.668735,2.13199578,2.80273705,0.296990,SN Ia,0.9100,0.194910
SIM02429,29.585001,4.05078665,4.71640401,0.165179,SN II,0.5800,0.400079
SIM02430,1.461015,0.02604157,0.02970538,0.142920,kilonova,0.7200,0.926758
SIM02431,29.933837,3.26069926,4.09564087,0.247528,SN II,0.5800,0.129559
SIM02432,39.948649,3.03043922,3.58947272,0.183813,SN II,0.5800,0.542836
SIM02433,44.809882,0.81164208,0.90607949,0.119504,SN II,0.5800,0.226199
SIM02434,11.006913,2.19063039,1.98276662,-0.108244,SN II,0.5800,0.364706
SIM02435,10.922659,0.51667862,0.71482472,0.352448,SN II,0.5800,0.734851
SIM02436,16.823532,1.95654954,2.58836811,0.303838,SN Ia,0.9100,0.094965
SIM02437,39.242668,5.48566350,5.53119664,0.008975,AGN flare,0.6700,0.435500
SIM02438,1.367683,0.01996967,0.02629540,0.298772,SN II,0.5800,0.223811
SIM02439,39.848522,3.56066822,4.27223900,0.197810,AGN flare,0.6700,0.933347
SIM02440,26.303385,1.94336492,1.67983150,-0.158222,SN II,0.5800,0.103168
SIM02441,14.159258,2.06238185,1.45360725,-0.379805,SN II,0.5800,0.502050
SIM02442,23.335676,2.24791832,1.89980078,-0.182681,SN Ia,0.9100,0.743137
SIM02443,8.456282,0.96913294,0.74242067,-0.289333,SN II,0.5800,0.150375
SIM02444,9.984148,0.49234083,0.67917189,0.349285,SN II,0.5800,0.374674
SIM02445,18.326185,1.63454895,1.24443239,-0.296067,SN II,0.5800,0.869995
SIM02446,15.391965,0.80070895,0.97725335,0.216331,SN Ia,0.9100,0.977501
SIM02447,18.546641,3.10534914,2.61679780,-0.185851,SN Ia,0.9100,0.314852
SIM02448,15.923469,2.08872120,1.59497121,-0.292819,SN II,0.5800,0.386365
SIM02449,33.327652,2.30070512,2.60084084,0.133132,SN II,0.5800,0.652248
SIM02450,9.460075,0.94470654,1.30619108,0.351774,SN II,0.5800,0.014929
SIM02451,36.957484,1.04421558,1.16713891,0.120831,SN II,0.5800,0.095203
SIM02452,37.995512,3.45879806,2.77171074,-0.240443,SN II,0.5800,0.513016
SIM02453,33.971472,1.86209661,1.46451285,-0.260773,SN II,0.5800,0.378008
SIM02454,8.258053,0.42790750,0.38922805,-0.102864,SN II,0.5800,0.911084
SIM02455,40.772894,4.16505312,4.80083907,0.154242,AGN flare,0.6700,0.332552
SIM02456,21.635683,2.82296832,2.85459729,0.012097,SN Ia,0.9100,0.852010
SIM02457,44.517115,5.75330286,5.25628982,-0.098095,AGN flare,0.6700,0.074391
SIM02458,10.796990,1.69356859,2.05562144,0.210351,SN II,0.5800,0.915039
SIM02459,35.272622,1.18163766,1.22600248,0.040018,SN II,0.5800,0.329868
SIM02460,39.271316,5.07781064,6.30517036,0.235051,AGN flare,0.6700,0.726867
SIM02461,23.871078,4.49721849,5.65872142,0.249436,SN Ia,0.9100,0.571233
SIM02462,44.423873,2.40224649,2.60662735,0.088653,SN II,0.5800,0.321515
SIM02463,6.584226,0.87606173,0.72101765,-0.211472,SN II,0.5800,0.898453
SIM02464,44.422932,2.11067240,2.19426788,0.042172,SN II,0.5800,0.335655
SIM02465,6.256852,0.55627454,0.71649672,0.274813,SN II,0.5800,0.951385
SIM02466,22.936310,1.45003053,1.44819391,-0.001376,SN Ia,0.9100,0.581576
SIM02467,44.708506,1.77462207,1.30036638,-0.337600,SN II,0.5800,0.971886
SIM02468,9.886049,1.59847474,1.34912410,-0.184135,SN II,0.5800,0.461810
SIM02469,19.614599,1.46945935,1.09380501,-0.320544,SN II,0.5800,0.707596
SIM02470,43.730947,2.91459315,3.08937323,0.063231,SN II,0.5800,0.144166
SIM02471,33.511294,2.16742867,2.09052556,-0.039223,SN II,0.5800,0.122703
SIM02472,31.841144,2.03233733,1.51482538,-0.319083,SN II,0.5800,0.835460
SIM02473,9.445304,1.34467999,1.82500649,0.331614,SN II,0.5800,0.874892
SIM02474,7.702121,0.84390080,0.68966155,-0.219138,SN II,0.5800,0.462033
SIM02475,42.262819,1.67411582,1.80748179,0.083221,SN II,0.5800,0.882351
SIM02476,21.911006,2.95542182,2.29288893,-0.275591,SN II,0.5800,0.688691
SIM02477,13.921679,0.52024649,0.67376931,0.280755,SN Ia,0.9100,0.157062
SIM02478,41.410982,2.80766122,2.06857096,-0.331686,SN II,0.5800,0.659258
SIM02479,24.503392,5.34526724,4.59028313,-0.165325,SN Ia,0.9100,0.993381
SIM02480,26.069637,3.12464564,4.36843598,0.363813,SN II,0.5800,0.720508
SIM02481,21.734804,2.84380848,3.10582338,0.095691,SN Ia,0.9100,0.989439
SIM02482,39.891299,5.34651022,4.37087948,-0.218754,AGN flare,0.6700,0.830038
SIM02483,32.449472,0.84107715,0.64850578,-0.282305,SN II,0.5800,0.218906
SIM02484,34.626509,5.45855882,5.22969143,-0.046505,AGN flare,0.6700,0.938095
SIM02485,7.669078,0.45430812,0.40090317,-0.135778,SN II,0.5800,0.735977
SIM02486,37.722009,3.35975103,3.71625869,0.109497,SN II,0.5800,0.315014
SIM02487,25.152122,1.94084770,2.50673334,0.277792,SN II,0.5800,0.812499
SIM02488,35.216456,1.15958243,1.41993510,0.219917,SN II,0.5800,0.807543
SIM02489,28.171657,4.60537962,3.95489290,-0.165327,SN II,0.5800,0.474299
SIM02490,14.265883,2.20659960,2.04418397,-0.083009,SN Ia,0.9100,0.712790
SIM02491,27.096911,1.42073449,1.85683678,0.290652,SN II,0.5800,0.647583
SIM02492,38.454782,6.10617734,4.44004231,-0.345956,AGN flare,0.6700,0.425246
SIM02493,9.695099,1.06536315,1.24154712,0.166164,SN II,0.5800,0.655429
SIM02494,1.754507,0.03944071,0.03458983,-0.142491,kilonova,0.7200,0.645550
SIM02495,28.807954,2.74704797,2.06732714,-0.308643,SN II,0.5800,0.055167
SIM02496,40.052079,7.55404014,10.54794978,0.362472,AGN flare,0.6700,0.740935
SIM02497,26.029743,3.50881886,4.77349973,0.334190,SN II,0.5800,0.966731
SIM02498,20.178938,1.87733989,1.87028429,-0.004088,SN Ia,0.9100,0.809070
SIM02499,41.573848,1.83035253,1.96591599,0.077576,SN II,0.5800,0.128658
SIM02500,24.618731,5.30679549,5.45208944,0.029327,SN Ia,0.9100,0.158001
SIM02501,41.971396,4.56273847,3.36086196,-0.331937,AGN flare,0.6700,0.676543
SIM02502,18.643490,1.95323399,1.74322401,-0.123503,SN Ia,0.9100,0.140461
SIM02503,29.615394,3.14234954,3.85029908,0.220600,SN II,0.5800,0.502693
SIM02504,8.120591,0.61974206,0.72288454,0.167145,SN II,0.5800,0.633557
SIM02505,33.822705,3.67517084,4.07237488,0.111426,AGN flare,0.6700,0.254355
SIM02506,6.515098,0.88519921,1.20877985,0.338265,SN II,0.5800,0.816586
SIM02507,37.206835,2.54608760,2.31042800,-0.105452,SN II,0.5800,0.861585
SIM02508,13.021434,1.76502183,1.25753409,-0.368076,SN II,0.5800,0.111291
SIM02509,9.798350,2.00261536,1.52438589,-0.296257,SN II,0.5800,0.162344
SIM02510,44.409610,2.55602913,2.83841172,0.113774,SN II,0.5800,0.871995
SIM02511,33.423461,2.29833025,2.75966803,0.198611,SN II,0.5800,0.041747
SIM02512,42.457837,2.29177387,2.44594698,0.070688,SN II,0.5800,0.555318
SIM02513,26.083147,2.21897995,2.36610394,0.069701,SN II,0.5800,0.098475
SIM02514,23.114706,1.77134192,2.13171959,0.201069,SN Ia,0.9100,0.753707
SIM02515,8.110371,0.93210171,1.06249255,0.142156,SN II,0.5800,0.185651
SIM02516,27.827189,1.13127554,1.31314425,0.161860,SN II,0.5800,0.112067
SIM02517,7.175123,1.22246332,0.91458213,-0.315033,SN II,0.5800,0.749101
SIM02518,7.280667,0.13089545,0.09347421,-0.365582,SN II,0.5800,0.730851
SIM02519,40.921667,0.77820808,0.57049065,-0.337118,SN II,0.5800,0.407087
SIM02520,15.173081,1.80808953,1.39795524,-0.279317,SN II,0.5800,0.632321
SIM02521,7.316941,0.43971346,0.36842527,-0.192051,SN II,0.5800,0.989021
SIM02522,12.726360,1.84684027,2.58425583,0.364765,SN Ia,0.9100,0.549172
SIM02523,6.118004,0.71024428,0.78766062,0.112328,SN II,0.5800,0.384941
SIM02524,37.079588,1.66332066,1.79754995,0.084262,SN II,0.5800,0.917993
SIM02525,35.292095,1.97386024,2.20522352,0.120341,SN II,0.5800,0.380124
SIM02526,3.761747,0.29129219,0.23247528,-0.244880,SN II,0.5800,0.152671
SIM02527,1.665638,0.03337858,0.03653112,0.097988,kilonova,0.7200,0.944828
SIM02528,34.792202,2.75412242,3.22691116,0.172009,SN II,0.5800,0.806829
SIM02529,10.102206,0.69690043,0.77969468,0.121885,SN II,0.5800,0.889717
SIM02530,27.008099,3.01170179,2.42508700,-0.235212,SN II,0.5800,0.107276
SIM02531,1.415496,0.03407688,0.03493685,0.027060,kilonova,0.7200,0.553764
SIM02532,9.268001,0.72210275,0.70944102,-0.019207,SN II,0.5800,0.499208
SIM02533,41.241696,3.99836721,2.96872471,-0.323282,SN II,0.5800,0.490595
SIM02534,3.370229,0.06261366,0.06066503,-0.034327,SN II,0.5800,0.159017
SIM02535,42.106637,1.86101957,1.39530300,-0.312706,SN II,0.5800,0.369103
SIM02536,35.501576,5.18694365,5.87192142,0.134672,AGN flare,0.6700,0.643973
SIM02537,19.789816,3.62732768,2.89302889,-0.245585,SN II,0.5800,0.224296
SIM02538,36.078619,0.96326222,1.09705420,0.141209,SN II,0.5800,0.682385
SIM02539,21.490389,3.13831146,3.49240364,0.116071,SN Ia,0.9100,0.038728
SIM02540,19.132467,4.56942842,4.28873586,-0.068831,SN Ia,0.9100,0.623231
SIM02541,43.955214,2.71632562,3.46357300,0.263856,SN II,0.5800,0.850741
SIM02542,10.949548,1.19810973,1.13509417,-0.058662,SN II,0.5800,0.802977
SIM02543,16.958398,3.48747314,4.55843185,0.290761,SN Ia,0.9100,0.129057
SIM02544,18.793974,1.65546454,2.18974565,0.303684,SN Ia,0.9100,0.485917
SIM02545,21.451108,3.96238008,3.62246593,-0.097380,SN Ia,0.9100,0.137478
SIM02546,41.433708,4.52265701,5.47527143,0.207530,AGN flare,0.6700,0.835835
SIM02547,30.428256,2.09923675,2.75043478,0.293350,SN II,0.5800,0.475437
SIM02548,19.795531,2.03128298,1.74214725,-0.166714,SN Ia,0.9100,0.680178
SIM02549,44.706483,2.01148277,2.11684634,0.055433,SN II,0.5800,0.037609
SIM02550,8.100043,0.75334772,0.59733919,-0.251936,SN II,0.5800,0.373422
SIM02551,28.299195,6.93061030,8.91640836,0.273546,SN II,0.5800,0.191236
SIM02552,25.605829,3.87267157,4.32988483,0.121164,SN II,0.5800,0.382874
SIM02553,11.473257,2.45440360,2.89028736,0.177488,SN II,0.5800,0.657978
SIM02554,43.142786,2.43474801,3.11403192,0.267173,SN II,0.5800,0.652639
SIM02555,1.053307,0.02219215,0.01868013,-0.187049,kilonova,0.7200,0.393778
SIM02556,44.229060,3.12470397,3.49406665,0.121306,SN II,0.5800,0.849855
SIM02557,21.048868,5.32579385,5.22425391,-0.020900,SN Ia,0.9100,0.615027
SIM02558,14.216651,0.86919096,0.63630625,-0.338623,SN II,0.5800,0.299009
SIM02559,38.101455,3.28275901,2.67917278,-0.220596,SN II,0.5800,0.353235
SIM02560,20.822934,2.23678194,1.81201048,-0.228657,SN II,0.5800,0.539365
SIM02561,12.973182,1.07221854,1.12135242,0.048647,SN Ia,0.9100,0.847858
SIM02562,1.738137,0.01317289,0.01693022,0.272454,SN II,0.5800,0.670714
SIM02563,11.655246,1.29998600,1.35458330,0.044668,SN II,0.5800,0.729927
SIM02564,27.445379,0.72285010,0.59917845,-0.203730,SN II,0.5800,0.945673
SIM02565,40.553011,1.12590628,1.28844139,0.146406,SN II,0.5800,0.198276
SIM02566,40.248293,6.52109123,8.11119083,0.236911,AGN flare,0.6700,0.778548
SIM02567,37.602675,3.57708438,2.53582750,-0.373524,SN II,0.5800,0.694539
SIM02568,20.573724,6.03136646,6.13386257,0.018296,SN Ia,0.9100,0.706934
SIM02569,26.753941,1.53275412,1.31414351,-0.167074,SN II,0.5800,0.257491
SIM02570,31.947242,5.82700367,7.17154539,0.225419,AGN flare,0.6700,0.636094
SIM02571,7.420085,0.53145303,0.65249658,0.222783,SN II,0.5800,0.419242
SIM02572,31.576020,2.09787158,1.71655542,-0.217803,SN II,0.5800,0.413886
SIM02573,26.510263,2.63789798,1.86197803,-0.378209,SN II,0.5800,0.731332
SIM02574,16.259738,2.56382086,1.84065572,-0.359788,SN II,0.5800,0.690530
SIM02575,17.645538,4.09580433,4.13191173,0.009530,SN Ia,0.9100,0.660824
SIM02576,30.975510,1.69436354,1.96114475,0.158758,SN II,0.5800,0.569066
SIM02577,3.094201,0.07232694,0.05518195,-0.293758,SN II,0.5800,0.524583
SIM02578,18.392931,2.52765378,3.07496425,0.212806,SN Ia,0.9100,0.067013
SIM02579,27.263160,5.91970521,8.22495799,0.357084,SN II,0.5800,0.232573
SIM02580,10.720726,0.68655328,0.55731286,-0.226438,SN II,0.5800,0.254731
SIM02581,23.044805,5.59912590,4.07527228,-0.344909,SN II,0.5800,0.766601
SIM02582,29.076206,0.98193323,1.27830253,0.286379,SN II,0.5800,0.134630
SIM02583,12.171944,1.59930679,2.17779799,0.335215,SN Ia,0.9100,0.915606
SIM02584,38.375851,4.49178364,3.32059415,-0.328008,AGN flare,0.6700,0.234920
SIM02585,7.184444,0.19590416,0.18088948,-0.086576,SN II,0.5800,0.050271
SIM02586,13.991790,1.84560452,1.94928911,0.059344,SN Ia,0.9100,0.850894
SIM02587,1.685271,0.05392720,0.03889016,-0.354920,kilonova,0.7200,0.890642
SIM02588,35.995419,2.69907047,2.97966896,0.107384,SN II,0.5800,0.635066
SIM02589,10.345550,0.65400224,0.78434575,0.197321,SN II,0.5800,0.181306
SIM02590,2.498174,0.07330780,0.06899961,-0.065759,kilonova,0.7200,0.868037
SIM02591,25.883289,2.17686261,2.62172498,0.201890,SN II,0.5800,0.567936
SIM02592,42.956561,3.63820929,2.68895465,-0.328261,SN II,0.5800,0.301022
SIM02593,14.202691,1.77439821,1.38452865,-0.269373,SN II,0.5800,0.691027
SIM02594,3.397572,0.12325755,0.08836693,-0.361309,SN II,0.5800,0.328789
SIM02595,36.610896,3.60862729,2.94789267,-0.219576,SN II,0.5800,0.750222
SIM02596,39.244123,1.46595594,1.58814646,0.086924,SN II,0.5800,0.693225
SIM02597,9.920559,1.76123396,2.21762700,0.250179,SN II,0.5800,0.948113
SIM02598,31.071824,3.06907798,2.73516789,-0.125060,SN II,0.5800,0.373699
SIM02599,36.663046,2.71673467,3.61809256,0.311081,SN II,0.5800,0.516832
SIM02600,44.069608,4.77538810,4.49532058,-0.065620,AGN flare,0.6700,0.991681
SIM02601,22.102332,3.19727298,3.40852775,0.069468,SN Ia,0.9100,0.176572
SIM02602,17.208257,2.78396537,2.25753370,-0.227574,SN II,0.5800,0.197761
SIM02603,29.323195,4.72773096,3.37393309,-0.366291,SN II,0.5800,0.442571
SIM02604,37.580838,3.55057446,3.76836373,0.064635,SN II,0.5800,0.397001
SIM02605,1.220351,0.00712817,0.00934180,0.293631,SN II,0.5800,0.191964
SIM02606,13.559565,2.37650696,2.74205293,0.155342,SN Ia,0.9100,0.309169
SIM02607,16.016563,1.24841868,1.20348636,-0.039798,SN Ia,0.9100,0.291716
SIM02608,10.117109,0.66696474,0.61894486,-0.081127,SN II,0.5800,0.105215
SIM02609,9.377687,0.83954844,0.65073138,-0.276610,SN II,0.5800,0.871773
SIM02610,3.617161,0.12086297,0.08949688,-0.326213,SN II,0.5800,0.295798
SIM02611,20.407974,2.46286495,2.37806201,-0.038044,SN Ia,0.9100,0.900491
SIM02612,28.928210,2.04411335,2.55504870,0.242236,SN II,0.5800,0.930556
SIM02613,11.550387,1.71990604,1.78036208,0.037509,SN II,0.5800,0.025695
SIM02614,11.678199,0.64245853,0.82117391,0.266475,SN II,0.5800,0.950978
SIM02615,15.026062,2.13283091,2.36042291,0.110083,SN Ia,0.9100,0.194492
SIM02616,41.004381,3.64060442,4.57229481,0.247402,AGN flare,0.6700,0.523696
SIM02617,22.556306,3.68423339,4.06558048,0.106939,SN Ia,0.9100,0.298972
SIM02618,7.712492,0.76703267,0.85397288,0.116576,SN II,0.5800,0.018279
SIM02619,9.248388,1.11569745,1.55342546,0.359360,SN II,0.5800,0.903290
SIM02620,4.134911,0.50143896,0.61285468,0.217849,SN II,0.5800,0.953245
SIM02621,17.760417,3.50931562,4.41349970,0.248902,SN Ia,0.9100,0.716442
SIM02622,37.095907,3.60864456,4.03385597,0.120941,AGN flare,0.6700,0.961168
SIM02623,15.254245,3.43191893,4.22802084,0.226500,SN Ia,0.9100,0.697342
SIM02624,7.414548,0.31379601,0.36285906,0.157726,SN II,0.5800,0.032684
SIM02625,30.022039,1.15461346,1.03257882,-0.121284,SN II,0.5800,0.548513
SIM02626,32.597076,3.48586516,2.64894432,-0.298094,SN II,0.5800,0.857651
SIM02627,26.953421,6.21999851,4.92053989,-0.254444,SN II,0.5800,0.362109
SIM02628,10.646520,0.87794840,1.14400608,0.287398,SN II,0.5800,0.895859
SIM02629,9.326261,2.52429594,2.44787164,-0.033379,SN II,0.5800,0.874219
SIM02630,42.622798,3.40997394,3.88939571,0.142828,SN II,0.5800,0.766769
SIM02631,15.940771,1.08600654,0.87896422,-0.229653,SN II,0.5800,0.795528
SIM02632,14.579573,2.25032232,2.69509912,0.195825,SN Ia,0.9100,0.285453
SIM02633,4.820933,0.26432140,0.22286529,-0.185225,SN II,0.5800,0.463336
SIM02634,22.830064,5.54541509,5.57246354,0.005283,SN Ia,0.9100,0.440856
SIM02635,27.392356,1.39080724,1.56140977,0.125625,SN II,0.5800,0.939495
SIM02636,27.444558,3.36227012,4.22734981,0.248589,SN II,0.5800,0.222739
SIM02637,17.205275,1.39195251,1.18687478,-0.173049,SN Ia,0.9100,0.826483
SIM02638,32.579987,4.82881492,4.20070484,-0.151296,AGN flare,0.6700,0.036052
SIM02639,27.153509,1.40152800,1.74042583,0.235134,SN II,0.5800,0.140341
SIM02640,20.222853,1.70836183,1.43695127,-0.187845,SN Ia,0.9100,0.610469
SIM02641,8.634801,0.34553184,0.46847740,0.330501,SN II,0.5800,0.897404
SIM02642,5.899834,0.44000258,0.31750259,-0.354270,SN II,0.5800,0.251325
SIM02643,29.618431,2.20044613,1.98016792,-0.114522,SN II,0.5800,0.347786
SIM02644,42.760227,1.00476856,1.03558783,0.032802,SN II,0.5800,0.313236
SIM02645,15.033937,3.48160879,3.44836982,-0.010415,SN Ia,0.9100,0.043876
SIM02646,17.411891,3.18679172,2.36659281,-0.323075,SN II,0.5800,0.249651
SIM02647,10.979187,0.84677357,0.99039040,0.170098,SN II,0.5800,0.719144
SIM02648,2.965940,0.09742320,0.12790736,0.295583,SN II,0.5800,0.788427
SIM02649,8.799148,0.55591155,0.65191692,0.172966,SN II,0.5800,0.221380
SIM02650,37.950909,4.46818022,5.39712238,0.205079,AGN flare,0.6700,0.944633
SIM02651,40.298272,4.34571855,4.12767291,-0.055891,AGN flare,0.6700,0.683432
SIM02652,7.191974,0.30915784,0.23632303,-0.291686,SN II,0.5800,0.667758
SIM02653,19.752684,2.74419443,2.47902960,-0.110333,SN Ia,0.9100,0.539443
SIM02654,22.571710,3.00135704,3.69442391,0.225573,SN Ia,0.9100,0.891914
SIM02655,14.179643,4.25068323,5.77754759,0.333212,SN Ia,0.9100,0.177917
SIM02656,7.852229,0.19224753,0.22896970,0.189793,SN II,0.5800,0.050699
SIM02657,21.446220,3.08506476,2.25995072,-0.337913,SN II,0.5800,0.720677
SIM02658,43.156270,2.11990312,2.58329628,0.214646,SN II,0.5800,0.305394
SIM02659,38.239187,3.49996257,3.60223006,0.031270,SN II,0.5800,0.146126
SIM02660,25.537276,4.41149377,5.33314232,0.205994,SN II,0.5800,0.992210
SIM02661,36.654174,3.96210498,4.61728992,0.166153,AGN flare,0.6700,0.113124
SIM02662,16.314884,5.38107757,4.41943088,-0.213757,SN II,0.5800,0.494742
SIM02663,18.816611,3.34891414,2.95597858,-0.135507,SN Ia,0.9100,0.879914
SIM02664,20.800837,4.82948662,6.69438076,0.354524,SN Ia,0.9100,0.515062
SIM02665,26.911827,2.94463641,2.15408791,-0.339421,SN II,0.5800,0.813173
SIM02666,31.543364,5.95281344,5.00252901,-0.188832,AGN flare,0.6700,0.877925
SIM02667,29.168338,5.47503822,7.14935194,0.289699,SN II,0.5800,0.056882
SIM02668,8.282143,1.06077774,1.02911804,-0.032898,SN II,0.5800,0.072030
SIM02669,39.982752,2.31581949,1.99876991,-0.159855,SN II,0.5800,0.705992
SIM02670,27.094513,1.78768562,1.55328228,-0.152602,SN II,0.5800,0.533051
SIM02671,13.227154,1.34939144,1.05829210,-0.263831,SN II,0.5800,0.696766
SIM02672,12.512300,2.18846933,1.93365173,-0.134406,SN Ia,0.9100,0.718133
SIM02673,40.657573,3.49440959,3.25712668,-0.076348,SN II,0.5800,0.994083
SIM02674,14.207811,0.34368132,0.37114115,0.083458,SN Ia,0.9100,0.624612
SIM02675,13.598763,1.44075160,1.37493315,-0.050769,SN Ia,0.9100,0.189420
SIM02676,24.959907,1.65942209,2.18512983,0.298801,SN Ia,0.9100,0.259408
SIM02677,21.910389,2.37640105,2.33890334,-0.017269,SN Ia,0.9100,0.581266
SIM02678,18.947432,1.34730353,1.86885632,0.355276,SN Ia,0.9100,0.425654
SIM02679,15.564485,2.28921357,2.87017567,0.245555,SN Ia,0.9100,0.424148
SIM02680,6.131480,0.38978016,0.32779086,-0.188057,SN II,0.5800,0.989830
SIM02681,42.228017,4.22409670,4.93756550,0.169448,AGN flare,0.6700,0.302763
SIM02682,6.696692,0.39382417,0.48380185,0.223413,SN II,0.5800,0.594880
SIM02683,10.680548,2.62841146,2.72310879,0.038429,SN II,0.5800,0.969926
SIM02684,20.789601,1.15124214,1.08992159,-0.059429,SN Ia,0.9100,0.917512
SIM02685,23.989326,2.90079956,2.80863734,-0.035055,SN Ia,0.9100,0.014273
SIM02686,3.261116,0.08097550,0.06927763,-0.169402,SN II,0.5800,0.434349
SIM02687,41.517026,0.88960826,1.05942744,0.189681,SN II,0.5800,0.696465
SIM02688,7.100457,1.37973568,1.87008025,0.330161,SN II,0.5800,0.823723
SIM02689,25.053569,2.18243908,2.51123677,0.152364,SN II,0.5800,0.354502
SIM02690,15.773364,0.84102266,1.06591863,0.257291,SN Ia,0.9100,0.764347
SIM02691,1.409283,0.01228140,0.01328324,0.085141,kilonova,0.7200,0.167029
SIM02692,43.276944,2.54866908,2.25189303,-0.134414,SN II,0.5800,0.904006
SIM02693,1.365283,0.01360433,0.01663049,0.218070,SN II,0.5800,0.371803
SIM02694,38.914259,1.43082076,1.45735302,0.019949,SN II,0.5800,0.086194
SIM02695,7.702420,0.81906938,0.69584202,-0.177025,SN II,0.5800,0.179717
SIM02696,23.945514,2.86543444,3.35136470,0.170078,SN Ia,0.9100,0.140947
SIM02697,1.517962,0.02119542,0.02526128,0.190533,SN II,0.5800,0.153396
SIM02698,15.539983,2.48478530,2.45660028,-0.012386,SN Ia,0.9100,0.714275
SIM02699,4.778675,0.09208346,0.10581615,0.150926,SN II,0.5800,0.446863
SIM02700,39.375308,5.41850037,7.57514167,0.363779,AGN flare,0.6700,0.960173
SIM02701,39.850314,1.45108795,1.16344761,-0.239867,SN II,0.5800,0.611975
SIM02702,23.224813,0.78045340,0.80033028,0.027306,SN Ia,0.9100,0.624812
SIM02703,18.865704,2.95906220,3.51711715,0.187582,SN Ia,0.9100,0.707859
SIM02704,19.262269,2.35288234,1.71401892,-0.343961,SN II,0.5800,0.205753
SIM02705,9.384053,1.30806735,1.00704877,-0.283949,SN II,0.5800,0.514414
SIM02706,26.292020,1.95170833,2.35957205,0.206046,SN II,0.5800,0.270195
SIM02707,17.930663,1.94544770,2.20351042,0.135239,SN Ia,0.9100,0.812562
SIM02708,23.650718,1.46226595,1.10406427,-0.305080,SN II,0.5800,0.098728
SIM02709,36.478120,1.15209848,0.84013625,-0.342850,SN II,0.5800,0.764316
SIM02710,44.591763,1.15134177,1.59235925,0.352092,SN II,0.5800,0.250884
SIM02711,14.641964,4.74622384,4.60585962,-0.032594,SN Ia,0.9100,0.670465
SIM02712,35.939921,1.10722312,1.06489771,-0.042318,SN II,0.5800,0.692518
SIM02713,43.432549,2.62744192,2.53949939,-0.036963,SN II,0.5800,0.607097
SIM02714,1.979913,0.12793971,0.09235193,-0.353899,kilonova,0.7200,0.006089
SIM02715,14.813966,1.53675892,2.01151189,0.292292,SN Ia,0.9100,0.545906
SIM02716,42.533178,1.36377975,1.32090896,-0.034678,SN II,0.5800,0.451351
SIM02717,9.714521,2.12582345,1.91693138,-0.112302,SN II,0.5800,0.226444
SIM02718,13.474973,1.84673107,2.29602183,0.236431,SN Ia,0.9100,0.949886
SIM02719,4.568025,0.15243119,0.20828537,0.338962,SN II,0.5800,0.457266
SIM02720,32.639131,4.47466550,4.31338554,-0.039856,AGN flare,0.6700,0.776085
SIM02721,29.168797,3.85948493,5.27732372,0.339711,SN II,0.5800,0.486493
SIM02722,39.228088,4.11185198,5.34014223,0.283788,AGN flare,0.6700,0.080563
SIM02723,13.347481,2.39708288,1.99021551,-0.201957,SN II,0.5800,0.779808
SIM02724,4.879964,0.24938773,0.29939752,0.198433,SN II,0.5800,0.522733
SIM02725,38.374914,3.48055101,3.70559708,0.068025,SN II,0.5800,0.389037
SIM02726,39.392581,1.53870461,1.34039508,-0.149806,SN II,0.5800,0.250448
SIM02727,36.622884,2.82164928,2.80474905,-0.006523,SN II,0.5800,0.894722
SIM02728,43.278901,3.23920510,2.39969686,-0.325705,SN II,0.5800,0.998656
SIM02729,15.113553,1.39999736,1.65458648,0.181406,SN Ia,0.9100,0.924432
SIM02730,37.084491,2.11126364,1.82812951,-0.156339,SN II,0.5800,0.943013
SIM02731,39.133807,1.76767954,1.99611949,0.131957,SN II,0.5800,0.303263
SIM02732,10.385625,0.93046375,1.06351256,0.145108,SN II,0.5800,0.405724
SIM02733,21.690930,5.53189401,6.87108580,0.235379,SN Ia,0.9100,0.016476
SIM02734,36.649440,1.79723486,1.54186393,-0.166397,SN II,0.5800,0.730499
SIM02735,39.253961,5.01625861,3.81937971,-0.295968,AGN flare,0.6700,0.259843
SIM02736,37.091612,2.99056003,3.28499063,0.101954,SN II,0.5800,0.438251
SIM02737,33.501163,2.30959749,2.84850475,0.227702,SN II,0.5800,0.695803
SIM02738,16.917430,2.12226829,2.22942037,0.053479,SN Ia,0.9100,0.187670
SIM02739,16.127328,1.02177181,0.93819142,-0.092656,SN Ia,0.9100,0.351626
SIM02740,15.388474,3.15693445,4.08728275,0.280423,SN Ia,0.9100,0.295696
SIM02741,6.924372,0.44789293,0.55175882,0.226438,SN II,0.5800,0.738740
SIM02742,40.946539,1.72186336,1.31502931,-0.292658,SN II,0.5800,0.399416
SIM02743,34.797991,1.55552731,1.17743020,-0.302356,SN II,0.5800,0.214240
SIM02744,25.352983,5.81616221,5.37573245,-0.085497,SN II,0.5800,0.232352
SIM02745,3.710842,0.05213025,0.03653837,-0.385852,SN II,0.5800,0.115247
SIM02746,24.610892,4.48360891,4.66289378,0.042569,SN Ia,0.9100,0.086914
SIM02747,7.421091,1.34025826,1.64120898,0.219938,SN II,0.5800,0.234605
SIM02748,16.200620,1.91442268,1.71870772,-0.117090,SN Ia,0.9100,0.154610
SIM02749,2.160175,0.15031044,0.20812793,0.353353,SN II,0.5800,0.380076
SIM02750,31.243794,1.16727510,0.81914343,-0.384533,SN II,0.5800,0.333088
SIM02751,36.101673,2.34015874,2.42681505,0.039478,SN II,0.5800,0.540722
SIM02752,9.596077,1.51046053,1.53070182,0.014453,SN II,0.5800,0.990234
SIM02753,32.814668,2.80211411,3.31948524,0.183962,SN II,0.5800,0.443075
SIM02754,9.306906,0.75637884,0.77374259,0.024643,SN II,0.5800,0.151233
SIM02755,19.199491,4.67505948,4.95026755,0.062104,SN Ia,0.9100,0.618395
SIM02756,29.804263,2.79604654,2.37316344,-0.178042,SN II,0.5800,0.606372
SIM02757,41.890129,4.56712673,4.14042660,-0.106495,AGN flare,0.6700,0.587439
SIM02758,3.055595,0.17292405,0.23815563,0.347514,SN II,0.5800,0.091028
SIM02759,9.813880,1.21754067,1.67376818,0.345530,SN II,0.5800,0.107339
SIM02760,6.665957,0.75087449,0.54071443,-0.356498,SN II,0.5800,0.380390
SIM02761,32.279536,1.87325732,1.40457630,-0.312630,SN II,0.5800,0.760955
SIM02762,23.448971,3.95695567,4.88255405,0.228215,SN Ia,0.9100,0.401790
SIM02763,17.076985,1.76088139,2.18991489,0.236743,SN Ia,0.9100,0.460944
SIM02764,24.444430,3.39986595,3.10320189,-0.099129,SN Ia,0.9100,0.320495
SIM02765,3.618921,0.36875581,0.27113932,-0.333866,SN II,0.5800,0.148024
SIM02766,13.684168,0.78801570,1.01958976,0.279726,SN Ia,0.9100,0.720004
SIM02767,23.129132,3.70938764,3.42191908,-0.087581,SN Ia,0.9100,0.265842
SIM02768,27.520905,1.74391294,1.82171539,0.047389,SN II,0.5800,0.966386
SIM02769,39.596224,5.36942861,5.58658940,0.043047,AGN flare,0.6700,0.496584
SIM02770,31.625994,2.40452723,2.52756360,0.054181,SN II,0.5800,0.297946
SIM02771,22.882380,2.19744164,1.71436805,-0.269533,SN II,0.5800,0.446730
SIM02772,3.448243,0.08861589,0.11314104,0.265271,SN II,0.5800,0.018085
SIM02773,36.497447,3.89425929,3.62208028,-0.078667,SN II,0.5800,0.144567
SIM02774,30.457807,3.20131660,3.31151051,0.036744,SN II,0.5800,0.267421
SIM02775,27.004230,1.57692019,1.19441599,-0.301635,SN II,0.5800,0.237704
SIM02776,10.625032,0.66601739,0.67568656,0.015649,SN II,0.5800,0.594557
SIM02777,25.251117,4.45174332,4.58300170,0.031550,SN II,0.5800,0.854518
SIM02778,7.223617,0.19768596,0.26428463,0.315240,SN II,0.5800,0.880028
SIM02779,18.938622,4.01351292,5.42471971,0.327132,SN Ia,0.9100,0.901363
SIM02780,15.578742,1.41882283,1.94272985,0.341211,SN Ia,0.9100,0.468161
SIM02781,16.923761,0.87268122,1.17606930,0.323943,SN Ia,0.9100,0.419072
SIM02782,35.976014,7.49580409,9.09222459,0.209630,AGN flare,0.6700,0.496831
SIM02783,14.192610,3.98854355,4.86697926,0.216113,SN Ia,0.9100,0.055903
SIM02784,29.526838,2.31215908,2.14704099,-0.080443,SN II,0.5800,0.454629
SIM02785,12.155515,0.47392716,0.48346638,0.021637,SN Ia,0.9100,0.013272
SIM02786,35.900920,2.20321568,1.92979813,-0.143863,SN II,0.5800,0.316253
SIM02787,27.347073,3.80569147,4.56864242,0.198384,SN II,0.5800,0.572811
SIM02788,36.696787,5.57472394,3.99701866,-0.361218,AGN flare,0.6700,0.351263
SIM02789,6.087061,0.39957947,0.53809180,0.323133,SN II,0.5800,0.342858
SIM02790,7.702552,0.56336487,0.53773135,-0.050561,SN II,0.5800,0.438859
SIM02791,28.880604,4.08175230,5.12171410,0.246422,SN II,0.5800,0.967315
SIM02792,28.317589,3.02136091,2.84988041,-0.063440,SN II,0.5800,0.833863
SIM02793,25.043992,5.47371598,6.49944590,0.186485,SN II,0.5800,0.886797
SIM02794,20.970189,5.21145763,5.42731708,0.044065,SN Ia,0.9100,0.820854
SIM02795,13.286983,1.46981625,1.59638830,0.089689,SN Ia,0.9100,0.961961
SIM02796,27.334329,1.27876808,1.69934715,0.308726,SN II,0.5800,0.252827
SIM02797,8.274329,1.08060326,1.19057999,0.105231,SN II,0.5800,0.047690
SIM02798,35.387322,3.19267155,4.29623002,0.322333,AGN flare,0.6700,0.494750
SIM02799,34.773030,1.30998265,1.61031083,0.224110,SN II,0.5800,0.684043
SIM02800,31.873355,1.79642703,2.33339449,0.283946,SN II,0.5800,0.041642
SIM02801,11.664015,1.10429323,0.84706370,-0.287921,SN II,0.5800,0.428455
SIM02802,7.155483,0.41929233,0.32678821,-0.270626,SN II,0.5800,0.802966
SIM02803,2.344850,0.07287313,0.07168311,-0.017876,kilonova,0.7200,0.945722
SIM02804,14.528656,2.07959134,2.04512437,-0.018146,SN Ia,0.9100,0.989521
SIM02805,18.690274,3.57656243,3.37793239,-0.062037,SN Ia,0.9100,0.845870
SIM02806,41.656772,1.50201319,1.84420525,0.222839,SN II,0.5800,0.507191
SIM02807,18.775492,1.95086883,2.01422335,0.034699,SN Ia,0.9100,0.200091
SIM02808,39.030723,3.84701986,4.80976847,0.242499,AGN flare,0.6700,0.542475
SIM02809,29.798400,3.05714010,3.52887028,0.155801,SN II,0.5800,0.996838
SIM02810,12.541295,1.89828723,1.67263425,-0.137402,SN Ia,0.9100,0.765409
SIM02811,38.384990,2.50722428,2.26478429,-0.110416,SN II,0.5800,0.273075
SIM02812,16.491277,3.57189805,3.45994283,-0.034575,SN Ia,0.9100,0.682562
SIM02813,36.710889,3.03120742,3.22729850,0.068059,SN II,0.5800,0.635751
SIM02814,38.859773,2.06676963,2.47306609,0.194859,SN II,0.5800,0.015935
SIM02815,18.222206,2.51545948,2.64938393,0.056319,SN Ia,0.9100,0.836954
SIM02816,6.017406,0.43841337,0.33257054,-0.300000,SN II,0.5800,0.462103
SIM02817,6.679646,0.32517367,0.32880135,0.012046,SN II,0.5800,0.136799
SIM02818,44.829590,1.89872405,2.13195231,0.125789,SN II,0.5800,0.673930
SIM02819,6.692533,0.68348514,0.51804397,-0.300906,SN II,0.5800,0.430080
SIM02820,28.377807,3.53436973,3.24426555,-0.092989,SN II,0.5800,0.815888
SIM02821,42.041287,2.09694545,2.08404026,-0.006703,SN II,0.5800,0.532263
SIM02822,17.846041,1.72145964,1.34859508,-0.265038,SN II,0.5800,0.167388
SIM02823,19.395857,3.71373612,5.11024413,0.346577,SN Ia,0.9100,0.673055
SIM02824,29.447697,5.51238975,6.71027514,0.213501,SN II,0.5800,0.472160
SIM02825,36.009529,1.93776315,2.62367618,0.329024,SN II,0.5800,0.032270
SIM02826,29.163806,2.13159775,2.13778140,0.003145,SN II,0.5800,0.136544
SIM02827,38.089188,3.39743933,3.29113554,-0.034515,SN II,0.5800,0.558558
SIM02828,20.591390,3.08316624,3.26618762,0.062610,SN Ia,0.9100,0.230058
SIM02829,15.839166,0.83254621,0.74481651,-0.120898,SN Ia,0.9100,0.689582
SIM02830,7.395676,0.62435086,0.71754610,0.151053,SN II,0.5800,0.085791
SIM02831,39.053898,4.85121581,6.66239193,0.344449,AGN flare,0.6700,0.533873
SIM02832,7.121321,0.13404643,0.13734121,0.026364,SN II,0.5800,0.553084
SIM02833,37.686336,0.77582149,0.59496955,-0.288168,SN II,0.5800,0.363516
SIM02834,42.184414,1.93295689,2.15287192,0.116990,SN II,0.5800,0.181004
SIM02835,10.897524,0.71329356,0.64695273,-0.105989,SN II,0.5800,0.224066
SIM02836,16.131635,2.66931779,3.23060299,0.207208,SN Ia,0.9100,0.279681
SIM02837,2.194808,0.05713065,0.04838962,-0.180292,kilonova,0.7200,0.409054
SIM02838,42.635474,4.49063413,3.28142839,-0.340612,AGN flare,0.6700,0.543696
SIM02839,31.795810,6.35437397,4.67326506,-0.333631,AGN flare,0.6700,0.987596
SIM02840,1.719044,0.05355343,0.07229407,0.325789,SN II,0.5800,0.947024
SIM02841,33.878702,1.97301535,1.54396620,-0.266232,SN II,0.5800,0.424635
SIM02842,6.710589,0.20191933,0.21760891,0.081247,SN II,0.5800,0.091923
SIM02843,11.721047,1.46098587,1.61512793,0.108902,SN II,0.5800,0.865087
SIM02844,28.992884,7.02008586,6.11935431,-0.149092,SN II,0.5800,0.186170
SIM02845,44.747840,3.69385692,4.98028907,0.324436,AGN flare,0.6700,0.086335
SIM02846,10.992430,0.99709071,1.29935927,0.287486,SN II,0.5800,0.223072
SIM02847,34.875860,1.85180649,2.04102113,0.105630,SN II,0.5800,0.558462
SIM02848,38.966289,1.80844632,2.34530180,0.282233,SN II,0.5800,0.521737
SIM02849,11.368941,1.73040514,1.52787365,-0.135151,SN II,0.5800,0.773097
SIM02850,34.616768,4.61877475,3.28173820,-0.371057,AGN flare,0.6700,0.023652
SIM02851,25.289294,1.63587381,1.29764995,-0.251481,SN II,0.5800,0.776085
SIM02852,1.876660,0.04084660,0.05716258,0.364890,SN II,0.5800,0.474503
SIM02853,23.741770,3.27938754,4.52562886,0.349715,SN Ia,0.9100,0.294943
SIM02854,2.623936,0.05954019,0.06656527,0.121094,kilonova,0.7200,0.066571
SIM02855,40.808167,5.57529352,7.76004728,0.358992,AGN flare,0.6700,0.052379
SIM02856,31.195213,2.94979553,2.91535657,-0.012751,SN II,0.5800,0.199708
SIM02857,41.732423,4.32318932,3.78929947,-0.143113,AGN flare,0.6700,0.601727
SIM02858,33.828288,1.96290024,1.49052346,-0.298899,SN II,0.5800,0.628332
SIM02859,19.047483,1.33618848,1.23382045,-0.086539,SN Ia,0.9100,0.124838
SIM02860,27.092488,1.27208993,1.21194180,-0.052590,SN II,0.5800,0.988497
SIM02861,32.206799,3.11655126,4.22944688,0.331523,AGN flare,0.6700,0.330157
SIM02862,36.082202,4.09531002,5.45990379,0.312246,AGN flare,0.6700,0.670760
SIM02863,29.511022,4.83730533,3.74025657,-0.279255,SN II,0.5800,0.007491
SIM02864,32.820343,4.70697594,6.49857246,0.350190,AGN flare,0.6700,0.254866
SIM02865,9.773807,0.50762650,0.39115451,-0.282990,SN II,0.5800,0.074036
SIM02866,14.084416,1.11650611,1.31890362,0.180880,SN Ia,0.9100,0.758786
SIM02867,37.630410,4.54765143,5.71717712,0.248486,AGN flare,0.6700,0.728252
SIM02868,14.965338,3.09880109,2.70398022,-0.147975,SN Ia,0.9100,0.358600
SIM02869,1.477244,0.01871178,0.01893068,0.012628,kilonova,0.7200,0.187493
SIM02870,6.094194,0.55994395,0.76748851,0.342318,SN II,0.5800,0.738030
SIM02871,26.855445,3.79994045,4.81657245,0.257403,SN II,0.5800,0.190171
SIM02872,24.782370,1.44078729,1.22872403,-0.172864,SN Ia,0.9100,0.788680
SIM02873,42.066061,1.79219452,1.47638153,-0.210466,SN II,0.5800,0.306663
SIM02874,17.351577,3.65428084,3.81391076,0.046422,SN Ia,0.9100,0.626425
SIM02875,8.792121,0.72088430,0.53764374,-0.318427,SN II,0.5800,0.305955
SIM02876,26.156716,2.63233431,1.97609996,-0.311330,SN II,0.5800,0.570939
SIM02877,7.809270,0.47230855,0.57243476,0.208750,SN II,0.5800,0.936771
SIM02878,15.011139,3.86656826,4.40699240,0.142042,SN Ia,0.9100,0.033789
SIM02879,13.072147,1.34322542,1.47856354,0.104228,SN Ia,0.9100,0.185665
SIM02880,10.757582,0.48107374,0.37633297,-0.266598,SN II,0.5800,0.233503
SIM02881,1.819354,0.04452076,0.04698567,0.058507,kilonova,0.7200,0.578186
SIM02882,2.811029,0.15831160,0.13725844,-0.154934,kilonova,0.7200,0.630950
SIM02883,32.879534,2.99174370,3.16565284,0.061347,SN II,0.5800,0.667470
SIM02884,20.240999,4.67795631,5.73526940,0.221244,SN Ia,0.9100,0.433882
SIM02885,7.432304,0.31604254,0.34558239,0.097015,SN II,0.5800,0.059361
SIM02886,14.665667,1.19881501,1.00781411,-0.188429,SN Ia,0.9100,0.822676
SIM02887,3.776749,0.20952732,0.26896562,0.271140,SN II,0.5800,0.391611
SIM02888,42.485713,4.98418266,4.64115691,-0.077419,AGN flare,0.6700,0.192846
SIM02889,31.314210,1.87306551,1.61184483,-0.163074,SN II,0.5800,0.187071
SIM02890,28.096623,1.35082061,1.08585143,-0.237068,SN II,0.5800,0.789801
SIM02891,18.100933,3.86469694,2.71345661,-0.383981,SN II,0.5800,0.342264
SIM02892,27.398594,1.28010333,1.79188164,0.365161,SN II,0.5800,0.324344
SIM02893,29.984306,4.95066215,4.25233916,-0.165088,SN II,0.5800,0.031417
SIM02894,29.573407,5.79257316,4.50299649,-0.273425,SN II,0.5800,0.176346
SIM02895,21.874724,1.21123518,0.96745081,-0.243999,SN II,0.5800,0.043386
SIM02896,19.831947,0.67234358,0.51538311,-0.288653,SN II,0.5800,0.702971
SIM02897,29.423547,3.72231880,2.72220680,-0.339731,SN II,0.5800,0.417969
SIM02898,42.046421,0.85866672,0.88943263,0.038221,SN II,0.5800,0.350804
SIM02899,3.991729,0.41203440,0.45755560,0.113776,SN II,0.5800,0.416469
SIM02900,25.489621,3.49355872,3.22914831,-0.085450,SN II,0.5800,0.815018
SIM02901,23.863945,2.35760230,2.93388305,0.237431,SN Ia,0.9100,0.498342
SIM02902,15.273773,2.71170497,2.24457081,-0.205273,SN II,0.5800,0.886239
SIM02903,19.014755,2.45318738,3.02177209,0.226327,SN Ia,0.9100,0.170902
SIM02904,9.078935,0.40078728,0.40249859,0.004626,SN II,0.5800,0.128157
SIM02905,9.753521,1.35151623,1.52490613,0.131055,SN II,0.5800,0.280101
SIM02906,29.067445,1.36162805,1.37220600,0.008402,SN II,0.5800,0.702188
SIM02907,36.514216,2.17638308,2.30635086,0.062975,SN II,0.5800,0.380427
SIM02908,20.585680,3.63535344,3.92670515,0.083704,SN Ia,0.9100,0.759038
SIM02909,39.238206,3.71256004,2.86171102,-0.282619,SN II,0.5800,0.376223
SIM02910,9.385210,1.64053077,1.30453086,-0.248825,SN II,0.5800,0.579316
SIM02911,39.463286,3.93804818,3.76665451,-0.048313,SN II,0.5800,0.530652
SIM02912,19.390758,6.03466913,7.99859716,0.305901,SN Ia,0.9100,0.999919
SIM02913,5.643354,0.53393103,0.47140177,-0.135235,SN II,0.5800,0.600895
SIM02914,18.542337,2.65218000,2.19616818,-0.204844,SN II,0.5800,0.084019
SIM02915,18.283185,4.86008077,4.94686583,0.019217,SN Ia,0.9100,0.403945
SIM02916,7.137304,1.13650845,0.96882502,-0.173318,SN II,0.5800,0.668852
SIM02917,40.277521,1.82631849,2.23022918,0.216932,SN II,0.5800,0.623008
SIM02918,18.364915,0.82163000,0.98026532,0.191668,SN Ia,0.9100,0.187081
SIM02919,22.176119,3.24587394,2.55667738,-0.259139,SN II,0.5800,0.675906
SIM02920,31.154585,5.66335312,5.43653480,-0.044379,AGN flare,0.6700,0.510089
SIM02921,20.900186,3.26648553,2.83727505,-0.152948,SN Ia,0.9100,0.368265
SIM02922,37.256455,2.66851836,3.39415561,0.261154,SN II,0.5800,0.987332
SIM02923,15.826677,3.63293030,4.11025251,0.134029,SN Ia,0.9100,0.231909
SIM02924,1.041211,0.01784748,0.02277722,0.264810,SN II,0.5800,0.854363
SIM02925,38.698720,5.33310762,6.79465237,0.262967,AGN flare,0.6700,0.941996
SIM02926,41.461097,3.67688156,4.94381870,0.321457,AGN flare,0.6700,0.091621
SIM02927,9.104752,1.48364135,2.02920644,0.339993,SN II,0.5800,0.331120
SIM02928,3.911290,0.17666121,0.22362005,0.255924,SN II,0.5800,0.428422
SIM02929,29.767261,2.26730724,2.03661968,-0.116501,SN II,0.5800,0.199260
SIM02930,22.405096,2.89690132,3.48531233,0.200770,SN Ia,0.9100,0.184245
SIM02931,35.998230,2.31400883,3.07278234,0.307917,SN II,0.5800,0.739200
SIM02932,33.045282,4.12925210,3.89252134,-0.064101,AGN flare,0.6700,0.522559
SIM02933,38.310042,2.48500663,2.56548258,0.034604,SN II,0.5800,0.944264
SIM02934,32.221904,4.54546611,4.65028691,0.024753,AGN flare,0.6700,0.249448
SIM02935,10.135063,0.59189250,0.67363096,0.140448,SN II,0.5800,0.568707
SIM02936,33.435287,6.83907116,7.31329496,0.072790,AGN flare,0.6700,0.615691
SIM02937,24.285129,2.48558923,2.27901947,-0.094203,SN Ia,0.9100,0.332266
SIM02938,23.378770,3.05368192,3.56764582,0.168895,SN Ia,0.9100,0.987357
SIM02939,26.662582,4.06311684,4.57522732,0.128883,SN II,0.5800,0.582011
SIM02940,20.838570,1.86613378,2.58888639,0.355426,SN Ia,0.9100,0.074929
SIM02941,36.480028,2.64187460,2.41730092,-0.096454,SN II,0.5800,0.946019
SIM02942,15.753966,2.14146126,2.49115063,0.164224,SN Ia,0.9100,0.557532
SIM02943,24.400126,0.71974956,0.83142003,0.156598,SN Ia,0.9100,0.002057
SIM02944,23.824419,2.96531220,2.75012320,-0.081796,SN Ia,0.9100,0.048729
SIM02945,7.993269,0.73147559,0.87294844,0.191972,SN II,0.5800,0.832153
SIM02946,43.046200,1.54436138,1.80066862,0.166712,SN II,0.5800,0.354392
SIM02947,27.670270,1.77028531,1.54150484,-0.150246,SN II,0.5800,0.678308
SIM02948,42.677238,2.68995890,3.08092570,0.147339,SN II,0.5800,0.764078
SIM02949,16.756679,1.99950782,1.83411364,-0.093742,SN Ia,0.9100,0.497163
SIM02950,28.688399,5.58192198,5.26952930,-0.062530,SN II,0.5800,0.214613
SIM02951,18.883389,5.56406407,4.12838671,-0.324029,SN II,0.5800,0.173361
SIM02952,11.377424,2.29001250,1.86834820,-0.220950,SN II,0.5800,0.790164
SIM02953,39.066070,3.68551288,4.69309867,0.262404,AGN flare,0.6700,0.260482
SIM02954,41.996930,1.58903914,1.45094283,-0.098711,SN II,0.5800,0.820706
SIM02955,34.627544,3.63261595,3.28608858,-0.108851,SN II,0.5800,0.587122
SIM02956,3.074161,0.25681445,0.26186784,0.021157,SN II,0.5800,0.463761
SIM02957,26.749787,4.24837538,3.61036588,-0.176679,SN II,0.5800,0.487513
SIM02958,31.412585,3.35116909,2.63208059,-0.262243,SN II,0.5800,0.689652
SIM02959,6.529860,0.32039261,0.42179982,0.298560,SN II,0.5800,0.815124
SIM02960,23.278857,6.05449489,7.08752154,0.171041,SN Ia,0.9100,0.259440
SIM02961,4.947678,0.09067252,0.10631071,0.172753,SN II,0.5800,0.701547
SIM02962,42.600610,2.28856988,2.98112276,0.287039,SN II,0.5800,0.791481
SIM02963,44.105128,2.00052875,1.97890602,-0.011799,SN II,0.5800,0.798124
SIM02964,10.147607,1.59367160,1.91880081,0.201578,SN II,0.5800,0.695075
SIM02965,4.907190,0.22415567,0.28555312,0.262843,SN II,0.5800,0.565245
SIM02966,28.354998,2.98896354,3.68223130,0.226476,SN II,0.5800,0.249137
SIM02967,41.910596,4.12175338,3.55598573,-0.160305,AGN flare,0.6700,0.373548
SIM02968,10.329027,0.30171490,0.24352145,-0.232649,SN II,0.5800,0.516882
SIM02969,22.226144,2.37365376,2.71658497,0.146515,SN Ia,0.9100,0.517887
SIM02970,13.045969,2.29120498,2.28357893,-0.003620,SN Ia,0.9100,0.502805
SIM02971,41.589090,4.01856185,3.00463702,-0.315697,AGN flare,0.6700,0.708584
SIM02972,6.323439,0.18809152,0.24766421,0.298735,SN II,0.5800,0.893367
SIM02973,35.907058,1.77638535,1.89030364,0.067486,SN II,0.5800,0.898827
SIM02974,32.744759,2.14475732,2.92545017,0.337036,SN II,0.5800,0.588187
SIM02975,1.973207,0.07942893,0.05582219,-0.382930,kilonova,0.7200,0.444019
SIM02976,1.772765,0.02565107,0.03169791,0.229813,SN II,0.5800,0.325204
SIM02977,7.883066,0.37417003,0.40770266,0.093186,SN II,0.5800,0.273246
SIM02978,41.151212,0.91144100,1.03635670,0.139452,SN II,0.5800,0.447711
SIM02979,4.649214,0.18483490,0.23270117,0.250036,SN II,0.5800,0.239677
SIM02980,29.140154,3.64355127,2.66598989,-0.339166,SN II,0.5800,0.534909
SIM02981,5.763041,0.45082561,0.37091209,-0.211844,SN II,0.5800,0.957647
SIM02982,8.007647,0.15002498,0.19314076,0.274276,SN II,0.5800,0.896267
SIM02983,12.976169,1.11394527,1.27380183,0.145595,SN Ia,0.9100,0.303852
SIM02984,21.600365,2.54368351,2.01984393,-0.250363,SN II,0.5800,0.653543
SIM02985,29.669291,1.24744444,1.61211391,0.278436,SN II,0.5800,0.593644
SIM02986,30.710719,3.40123611,3.32179177,-0.025661,SN II,0.5800,0.147986
SIM02987,40.522561,5.17378565,6.00206363,0.161230,AGN flare,0.6700,0.339726
SIM02988,32.242674,2.45288474,2.79380334,0.141297,SN II,0.5800,0.776378
SIM02989,11.803357,2.02288440,2.30475406,0.141634,SN II,0.5800,0.095445
SIM02990,24.147289,1.86059259,2.33427751,0.246253,SN Ia,0.9100,0.383645
SIM02991,20.073931,3.42673698,4.74848211,0.354185,SN Ia,0.9100,0.842297
SIM02992,31.169016,1.28484352,1.50844440,0.174198,SN II,0.5800,0.223871
SIM02993,31.988416,5.70572914,4.23228060,-0.324342,AGN flare,0.6700,0.482119
SIM02994,15.970452,1.27097732,1.63054127,0.270485,SN Ia,0.9100,0.455528
SIM02995,25.206953,1.85509593,2.12088798,0.145378,SN II,0.5800,0.124093
SIM02996,15.903004,1.68481902,1.27324152,-0.304106,SN II,0.5800,0.983011
SIM02997,18.113963,1.69128431,2.07267249,0.220785,SN Ia,0.9100,0.899573
SIM02998,20.357119,2.74478402,2.50861552,-0.097685,SN Ia,0.9100,0.246251
SIM02999,41.207324,3.76736074,3.84946507,0.023408,SN II,0.5800,0.795468
SIM03000,33.539008,1.92069277,1.89582364,-0.014150,SN II,0.5800,0.055531
SIM03001,19.454712,1.74964698,1.63228263,-0.075388,SN Ia,0.9100,0.325932
SIM03002,10.595940,0.59055009,0.77963796,0.301591,SN II,0.5800,0.454860
SIM03003,25.040294,3.87149114,4.33229372,0.122099,SN II,0.5800,0.170101
SIM03004,30.938186,2.15249588,2.62283522,0.214572,SN II,0.5800,0.213596
SIM03005,19.884380,5.47491261,6.84335434,0.242230,SN Ia,0.9100,0.580027
SIM03006,9.669795,1.39306454,1.12212050,-0.234829,SN II,0.5800,0.056753
SIM03007,24.133752,3.75011622,4.29942049,0.148413,SN Ia,0.9100,0.104217
SIM03008,39.642560,3.63006709,4.36727754,0.200740,AGN flare,0.6700,0.739815
SIM03009,19.983869,1.84357349,1.66210714,-0.112504,SN Ia,0.9100,0.116967
SIM03010,37.376601,2.86907599,3.33287209,0.162691,SN II,0.5800,0.511415
SIM03011,25.973549,3.15601683,3.44654687,0.095612,SN II,0.5800,0.319253
SIM03012,17.141759,1.65180308,2.10491549,0.263191,SN Ia,0.9100,0.228464
SIM03013,26.903957,1.76185983,1.31060343,-0.321250,SN II,0.5800,0.037004
SIM03014,33.723590,1.39016854,1.46947902,0.060240,SN II,0.5800,0.197539
SIM03015,26.551792,2.11844818,2.48910247,0.175062,SN II,0.5800,0.639742
SIM03016,42.838050,3.39822813,3.86180559,0.138845,SN II,0.5800,0.571536
SIM03017,2.607637,0.06693447,0.04900134,-0.338605,kilonova,0.7200,0.099093
SIM03018,37.259295,1.89199718,1.64023071,-0.155039,SN II,0.5800,0.526461
SIM03019,18.237977,1.74194084,1.55834101,-0.120927,SN Ia,0.9100,0.944633
SIM03020,21.247124,2.07529446,1.69133198,-0.222127,SN II,0.5800,0.744103
SIM03021,35.105011,5.15179650,6.30090847,0.218611,AGN flare,0.6700,0.791507
SIM03022,36.857839,5.50092954,6.71910948,0.217189,AGN flare,0.6700,0.382251
SIM03023,17.228962,5.12966045,4.94581180,-0.039628,SN Ia,0.9100,0.923162
SIM03024,35.929451,3.31657054,2.96053684,-0.123297,SN II,0.5800,0.289960
SIM03025,31.189961,2.14641555,1.72243821,-0.238925,SN II,0.5800,0.809744
SIM03026,9.389395,0.64439060,0.47565972,-0.329632,SN II,0.5800,0.404628
SIM03027,9.942862,1.71768720,1.79601078,0.048412,SN II,0.5800,0.468390
SIM03028,1.807828,0.10026757,0.07075691,-0.378479,kilonova,0.7200,0.564928
SIM03029,35.600221,7.32121272,9.75956625,0.312119,AGN flare,0.6700,0.885280
SIM03030,7.458189,1.74294735,2.00589134,0.152558,SN II,0.5800,0.877821
SIM03031,12.482472,0.78009706,0.80350252,0.032096,SN Ia,0.9100,0.991088
SIM03032,32.032625,2.49310262,2.11518164,-0.178481,SN II,0.5800,0.430050
SIM03033,13.687087,1.94964460,1.91808304,-0.017720,SN Ia,0.9100,0.593508
SIM03034,19.210914,2.62972943,3.39248868,0.276518,SN Ia,0.9100,0.894711
SIM03035,26.732623,3.27659576,2.66713180,-0.223446,SN II,0.5800,0.314553
SIM03036,7.117795,1.25864933,1.44682470,0.151278,SN II,0.5800,0.218700
SIM03037,6.755777,0.83651909,0.67077013,-0.239755,SN II,0.5800,0.993327
SIM03038,34.136459,8.24351035,10.29411899,0.241192,AGN flare,0.6700,0.929109
SIM03039,42.507816,1.53862104,1.65555332,0.079529,SN II,0.5800,0.637896
SIM03040,7.662198,0.69856367,0.96166871,0.347049,SN II,0.5800,0.475418
SIM03041,42.035296,6.87120605,5.71933335,-0.199219,AGN flare,0.6700,0.384368
SIM03042,30.199088,6.45822016,5.06423723,-0.263997,AGN flare,0.6700,0.677431
SIM03043,2.122282,0.02269366,0.02400380,0.060939,kilonova,0.7200,0.126144
SIM03044,30.017615,4.09752750,3.79705513,-0.082687,AGN flare,0.6700,0.990529
SIM03045,6.227366,0.24911155,0.26200061,0.054771,SN II,0.5800,0.844999
SIM03046,2.169265,0.02840243,0.02851045,0.004121,kilonova,0.7200,0.821116
SIM03047,30.200117,1.98972423,2.46141905,0.230982,SN II,0.5800,0.556069
SIM03048,5.748998,0.15423765,0.15716568,0.020418,SN II,0.5800,0.231489
SIM03049,14.255508,2.23024817,1.69113245,-0.300439,SN II,0.5800,0.089419
SIM03050,6.788264,0.49260169,0.66576972,0.327070,SN II,0.5800,0.726801
SIM03051,12.823070,0.98065394,1.25790265,0.270328,SN Ia,0.9100,0.224718
SIM03052,34.663957,4.34119410,5.94264711,0.340927,AGN flare,0.6700,0.174314
SIM03053,36.456346,3.18623005,3.38565487,0.065914,SN II,0.5800,0.905460
SIM03054,22.180629,3.21028709,2.30268895,-0.360771,SN II,0.5800,0.758743
SIM03055,5.604648,0.24901379,0.27325530,0.100863,SN II,0.5800,0.255292
SIM03056,31.131167,5.01912479,6.39327582,0.262739,AGN flare,0.6700,0.987933
SIM03057,6.125538,0.32168147,0.43413174,0.325489,SN II,0.5800,0.396317
SIM03058,10.130390,0.93091466,0.70287504,-0.305079,SN II,0.5800,0.807464
SIM03059,21.040352,2.14224399,2.00610254,-0.071290,SN Ia,0.9100,0.117326
SIM03060,38.208593,3.46994894,2.55239987,-0.333436,SN II,0.5800,0.440312
SIM03061,18.076350,2.15405910,2.99219120,0.356829,SN Ia,0.9100,0.329124
SIM03062,23.604742,2.43839425,1.80459782,-0.326809,SN II,0.5800,0.039177
SIM03063,41.209551,5.76804581,4.57654169,-0.251228,AGN flare,0.6700,0.193674
SIM03064,15.070380,0.73687275,0.66137969,-0.117354,SN Ia,0.9100,0.326317
SIM03065,37.862320,5.64110311,5.16085456,-0.096606,AGN flare,0.6700,0.070140
SIM03066,34.550952,5.89100661,5.65736451,-0.043938,AGN flare,0.6700,0.814476
SIM03067,5.380196,0.59495005,0.65215162,0.099670,SN II,0.5800,0.615094
SIM03068,21.412565,2.60094756,2.92738446,0.128370,SN Ia,0.9100,0.846467
SIM03069,15.781701,2.02294028,1.65867442,-0.215555,SN II,0.5800,0.704645
SIM03070,1.282483,0.01566779,0.01282215,-0.217618,kilonova,0.7200,0.745196
SIM03071,20.106638,2.08741571,2.82180913,0.327297,SN Ia,0.9100,0.646086
SIM03072,16.879240,2.51129879,1.92431081,-0.289058,SN II,0.5800,0.734173
SIM03073,36.323089,3.94776106,4.64711503,0.177081,AGN flare,0.6700,0.210318
SIM03074,12.780539,3.60004042,4.90221608,0.335213,SN Ia,0.9100,0.552023
SIM03075,32.252761,2.46328685,3.32323291,0.325114,SN II,0.5800,0.745276
SIM03076,42.339438,1.66236082,2.23141698,0.319639,SN II,0.5800,0.926929
SIM03077,37.038658,3.47436289,4.16843549,0.197745,AGN flare,0.6700,0.105457
SIM03078,21.160794,1.10523499,0.92401894,-0.194434,SN Ia,0.9100,0.409356
SIM03079,30.503743,5.93871273,8.03920488,0.328802,AGN flare,0.6700,0.306361
SIM03080,15.682869,1.37808349,1.77828877,0.276817,SN Ia,0.9100,0.793032
SIM03081,30.201161,2.97616480,2.66170089,-0.121244,SN II,0.5800,0.760602
SIM03082,5.057331,0.31008805,0.26226371,-0.181867,SN II,0.5800,0.760534
SIM03083,41.101058,2.89040118,3.05501549,0.060138,SN II,0.5800,0.124835
SIM03084,25.028827,2.55469530,2.91158295,0.141975,SN II,0.5800,0.834974
SIM03085,41.483829,5.57707647,6.75184441,0.207540,AGN flare,0.6700,0.868702
SIM03086,37.843764,5.01372579,6.88376271,0.344163,AGN flare,0.6700,0.197210
SIM03087,10.311592,1.43334035,1.42718175,-0.004675,SN II,0.5800,0.498212
SIM03088,10.155782,1.16884972,1.43402250,0.221993,SN II,0.5800,0.706082
SIM03089,5.519212,0.25552478,0.31705701,0.234261,SN II,0.5800,0.276151
SIM03090,33.479286,1.73330313,2.24502023,0.280864,SN II,0.5800,0.196214
SIM03091,37.997287,1.50492660,1.54869847,0.031129,SN II,0.5800,0.541026
SIM03092,6.495697,0.44956462,0.46370107,0.033615,SN II,0.5800,0.921323
SIM03093,18.014289,2.79619919,3.41640344,0.217503,SN Ia,0.9100,0.155270
SIM03094,26.686542,5.91930386,4.35809242,-0.332435,SN II,0.5800,0.744058
SIM03095,7.786472,0.89034161,1.15529581,0.282841,SN II,0.5800,0.164547
SIM03096,44.405674,2.18158818,2.92446608,0.318185,SN II,0.5800,0.790178
SIM03097,32.847295,2.08352120,2.38640261,0.147364,SN II,0.5800,0.848569
SIM03098,33.433777,2.00038973,2.04786327,0.025466,SN II,0.5800,0.290787
SIM03099,24.495393,4.26942881,2.99686955,-0.384255,SN II,0.5800,0.307030
SIM03100,13.549739,1.20684822,1.00711982,-0.196429,SN Ia,0.9100,0.222738
SIM03101,22.604315,2.92247301,4.01176442,0.343962,SN Ia,0.9100,0.663674
SIM03102,40.428299,6.17292398,8.27665300,0.318410,AGN flare,0.6700,0.193757
SIM03103,28.781062,1.67018218,1.49052255,-0.123563,SN II,0.5800,0.646419
SIM03104,6.873881,0.44412071,0.56431115,0.260044,SN II,0.5800,0.031041
SIM03105,9.787593,0.46117679,0.64054996,0.356714,SN II,0.5800,0.152202
SIM03106,26.401675,3.86534323,4.30028293,0.115772,SN II,0.5800,0.732366
SIM03107,5.672310,0.88940712,0.69018141,-0.275343,SN II,0.5800,0.010256
SIM03108,36.732841,3.78248837,5.10642978,0.325849,AGN flare,0.6700,0.632224
SIM03109,23.537149,1.37046521,1.32317605,-0.038126,SN Ia,0.9100,0.436418
SIM03110,16.174056,2.68652641,2.06249197,-0.286997,SN II,0.5800,0.251251
SIM03111,37.797490,2.76117808,3.62572737,0.295752,SN II,0.5800,0.984121
SIM03112,19.341645,1.20183640,0.93543229,-0.272082,SN II,0.5800,0.873484
SIM03113,32.305594,3.11877302,4.03311902,0.279143,AGN flare,0.6700,0.994749
SIM03114,8.640158,0.99891144,1.00900261,0.010913,SN II,0.5800,0.528898
SIM03115,21.103435,2.80969053,2.74417178,-0.025618,SN Ia,0.9100,0.296077
SIM03116,19.305771,2.10888591,2.17418549,0.033109,SN Ia,0.9100,0.232190
SIM03117,41.821010,1.07397447,1.47638310,0.345513,SN II,0.5800,0.711160
SIM03118,11.373566,1.78978474,1.37056339,-0.289754,SN II,0.5800,0.104117
SIM03119,2.940464,0.07958644,0.10979311,0.349340,SN II,0.5800,0.889300
SIM03120,25.215636,4.41495024,5.60189971,0.258524,SN II,0.5800,0.370485
SIM03121,29.549872,1.48974350,1.32102431,-0.130502,SN II,0.5800,0.403907
SIM03122,14.047985,0.94425059,0.86982764,-0.089135,SN Ia,0.9100,0.604915
SIM03123,35.969320,4.10726580,4.66844950,0.139050,AGN flare,0.6700,0.025685
SIM03124,41.680008,5.19759914,4.02516475,-0.277548,AGN flare,0.6700,0.413825
SIM03125,14.142023,3.52065634,2.85476928,-0.227632,SN II,0.5800,0.968971
SIM03126,10.042055,0.68890503,0.69352663,0.007259,SN II,0.5800,0.954251
SIM03127,3.036446,0.23932826,0.22071861,-0.087888,SN II,0.5800,0.151568
SIM03128,32.063716,1.10686798,0.83882288,-0.301064,SN II,0.5800,0.348838
SIM03129,44.702281,4.69832934,5.41094863,0.153325,AGN flare,0.6700,0.631672
SIM03130,35.563322,7.25472064,9.87759935,0.335077,AGN flare,0.6700,0.342721
SIM03131,42.773178,1.19580313,1.38210652,0.157205,SN II,0.5800,0.047049
SIM03132,39.541269,6.99030222,6.15393593,-0.138357,AGN flare,0.6700,0.528974
SIM03133,3.370107,0.20342405,0.17031985,-0.192843,SN II,0.5800,0.157808
SIM03134,16.615329,1.52250289,1.41074776,-0.082772,SN Ia,0.9100,0.070960
SIM03135,29.251548,3.75751426,3.48601572,-0.081428,SN II,0.5800,0.903419
SIM03136,35.067306,3.06614280,3.97606890,0.282154,SN II,0.5800,0.435935
SIM03137,19.357632,1.36693597,1.43153910,0.050138,SN Ia,0.9100,0.083239
SIM03138,41.434573,2.36842944,2.00848022,-0.178982,SN II,0.5800,0.664943
SIM03139,24.907371,2.51903945,2.16096428,-0.166468,SN Ia,0.9100,0.409726
SIM03140,3.249237,0.04786269,0.03439382,-0.358792,SN II,0.5800,0.238551
SIM03141,9.742096,1.00053007,1.39465205,0.360589,SN II,0.5800,0.704590
SIM03142,37.087693,4.65920887,5.32106469,0.144216,AGN flare,0.6700,0.008385
SIM03143,17.124450,1.63017950,1.55633997,-0.050327,SN Ia,0.9100,0.433887
SIM03144,7.823646,0.86214616,0.68783995,-0.245234,SN II,0.5800,0.371693
SIM03145,14.965674,1.58346752,1.58581668,0.001610,SN Ia,0.9100,0.011535
SIM03146,42.741944,2.50253126,3.48067634,0.358210,SN II,0.5800,0.546538
SIM03147,34.722677,0.87309230,1.09561659,0.246496,SN II,0.5800,0.694835
SIM03148,6.268017,0.17908423,0.22460986,0.245929,SN II,0.5800,0.641511
SIM03149,16.384689,2.45972701,2.17216921,-0.134983,SN Ia,0.9100,0.535851
SIM03150,1.341985,0.05018893,0.04090888,-0.221976,kilonova,0.7200,0.435716
SIM03151,27.107994,5.33927833,4.96743189,-0.078377,SN II,0.5800,0.752052
SIM03152,16.818739,3.15995415,3.48039570,0.104870,SN Ia,0.9100,0.893997
SIM03153,8.790719,0.74826159,0.55590465,-0.322633,SN II,0.5800,0.779019
SIM03154,9.648221,0.36162228,0.45024104,0.237975,SN II,0.5800,0.704541
SIM03155,15.444477,1.73621635,1.81463779,0.047965,SN Ia,0.9100,0.038393
SIM03156,13.643191,2.20187259,2.62127494,0.189301,SN Ia,0.9100,0.619775
SIM03157,21.471034,4.14832619,4.57516288,0.106334,SN Ia,0.9100,0.786301
SIM03158,14.214027,1.23092155,1.54057156,0.243629,SN Ia,0.9100,0.497667
SIM03159,1.240373,0.03096338,0.02529649,-0.219470,kilonova,0.7200,0.572376
SIM03160,13.539058,2.47863688,2.30572115,-0.078515,SN Ia,0.9100,0.172593
SIM03161,20.712875,1.94919681,1.77883464,-0.099300,SN Ia,0.9100,0.218098
SIM03162,21.797441,4.27685765,4.75322134,0.114658,SN Ia,0.9100,0.223779
SIM03163,24.431434,3.28557627,2.34449877,-0.366404,SN II,0.5800,0.969766
SIM03164,23.236085,5.44910873,5.11451750,-0.068802,SN Ia,0.9100,0.177790
SIM03165,42.065999,4.58610756,3.26874445,-0.367658,AGN flare,0.6700,0.301533
SIM03166,19.584784,1.34602283,1.38519727,0.031148,SN Ia,0.9100,0.203914
SIM03167,24.118863,7.02881704,8.96291519,0.263918,SN Ia,0.9100,0.303793
SIM03168,11.240735,2.02469142,1.71759834,-0.178593,SN II,0.5800,0.074399
SIM03169,38.432145,1.37709966,1.91191440,0.356258,SN II,0.5800,0.573068
SIM03170,1.391883,0.02742497,0.03223202,0.175353,SN II,0.5800,0.085703
SIM03171,21.325204,1.70420132,1.34860816,-0.254088,SN II,0.5800,0.311361
SIM03172,18.572806,3.18088522,4.21423662,0.305427,SN Ia,0.9100,0.020606
SIM03173,21.564585,0.80593525,0.72808053,-0.110302,SN Ia,0.9100,0.695136
SIM03174,27.704350,3.14338494,3.74965561,0.191485,SN II,0.5800,0.864985
SIM03175,31.368337,2.28908755,3.13230972,0.340506,SN II,0.5800,0.877462
SIM03176,29.912214,2.66293307,2.78403822,0.048287,SN II,0.5800,0.728539
SIM03177,41.733246,0.90075968,1.22123565,0.330476,SN II,0.5800,0.890720
SIM03178,4.769084,0.41310938,0.46684124,0.132760,SN II,0.5800,0.521837
SIM03179,44.870908,1.15047453,0.93140121,-0.229351,SN II,0.5800,0.962100
SIM03180,26.709291,3.37733394,4.52516070,0.317650,SN II,0.5800,0.482073
SIM03181,42.842396,2.57335973,3.59073174,0.361706,SN II,0.5800,0.230494
SIM03182,31.928719,6.75137368,5.98893679,-0.130106,AGN flare,0.6700,0.384173
SIM03183,6.000281,0.67489881,0.61271846,-0.104944,SN II,0.5800,0.880744
SIM03184,12.672014,1.88121896,2.38576231,0.257970,SN Ia,0.9100,0.941767
SIM03185,16.675359,2.64960786,3.33152624,0.248654,SN Ia,0.9100,0.789661
SIM03186,12.767654,3.12494338,3.48342543,0.117911,SN Ia,0.9100,0.334606
SIM03187,32.869277,2.09269711,2.07760596,-0.007858,SN II,0.5800,0.761382
SIM03188,26.870773,2.12678064,2.23717925,0.054945,SN II,0.5800,0.135365
SIM03189,12.403848,1.17181078,1.57403066,0.320389,SN Ia,0.9100,0.528192
SIM03190,15.114691,0.92648423,0.90561646,-0.024734,SN Ia,0.9100,0.136101
SIM03191,14.583102,4.69581135,6.28657131,0.316758,SN Ia,0.9100,0.948645
SIM03192,31.902159,6.13058050,6.04970074,-0.014419,AGN flare,0.6700,0.168871
SIM03193,29.707794,7.97111738,11.01231402,0.350898,SN II,0.5800,0.442366
SIM03194,31.116292,6.82052843,8.85881222,0.283894,AGN flare,0.6700,0.869712
SIM03195,25.456888,3.84928851,4.91899142,0.266239,SN II,0.5800,0.434049
SIM03196,10.471246,2.30578960,2.64067902,0.147240,SN II,0.5800,0.470602
SIM03197,12.546956,2.72478517,3.18518780,0.169507,SN Ia,0.9100,0.820906
SIM03198,2.177547,0.12878996,0.10271343,-0.245637,kilonova,0.7200,0.047348
SIM03199,39.061516,2.43080326,3.28388796,0.326596,SN II,0.5800,0.193210
SIM03200,22.763442,2.08206831,2.71188501,0.286941,SN Ia,0.9100,0.436623
SIM03201,35.899772,2.64825626,3.35262849,0.256064,SN II,0.5800,0.729734
SIM03202,2.471314,0.07749685,0.09942490,0.270528,SN II,0.5800,0.492364
SIM03203,31.226078,3.50343152,3.15042321,-0.115312,SN II,0.5800,0.200988
SIM03204,39.312324,2.72945701,2.47455985,-0.106446,SN II,0.5800,0.337008
SIM03205,23.792660,1.73261143,1.63785194,-0.061066,SN Ia,0.9100,0.386933
SIM03206,17.102256,1.58578502,1.44641979,-0.099875,SN Ia,0.9100,0.747659
SIM03207,42.580218,2.23356674,2.62126084,0.173778,SN II,0.5800,0.942831
SIM03208,24.460736,1.97409847,1.81370282,-0.092007,SN Ia,0.9100,0.454271
SIM03209,29.733418,3.69895197,4.75924241,0.273648,SN II,0.5800,0.248005
SIM03210,24.170903,1.28827785,1.42304817,0.108025,SN Ia,0.9100,0.828460
SIM03211,9.480544,1.69201096,2.15900152,0.264624,SN II,0.5800,0.065971
SIM03212,23.737835,2.38038230,2.79586543,0.174674,SN Ia,0.9100,0.230542
SIM03213,44.553880,4.01689239,3.42058849,-0.174473,AGN flare,0.6700,0.773950
SIM03214,15.910269,2.31608539,3.00482477,0.282661,SN Ia,0.9100,0.353164
SIM03215,26.912367,2.92576477,2.16890171,-0.324999,SN II,0.5800,0.362739
SIM03216,16.549609,3.48367173,3.64185559,0.048214,SN Ia,0.9100,0.952048
SIM03217,7.808766,0.84092403,0.71360149,-0.178253,SN II,0.5800,0.334460
SIM03218,17.470165,2.37873983,2.98388214,0.246087,SN Ia,0.9100,0.792547
SIM03219,18.591225,3.84119661,2.78146923,-0.350481,SN II,0.5800,0.827772
SIM03220,39.912423,3.82606284,5.11257213,0.314718,AGN flare,0.6700,0.980145
SIM03221,26.605802,1.55595212,1.31002906,-0.186788,SN II,0.5800,0.466811
SIM03222,27.479300,1.05075106,1.09943772,0.049177,SN II,0.5800,0.680419
SIM03223,24.082699,6.93105331,9.57252931,0.350569,SN Ia,0.9100,0.335779
SIM03224,20.757773,2.07129245,2.81262158,0.332175,SN Ia,0.9100,0.767923
SIM03225,43.435234,2.73742637,2.91449249,0.068051,SN II,0.5800,0.102454
SIM03226,12.349729,2.82790246,2.10405902,-0.321016,SN II,0.5800,0.335339
SIM03227,23.422611,1.98001661,1.62408930,-0.215147,SN II,0.5800,0.310806
SIM03228,3.518755,0.05978956,0.07867418,0.298017,SN II,0.5800,0.645376
SIM03229,22.838697,2.91803393,2.74133755,-0.067820,SN Ia,0.9100,0.837961
SIM03230,38.218733,2.28603034,2.18172161,-0.050707,SN II,0.5800,0.983262
SIM03231,11.364818,0.41496321,0.56406695,0.333303,SN II,0.5800,0.619950
SIM03232,33.280555,4.13626131,4.13711215,0.000223,AGN flare,0.6700,0.525220
SIM03233,29.636055,6.93864471,7.95807548,0.148834,SN II,0.5800,0.825177
SIM03234,8.109512,0.77115617,0.57490755,-0.318861,SN II,0.5800,0.459264
SIM03235,11.693968,1.16936333,1.55956566,0.312635,SN II,0.5800,0.102479
SIM03236,37.323679,4.53379327,5.73050283,0.254328,AGN flare,0.6700,0.617113
SIM03237,10.919453,0.73933912,0.67746992,-0.094884,SN II,0.5800,0.074041
SIM03238,8.941144,1.39837799,1.82589464,0.289628,SN II,0.5800,0.459667
SIM03239,14.543448,1.62135968,2.24134655,0.351574,SN Ia,0.9100,0.035703
SIM03240,9.717357,0.72759520,0.70721520,-0.030846,SN II,0.5800,0.121078
SIM03241,27.846839,5.10570957,4.78333465,-0.070813,SN II,0.5800,0.499140
SIM03242,11.831223,0.51059467,0.49416585,-0.035509,SN II,0.5800,0.776251
SIM03243,19.006682,2.08554061,1.91763008,-0.091135,SN Ia,0.9100,0.176506
SIM03244,35.676756,2.15012589,2.26543191,0.056718,SN II,0.5800,0.734132
SIM03245,24.130823,3.61139073,3.75059458,0.041064,SN Ia,0.9100,0.163823
SIM03246,24.955414,1.67330156,1.21887427,-0.344038,SN II,0.5800,0.496534
SIM03247,32.541851,3.28292884,2.89321136,-0.137203,SN II,0.5800,0.726564
SIM03248,35.974566,5.20944787,5.13591089,-0.015436,AGN flare,0.6700,0.377898
SIM03249,1.416568,0.03207062,0.03978042,0.233905,SN II,0.5800,0.430106
SIM03250,20.564135,1.49177279,1.58910704,0.068626,SN Ia,0.9100,0.846779
SIM03251,6.569051,0.27078568,0.30527399,0.130160,SN II,0.5800,0.378153
SIM03252,19.330218,6.53391926,9.06129279,0.355041,SN Ia,0.9100,0.171933
SIM03253,15.074920,2.20489658,2.49498733,0.134200,SN Ia,0.9100,0.556465
SIM03254,4.832250,0.66445060,0.57156546,-0.163492,SN II,0.5800,0.291031
SIM03255,1.511767,0.03134083,0.02565749,-0.217241,kilonova,0.7200,0.870806
SIM03256,30.691846,2.16720794,2.96755421,0.341245,SN II,0.5800,0.342641
SIM03257,33.473761,3.39762228,4.69367587,0.350845,AGN flare,0.6700,0.415892
SIM03258,12.361387,0.46922195,0.47659358,0.016925,SN Ia,0.9100,0.930760
SIM03259,33.091190,2.09553807,2.64588542,0.253189,SN II,0.5800,0.821940
SIM03260,14.744612,1.00509406,1.27500393,0.258262,SN Ia,0.9100,0.477707
SIM03261,30.675465,5.54392645,5.98273345,0.082705,AGN flare,0.6700,0.024932
SIM03262,30.144157,3.30372988,3.66322003,0.112146,SN II,0.5800,0.687710
SIM03263,31.214900,6.60601590,8.86775450,0.319685,AGN flare,0.6700,0.825314
SIM03264,12.176652,1.64245191,2.01533737,0.222138,SN Ia,0.9100,0.557252
SIM03265,26.263183,1.03357394,0.81613483,-0.256449,SN II,0.5800,0.098396
SIM03266,39.185687,3.99689251,4.07094817,0.019933,AGN flare,0.6700,0.573776
SIM03267,31.595982,2.65072821,1.91199240,-0.354698,SN II,0.5800,0.113865
SIM03268,32.796224,3.12087553,3.40568774,0.094821,SN II,0.5800,0.480587
SIM03269,23.783062,3.81417365,4.71348312,0.229854,SN Ia,0.9100,0.588776
SIM03270,39.932280,1.29429561,0.92743947,-0.361870,SN II,0.5800,0.028932
SIM03271,24.897064,1.87451117,1.51595723,-0.230503,SN II,0.5800,0.200313
SIM03272,40.194767,3.13454336,3.44175006,0.101513,SN II,0.5800,0.433408
SIM03273,22.650602,2.34416148,2.60072777,0.112768,SN Ia,0.9100,0.724363
SIM03274,40.593527,0.79448996,0.68055015,-0.168071,SN II,0.5800,0.170466
SIM03275,9.581785,1.29167243,1.43978521,0.117863,SN II,0.5800,0.721097
SIM03276,22.941085,6.73075740,5.32239410,-0.254892,SN II,0.5800,0.674155
SIM03277,42.863181,4.66599229,4.56117197,-0.024669,AGN flare,0.6700,0.089369
SIM03278,12.960192,0.41559291,0.51723524,0.237550,SN Ia,0.9100,0.504052
SIM03279,17.146024,2.34946164,3.14824210,0.317749,SN Ia,0.9100,0.231165
SIM03280,9.728514,1.11698904,1.47329867,0.300605,SN II,0.5800,0.201691
SIM03281,41.873362,1.74645056,1.78344473,0.022758,SN II,0.5800,0.226978
SIM03282,27.214903,2.27484565,2.77903302,0.217354,SN II,0.5800,0.421440
SIM03283,40.678416,2.94699589,2.49631763,-0.180199,SN II,0.5800,0.010929
SIM03284,16.508607,0.85914374,0.67421138,-0.263174,SN II,0.5800,0.480954
SIM03285,12.335384,3.22373081,3.05814500,-0.057252,SN Ia,0.9100,0.536377
SIM03286,4.730319,0.19639656,0.14951510,-0.296122,SN II,0.5800,0.367924
SIM03287,11.425710,0.60423378,0.51613632,-0.171101,SN II,0.5800,0.933467
SIM03288,11.571372,1.16054839,1.56872432,0.327208,SN II,0.5800,0.894086
SIM03289,23.439348,6.04382632,8.02443883,0.307757,SN Ia,0.9100,0.522742
SIM03290,4.473065,0.18644857,0.25588301,0.343706,SN II,0.5800,0.418424
SIM03291,40.067851,3.75658639,4.62588545,0.226004,AGN flare,0.6700,0.778646
SIM03292,30.416285,1.05363357,0.98251370,-0.075877,SN II,0.5800,0.268749
SIM03293,23.979812,2.27737822,2.09511408,-0.090569,SN Ia,0.9100,0.137433
SIM03294,13.300971,1.54756975,2.05157738,0.306094,SN Ia,0.9100,0.871395
SIM03295,21.217992,2.60204516,3.44023355,0.303183,SN Ia,0.9100,0.816768
SIM03296,10.291708,0.35819032,0.48704154,0.333630,SN II,0.5800,0.279220
SIM03297,18.286341,2.53214921,3.05221011,0.202813,SN Ia,0.9100,0.016668
SIM03298,18.885027,1.58110384,1.42314550,-0.114278,SN Ia,0.9100,0.813717
SIM03299,34.250307,1.35837893,1.70576360,0.247245,SN II,0.5800,0.684244
SIM03300,19.490332,0.91405381,0.86286225,-0.062576,SN Ia,0.9100,0.492082
SIM03301,29.741349,5.95135231,6.48088706,0.092547,SN II,0.5800,0.528354
SIM03302,27.957994,0.69376232,0.74976946,0.084293,SN II,0.5800,0.430277
SIM03303,39.105066,1.81391846,1.58951633,-0.143382,SN II,0.5800,0.653940
SIM03304,36.305929,1.49171754,1.75475084,0.176322,SN II,0.5800,0.738659
SIM03305,34.858170,2.52906522,2.56853918,0.016815,SN II,0.5800,0.886898
SIM03306,9.618694,2.25180033,2.53454140,0.128424,SN II,0.5800,0.169588
SIM03307,16.264324,2.77508079,2.27732401,-0.214627,SN II,0.5800,0.414095
SIM03308,17.239330,3.18695870,2.29884139,-0.354669,SN II,0.5800,0.233173
SIM03309,4.612554,0.33340277,0.41679905,0.242394,SN II,0.5800,0.725630
SIM03310,8.139397,0.53742331,0.44935523,-0.194317,SN II,0.5800,0.630287
SIM03311,29.390582,3.53992273,3.59703565,0.017377,SN II,0.5800,0.313164
SIM03312,14.798071,0.97754657,1.17294197,0.197848,SN Ia,0.9100,0.168652
SIM03313,26.506203,6.81003560,8.66484247,0.261528,SN II,0.5800,0.185470
SIM03314,36.429725,0.92612758,0.82659861,-0.123440,SN II,0.5800,0.678132
SIM03315,44.208588,2.05767402,1.85371637,-0.113333,SN II,0.5800,0.724175
SIM03316,1.464877,0.03453868,0.02848361,-0.209277,kilonova,0.7200,0.825946
SIM03317,33.064818,6.58386775,6.70008397,0.018998,AGN flare,0.6700,0.429814
SIM03318,35.871985,2.29204519,2.58936383,0.132425,SN II,0.5800,0.437827
SIM03319,34.547406,6.54569862,4.89724165,-0.315011,AGN flare,0.6700,0.552371
SIM03320,20.656778,0.96796034,0.68231681,-0.379679,SN II,0.5800,0.706156
SIM03321,10.392911,1.06810000,0.94852171,-0.128912,SN II,0.5800,0.686175
SIM03322,30.196910,1.91963975,1.63454437,-0.174558,SN II,0.5800,0.823490
SIM03323,18.137344,1.92461284,1.39412052,-0.350108,SN II,0.5800,0.710848
SIM03324,35.010963,4.06448089,4.80872209,0.182561,AGN flare,0.6700,0.937982
SIM03325,38.841930,4.83268985,5.21908895,0.083514,AGN flare,0.6700,0.564334
SIM03326,26.323084,1.77124565,1.86437909,0.055639,SN II,0.5800,0.786761
SIM03327,25.683130,4.12867180,3.11710294,-0.305148,SN II,0.5800,0.176866
SIM03328,16.340717,3.43796175,3.37083385,-0.021409,SN Ia,0.9100,0.823093
SIM03329,11.180446,0.90641448,1.01125635,0.118836,SN II,0.5800,0.939684
SIM03330,27.559396,1.50149220,1.89750954,0.254152,SN II,0.5800,0.265755
SIM03331,41.922084,1.52456545,1.84524560,0.207270,SN II,0.5800,0.738569
SIM03332,30.492387,1.17047202,1.22117178,0.046039,SN II,0.5800,0.914672
SIM03333,5.157211,0.26560068,0.30223652,0.140294,SN II,0.5800,0.452088
SIM03334,15.020591,2.11993571,1.54439390,-0.343912,SN II,0.5800,0.319973
SIM03335,12.109649,0.92906221,0.82969858,-0.122811,SN Ia,0.9100,0.366839
SIM03336,31.108425,3.53421874,2.66717550,-0.305605,SN II,0.5800,0.294517
SIM03337,32.953773,3.05589657,2.74607343,-0.116066,SN II,0.5800,0.714610
SIM03338,17.554865,5.00054524,4.03066698,-0.234101,SN II,0.5800,0.673709
SIM03339,11.257175,2.18122499,2.49630190,0.146492,SN II,0.5800,0.876097
SIM03340,15.946952,1.72009503,1.63740498,-0.053491,SN Ia,0.9100,0.523868
SIM03341,12.136080,1.12740554,0.87795779,-0.271516,SN II,0.5800,0.230037
SIM03342,4.970723,0.23810501,0.21229712,-0.124561,SN II,0.5800,0.856822
SIM03343,23.944124,2.39002794,2.53743208,0.064979,SN Ia,0.9100,0.776757
SIM03344,16.862051,0.82564892,0.98301957,0.189417,SN Ia,0.9100,0.478270
SIM03345,41.927660,2.67438238,2.60157964,-0.029966,SN II,0.5800,0.282068
SIM03346,32.563439,1.75653230,1.78146586,0.015303,SN II,0.5800,0.425420
SIM03347,4.711482,0.41352256,0.39447744,-0.051193,SN II,0.5800,0.127199
SIM03348,7.486094,0.20968395,0.22728104,0.087495,SN II,0.5800,0.646382
SIM03349,38.416255,3.20090026,3.91566954,0.218835,SN II,0.5800,0.057884
SIM03350,9.683750,1.00183251,1.22493297,0.218293,SN II,0.5800,0.063094
SIM03351,11.660587,0.99162616,0.99202141,0.000433,SN II,0.5800,0.943665
SIM03352,37.844406,1.77927844,1.87019670,0.054108,SN II,0.5800,0.405758
SIM03353,35.967546,3.02614332,3.36553300,0.115411,SN II,0.5800,0.393581
SIM03354,43.560412,3.42681959,4.70999227,0.345322,AGN flare,0.6700,0.892243
SIM03355,44.261535,3.89044652,4.99504208,0.271349,AGN flare,0.6700,0.297871
SIM03356,20.933810,5.79566890,5.29564503,-0.097962,SN Ia,0.9100,0.773985
SIM03357,6.108668,0.45806281,0.41904713,-0.096655,SN II,0.5800,0.010488
SIM03358,26.273545,4.43047849,3.61718468,-0.220200,SN II,0.5800,0.070508
SIM03359,2.975979,0.05763439,0.04857445,-0.185684,kilonova,0.7200,0.498837
SIM03360,17.543591,1.68289170,1.78622957,0.064703,SN Ia,0.9100,0.422253
SIM03361,9.607202,2.41330257,3.31865158,0.345875,SN II,0.5800,0.251134
SIM03362,2.073570,0.11111429,0.10487942,-0.062699,kilonova,0.7200,0.297140
SIM03363,36.464448,3.92256453,4.69773204,0.195795,AGN flare,0.6700,0.521183
SIM03364,37.071541,4.54659416,3.21699665,-0.375589,AGN flare,0.6700,0.481693
SIM03365,40.786907,3.91223300,4.19297881,0.075245,AGN flare,0.6700,0.932127
SIM03366,4.353827,0.11348769,0.14860115,0.292684,SN II,0.5800,0.975047
SIM03367,9.424258,0.53400333,0.60012057,0.126736,SN II,0.5800,0.709445
SIM03368,12.243378,2.04054872,2.13857045,0.050941,SN Ia,0.9100,0.365059
SIM03369,21.059153,0.56892174,0.78363479,0.347653,SN Ia,0.9100,0.288751
SIM03370,16.434934,2.78018880,2.12635247,-0.291098,SN II,0.5800,0.869785
SIM03371,18.577780,2.32115997,1.83071115,-0.257713,SN II,0.5800,0.219024
SIM03372,34.739920,4.19372533,5.07838635,0.207814,AGN flare,0.6700,0.572301
SIM03373,30.927144,1.32041958,1.32835434,0.006505,SN II,0.5800,0.841185
SIM03374,10.847431,2.40605641,2.92281398,0.211238,SN II,0.5800,0.108370
SIM03375,6.668999,0.51457817,0.36846127,-0.362649,SN II,0.5800,0.583695
SIM03376,31.658723,5.87489014,6.56713033,0.120940,AGN flare,0.6700,0.360379
SIM03377,41.775751,2.18010016,1.69609709,-0.272564,SN II,0.5800,0.575803
SIM03378,31.220099,2.91483907,2.13186835,-0.339636,SN II,0.5800,0.634515
SIM03379,2.873788,0.17199380,0.22420148,0.287814,SN II,0.5800,0.660710
SIM03380,34.496151,3.77888678,4.19547247,0.113542,AGN flare,0.6700,0.548143
SIM03381,17.895442,4.09943166,4.45868762,0.091208,SN Ia,0.9100,0.612822
SIM03382,35.567053,3.37201761,4.62887366,0.343964,AGN flare,0.6700,0.283706
SIM03383,20.126590,4.91806696,4.61939770,-0.068023,SN Ia,0.9100,0.307730
SIM03384,24.341943,2.72310476,2.47846957,-0.102202,SN Ia,0.9100,0.011616
SIM03385,42.013475,3.92609926,4.47075684,0.141049,AGN flare,0.6700,0.109880
SIM03386,8.851545,0.50227793,0.38836153,-0.279270,SN II,0.5800,0.765757
SIM03387,22.643909,1.80447751,2.12239382,0.176186,SN Ia,0.9100,0.836341
SIM03388,20.151190,0.81403172,0.90593915,0.116144,SN Ia,0.9100,0.527527
SIM03389,44.760515,1.01306111,1.08485888,0.074344,SN II,0.5800,0.694790
SIM03390,11.322058,0.63290943,0.81725022,0.277534,SN II,0.5800,0.574708
SIM03391,13.081318,1.00341320,0.71855803,-0.362545,SN II,0.5800,0.831273
SIM03392,34.807247,2.11763127,2.86177028,0.326961,SN II,0.5800,0.263987
SIM03393,31.886414,3.86237354,4.82323475,0.241210,AGN flare,0.6700,0.317134
SIM03394,44.090240,1.09980673,1.30598635,0.186556,SN II,0.5800,0.344924
SIM03395,21.085407,2.44524753,2.09764300,-0.166478,SN Ia,0.9100,0.616633
SIM03396,11.330640,0.86421748,0.98922648,0.146682,SN II,0.5800,0.654422
SIM03397,3.135169,0.27944143,0.25438684,-0.101990,SN II,0.5800,0.786655
SIM03398,14.565765,4.52033871,5.39960809,0.192978,SN Ia,0.9100,0.410348
SIM03399,16.199919,2.03914404,2.75756316,0.327694,SN Ia,0.9100,0.707939
SIM03400,41.387997,1.28539765,1.33106159,0.037902,SN II,0.5800,0.999028
SIM03401,27.176142,5.45956139,5.39503298,-0.012909,SN II,0.5800,0.487602
SIM03402,11.623837,1.94042143,2.60932650,0.321581,SN II,0.5800,0.612647
SIM03403,32.096914,3.11471750,4.14671873,0.310715,AGN flare,0.6700,0.076155
SIM03404,43.917076,0.87055502,0.62332944,-0.362696,SN II,0.5800,0.404718
SIM03405,33.519012,3.54915703,4.38825678,0.230417,AGN flare,0.6700,0.139086
SIM03406,35.344132,2.74347164,2.01619752,-0.334418,SN II,0.5800,0.799722
SIM03407,16.359193,1.34946253,1.41676412,0.052842,SN Ia,0.9100,0.386413
SIM03408,7.438156,0.97790171,0.70900101,-0.349121,SN II,0.5800,0.961448
SIM03409,16.011922,4.17289356,4.62268934,0.111144,SN Ia,0.9100,0.617270
SIM03410,43.679725,4.03707264,4.19024461,0.040432,AGN flare,0.6700,0.324086
SIM03411,44.836537,2.74126461,3.34596507,0.216426,SN II,0.5800,0.175572
SIM03412,40.095299,1.83602418,2.52181097,0.344585,SN II,0.5800,0.763163
SIM03413,41.412654,5.06991732,6.76707395,0.313500,AGN flare,0.6700,0.928417
SIM03414,17.192059,1.25113680,0.96709185,-0.279593,SN II,0.5800,0.904660
SIM03415,19.893783,2.30840165,2.35431288,0.021382,SN Ia,0.9100,0.603610
SIM03416,17.285847,2.17013964,1.56437985,-0.355364,SN II,0.5800,0.887954
SIM03417,24.654900,3.37926012,2.60937029,-0.280715,SN II,0.5800,0.303442
SIM03418,22.699469,4.79598909,4.90505541,0.024414,SN Ia,0.9100,0.626369
SIM03419,42.013812,1.69612928,1.82662847,0.080478,SN II,0.5800,0.134579
SIM03420,11.754086,1.63870597,1.35069091,-0.209863,SN II,0.5800,0.001599
SIM03421,43.784190,5.17775670,5.64966886,0.094703,AGN flare,0.6700,0.478253
SIM03422,43.618522,7.71253324,8.89558208,0.154943,AGN flare,0.6700,0.657423
SIM03423,41.757171,2.15658486,2.36752010,0.101318,SN II,0.5800,0.324537
SIM03424,26.962439,5.45547795,5.58423223,0.025327,SN II,0.5800,0.407541
SIM03425,25.179425,0.56331291,0.40555398,-0.356753,SN II,0.5800,0.878498
SIM03426,39.161102,3.04398333,3.44039026,0.132914,SN II,0.5800,0.150346
SIM03427,24.706363,3.98070300,3.12479540,-0.262845,SN II,0.5800,0.926929
SIM03428,26.912637,2.68464666,3.24456817,0.205674,SN II,0.5800,0.817987
SIM03429,44.706658,1.69403373,2.24442703,0.305459,SN II,0.5800,0.699328
SIM03430,5.902621,0.38710738,0.48761561,0.250615,SN II,0.5800,0.105292
SIM03431,32.793306,1.74934503,1.53484699,-0.142026,SN II,0.5800,0.799240
SIM03432,42.661576,2.22029303,2.92599201,0.299657,SN II,0.5800,0.627025
SIM03433,18.153485,1.43077068,1.53823557,0.078632,SN Ia,0.9100,0.215979
SIM03434,24.530820,2.41277776,3.11887280,0.278701,SN Ia,0.9100,0.733319
SIM03435,44.691097,1.88511261,2.57963713,0.340553,SN II,0.5800,0.903318
SIM03436,29.187381,1.77194598,1.92610926,0.090576,SN II,0.5800,0.537621
SIM03437,13.628993,0.91914459,0.80208876,-0.147904,SN Ia,0.9100,0.962470
SIM03438,8.423386,0.87416080,0.69068843,-0.255773,SN II,0.5800,0.033095
SIM03439,18.263738,3.24788449,4.24682474,0.291159,SN Ia,0.9100,0.916212
SIM03440,1.635485,0.03430266,0.03865061,0.129571,kilonova,0.7200,0.824125
SIM03441,6.342315,0.82416218,0.81292086,-0.014911,SN II,0.5800,0.639744
SIM03442,34.731532,1.48568799,1.76133957,0.184789,SN II,0.5800,0.022292
SIM03443,41.815815,3.33564791,2.66731695,-0.242764,SN II,0.5800,0.536194
SIM03444,20.355334,1.70446192,1.53564465,-0.113241,SN Ia,0.9100,0.541408
SIM03445,35.007675,1.72549171,2.34361366,0.332433,SN II,0.5800,0.395165
SIM03446,29.019839,7.42207182,7.06361526,-0.053745,SN II,0.5800,0.255686
SIM03447,23.357990,1.73700231,1.95786679,0.129957,SN Ia,0.9100,0.842464
SIM03448,8.856637,1.11004066,0.94211775,-0.178084,SN II,0.5800,0.856670
SIM03449,7.046983,0.40801517,0.53992628,0.304145,SN II,0.5800,0.272211
SIM03450,31.646984,4.87151358,6.04045933,0.233515,AGN flare,0.6700,0.271118
SIM03451,20.390777,3.93120596,3.87696576,-0.015085,SN Ia,0.9100,0.354423
SIM03452,28.509945,1.78491244,1.75013713,-0.021362,SN II,0.5800,0.683838
SIM03453,15.413962,1.22573123,1.13252779,-0.085866,SN Ia,0.9100,0.070911
SIM03454,2.922053,0.18351243,0.14639818,-0.245325,kilonova,0.7200,0.063875
SIM03455,25.559632,1.35469396,1.46283649,0.083386,SN II,0.5800,0.507830
SIM03456,26.530435,0.70692017,0.80345153,0.138973,SN II,0.5800,0.002078
SIM03457,23.401746,3.86768501,4.13975272,0.073808,SN Ia,0.9100,0.147124
SIM03458,7.393910,0.63787600,0.71239945,0.119968,SN II,0.5800,0.351006
SIM03459,14.429668,1.87529191,1.78585115,-0.053059,SN Ia,0.9100,0.335363
SIM03460,16.796048,5.22591911,6.44282441,0.227284,SN Ia,0.9100,0.761051
SIM03461,17.745071,3.82126471,5.31682891,0.358614,SN Ia,0.9100,0.240900
SIM03462,1.089505,0.02149862,0.01982530,-0.087977,kilonova,0.7200,0.972605
SIM03463,9.710315,1.80614449,2.50974202,0.357191,SN II,0.5800,0.386191
SIM03464,33.128194,1.92290065,1.52825750,-0.249401,SN II,0.5800,0.776300
SIM03465,24.518797,2.33485169,2.44057361,0.048082,SN Ia,0.9100,0.853996
SIM03466,41.379419,3.29199091,3.87076451,0.175845,SN II,0.5800,0.498188
SIM03467,8.982526,0.50404007,0.67616916,0.318976,SN II,0.5800,0.714757
SIM03468,24.431867,3.55321971,3.18483648,-0.118837,SN Ia,0.9100,0.785272
SIM03469,39.916803,3.59661668,4.06548642,0.133046,AGN flare,0.6700,0.388920
SIM03470,19.705647,1.46442657,1.84979083,0.253638,SN Ia,0.9100,0.352683
SIM03471,31.887715,5.26993454,4.32996243,-0.213303,AGN flare,0.6700,0.445683
SIM03472,27.514644,2.05181645,1.58395753,-0.280987,SN II,0.5800,0.192481
SIM03473,35.859127,2.04378980,1.86328390,-0.100393,SN II,0.5800,0.693382
SIM03474,19.769852,2.07581377,2.74915572,0.305027,SN Ia,0.9100,0.863055
SIM03475,24.524201,6.02645812,7.20932076,0.194581,SN Ia,0.9100,0.617592
SIM03476,34.884980,1.94745728,1.71997072,-0.134867,SN II,0.5800,0.499365
SIM03477,4.758631,0.22988823,0.29187843,0.259213,SN II,0.5800,0.979602
SIM03478,43.904397,4.95560308,4.82286403,-0.029479,AGN flare,0.6700,0.120940
SIM03479,14.537949,2.56784406,2.00052599,-0.271061,SN II,0.5800,0.216864
SIM03480,31.202778,4.80586842,5.10794242,0.066185,AGN flare,0.6700,0.895818
SIM03481,33.575131,4.26666617,5.42719164,0.261216,AGN flare,0.6700,0.325486
SIM03482,3.349230,0.25806784,0.19867720,-0.283965,SN II,0.5800,0.940513
SIM03483,21.372712,1.37195868,1.10281207,-0.237099,SN II,0.5800,0.807030
SIM03484,32.104874,3.78206145,3.59027750,-0.056501,SN II,0.5800,0.788410
SIM03485,44.038150,1.14234786,1.41738536,0.234224,SN II,0.5800,0.689698
SIM03486,35.420578,1.67659826,1.72613701,0.031616,SN II,0.5800,0.022890
SIM03487,25.957474,1.94100603,2.40093302,0.230883,SN II,0.5800,0.091496
SIM03488,42.231656,3.46309337,2.65319314,-0.289238,SN II,0.5800,0.687289
SIM03489,19.970090,4.26641310,4.81917762,0.132275,SN Ia,0.9100,0.338512
SIM03490,7.503851,0.41354279,0.43586975,0.057091,SN II,0.5800,0.249213
SIM03491,32.898781,5.83043094,5.24219948,-0.115468,AGN flare,0.6700,0.053667
SIM03492,34.050677,4.64123057,3.64077494,-0.263598,AGN flare,0.6700,0.615356
SIM03493,38.731301,2.20496026,1.94410135,-0.136705,SN II,0.5800,0.015936
SIM03494,43.347891,3.88016832,2.72836603,-0.382370,SN II,0.5800,0.900993
SIM03495,22.512353,3.24137255,2.79849689,-0.159510,SN Ia,0.9100,0.460919
SIM03496,19.073030,1.30264087,0.93834417,-0.356156,SN II,0.5800,0.019790
SIM03497,7.409042,0.61835829,0.72054692,0.166055,SN II,0.5800,0.560996
SIM03498,4.204826,0.28724968,0.38095533,0.306536,SN II,0.5800,0.897884
SIM03499,16.845478,1.94260457,2.23341761,0.151464,SN Ia,0.9100,0.533148
SIM03500,26.839539,1.03377209,0.92808661,-0.117091,SN II,0.5800,0.518180
SIM03501,14.676601,1.68903253,1.84852485,0.097968,SN Ia,0.9100,0.358243
SIM03502,16.226179,2.81823179,3.43305880,0.214261,SN Ia,0.9100,0.629405
SIM03503,6.313834,0.49414262,0.59240147,0.196910,SN II,0.5800,0.906542
SIM03504,33.173564,4.25947040,3.78352595,-0.128647,AGN flare,0.6700,0.574758
SIM03505,17.089840,1.27175809,1.74154374,0.341325,SN Ia,0.9100,0.967631
SIM03506,14.468488,0.95954730,1.22810551,0.267923,SN Ia,0.9100,0.267772
SIM03507,38.474475,2.27016384,2.68573651,0.182516,SN II,0.5800,0.595745
SIM03508,40.883428,4.03327086,3.92616775,-0.029221,AGN flare,0.6700,0.396270
SIM03509,21.002253,1.74880329,1.59598648,-0.099279,SN Ia,0.9100,0.698734
SIM03510,5.791671,0.48997235,0.64612052,0.300355,SN II,0.5800,0.237105
SIM03511,34.975833,3.78474458,4.14562150,0.098883,AGN flare,0.6700,0.775268
SIM03512,42.456823,5.10912221,6.76067875,0.304110,AGN flare,0.6700,0.970562
SIM03513,10.026170,1.23169577,1.38917269,0.130632,SN II,0.5800,0.102335
SIM03514,26.297701,5.14683779,4.25435387,-0.206767,SN II,0.5800,0.307839
SIM03515,40.994784,1.45641380,1.30994681,-0.115078,SN II,0.5800,0.572248
SIM03516,8.230883,0.79656006,0.92793452,0.165747,SN II,0.5800,0.277440
SIM03517,9.295210,0.59803188,0.65298848,0.095453,SN II,0.5800,0.393467
SIM03518,38.443201,2.11383400,1.89174399,-0.120521,SN II,0.5800,0.137925
SIM03519,6.960739,0.67026508,0.75935208,0.135491,SN II,0.5800,0.679783
SIM03520,4.330805,0.60498265,0.53353531,-0.136449,SN II,0.5800,0.169193
SIM03521,35.951548,1.95209679,1.78904673,-0.094699,SN II,0.5800,0.964755
SIM03522,6.911084,0.32939091,0.26019823,-0.256018,SN II,0.5800,0.716456
SIM03523,35.644163,3.11312834,2.50597459,-0.235551,SN II,0.5800,0.295742
SIM03524,11.938540,1.17968223,0.83548644,-0.374564,SN II,0.5800,0.805940
SIM03525,36.894092,6.04161582,4.78957667,-0.252140,AGN flare,0.6700,0.288536
SIM03526,6.743776,0.98859435,1.18707168,0.198647,SN II,0.5800,0.767280
SIM03527,34.024520,3.24938942,3.10601738,-0.048995,SN II,0.5800,0.473016
SIM03528,27.875801,2.32432362,2.13961749,-0.089901,SN II,0.5800,0.673856
SIM03529,4.351279,0.17990257,0.17942333,-0.002896,SN II,0.5800,0.873550
SIM03530,9.135774,0.65182754,0.50781073,-0.271077,SN II,0.5800,0.611907
SIM03531,40.568558,4.33341997,4.01866408,-0.081873,AGN flare,0.6700,0.678812
SIM03532,39.225743,2.55700656,2.29426264,-0.117722,SN II,0.5800,0.396352
SIM03533,7.318004,0.73732138,0.72211595,-0.022625,SN II,0.5800,0.846017
SIM03534,18.922108,3.19249800,3.99678676,0.243951,SN Ia,0.9100,0.448715
SIM03535,39.913110,3.49030733,2.47059736,-0.375154,SN II,0.5800,0.813844
SIM03536,23.799397,2.68004819,2.04508191,-0.293580,SN II,0.5800,0.770864
SIM03537,19.199273,2.77704462,3.10845750,0.122405,SN Ia,0.9100,0.208958
SIM03538,26.401412,1.67670393,1.78743725,0.069436,SN II,0.5800,0.597816
SIM03539,9.224895,1.25191850,1.36715899,0.095607,SN II,0.5800,0.316685
SIM03540,20.029093,3.75842877,3.85929788,0.028755,SN Ia,0.9100,0.256251
SIM03541,18.896199,3.04392316,4.12445225,0.329831,SN Ia,0.9100,0.144544
SIM03542,34.914623,5.92829001,8.05101174,0.332303,AGN flare,0.6700,0.271517
SIM03543,41.199706,5.24417951,5.36768796,0.025274,AGN flare,0.6700,0.724208
SIM03544,42.592234,0.84478407,0.96801442,0.147840,SN II,0.5800,0.065022
SIM03545,40.533991,7.34651226,5.82397158,-0.252155,AGN flare,0.6700,0.429389
SIM03546,3.764391,0.12980573,0.10089455,-0.273565,SN II,0.5800,0.204849
SIM03547,8.102307,1.73842279,2.06947238,0.189261,SN II,0.5800,0.699883
SIM03548,20.022809,1.12897902,0.85512293,-0.301643,SN II,0.5800,0.090030
SIM03549,13.419818,0.91323428,0.99890413,0.097354,SN Ia,0.9100,0.498933
SIM03550,14.406867,0.85134882,1.10319662,0.281363,SN Ia,0.9100,0.738779
SIM03551,32.241746,1.55337269,1.92505450,0.232918,SN II,0.5800,0.085604
SIM03552,21.329700,1.52939858,1.12480356,-0.333610,SN II,0.5800,0.302480
SIM03553,26.181703,4.49046702,5.15055418,0.148906,SN II,0.5800,0.962842
SIM03554,10.924293,0.82277882,0.65876922,-0.241375,SN II,0.5800,0.280615
SIM03555,23.020582,1.99338521,2.48000467,0.237153,SN Ia,0.9100,0.728673
SIM03556,41.562625,3.71307262,4.15016842,0.120831,AGN flare,0.6700,0.924090
SIM03557,15.478206,3.05967189,3.78776732,0.231771,SN Ia,0.9100,0.784089
SIM03558,13.785556,1.92730911,1.57076365,-0.222101,SN II,0.5800,0.382905
SIM03559,42.976001,1.42373968,1.68109876,0.180407,SN II,0.5800,0.472641
SIM03560,27.854506,1.88672665,1.91290749,0.014962,SN II,0.5800,0.572388
SIM03561,21.881564,5.01702589,3.91397507,-0.269571,SN II,0.5800,0.053063
SIM03562,16.392750,0.54550502,0.66774731,0.219533,SN Ia,0.9100,0.835588
SIM03563,1.254038,0.00915417,0.00884433,-0.037386,kilonova,0.7200,0.991144
SIM03564,4.448633,0.23891660,0.20092851,-0.188012,SN II,0.5800,0.337437
SIM03565,31.994721,5.55905698,6.61025184,0.188042,AGN flare,0.6700,0.334667
SIM03566,7.006867,0.31161900,0.39186811,0.248790,SN II,0.5800,0.702467
SIM03567,27.543755,1.34540746,1.36422535,0.015081,SN II,0.5800,0.111721
SIM03568,13.967284,2.72069831,3.60585809,0.305821,SN Ia,0.9100,0.860486
SIM03569,32.753109,2.98894079,3.64311398,0.214889,SN II,0.5800,0.632687
SIM03570,25.208475,1.75058225,2.33441314,0.312488,SN II,0.5800,0.714046
SIM03571,41.924998,2.04882352,2.00855319,-0.021553,SN II,0.5800,0.845156
SIM03572,32.715272,3.14486032,3.06638825,-0.027436,SN II,0.5800,0.367895
SIM03573,16.595269,2.47473610,1.99903251,-0.231773,SN II,0.5800,0.169333
SIM03574,28.761322,3.59086560,3.82165090,0.067630,SN II,0.5800,0.354231
SIM03575,44.894191,2.45878826,2.23569608,-0.103271,SN II,0.5800,0.601851
SIM03576,14.423115,0.81120313,0.76095053,-0.069433,SN Ia,0.9100,0.453438
SIM03577,28.110576,2.03138946,1.88028105,-0.083926,SN II,0.5800,0.242493
SIM03578,21.283071,6.57982128,7.94044734,0.204077,SN Ia,0.9100,0.934785
SIM03579,23.030689,1.96821792,2.37451777,0.203756,SN Ia,0.9100,0.265518
SIM03580,25.381941,2.21720567,2.16631941,-0.025209,SN II,0.5800,0.878695
SIM03581,24.009207,2.93836846,3.09432945,0.056151,SN Ia,0.9100,0.528000
SIM03582,14.673266,0.75963090,0.61177012,-0.235036,SN II,0.5800,0.331210
SIM03583,30.932139,4.63721389,3.54119927,-0.292767,AGN flare,0.6700,0.217860
SIM03584,41.827947,1.09928259,1.19724146,0.092681,SN II,0.5800,0.460763
SIM03585,39.403935,5.12557978,5.20176528,0.016019,AGN flare,0.6700,0.443995
SIM03586,44.429314,1.63887242,2.02310321,0.228682,SN II,0.5800,0.670655
SIM03587,5.208879,0.74778027,0.91397900,0.217906,SN II,0.5800,0.172441
SIM03588,40.474436,0.77689526,0.92523244,0.189721,SN II,0.5800,0.691038
SIM03589,35.329398,1.67423128,1.21616503,-0.347057,SN II,0.5800,0.646254
SIM03590,34.471461,3.59962969,3.47383247,-0.038622,SN II,0.5800,0.456840
SIM03591,31.207922,4.85968953,3.87316978,-0.246355,AGN flare,0.6700,0.689294
SIM03592,35.346389,5.02791024,5.60747308,0.118449,AGN flare,0.6700,0.243742
SIM03593,44.812303,3.48283088,4.03934197,0.160946,AGN flare,0.6700,0.752358
SIM03594,21.796375,1.82296500,1.47492703,-0.230019,SN II,0.5800,0.802896
SIM03595,23.826830,3.27856749,4.54875017,0.355520,SN Ia,0.9100,0.648969
SIM03596,25.182425,0.81330689,0.85243753,0.051020,SN II,0.5800,0.122018
SIM03597,28.861371,3.43114684,3.95622332,0.154604,SN II,0.5800,0.049037
SIM03598,38.873018,2.62981910,2.52979383,-0.042102,SN II,0.5800,0.675000
SIM03599,40.293330,3.90485479,5.30421074,0.332540,AGN flare,0.6700,0.952659
SIM03600,28.238949,2.25533479,2.70443337,0.197163,SN II,0.5800,0.852642
SIM03601,16.275911,2.63239528,3.37950624,0.271255,SN Ia,0.9100,0.330319
SIM03602,25.412357,2.01025126,1.52510296,-0.299878,SN II,0.5800,0.349001
SIM03603,19.993177,5.03277593,6.84032033,0.333172,SN Ia,0.9100,0.126622
SIM03604,32.173798,0.87110840,0.67082095,-0.283664,SN II,0.5800,0.895232
SIM03605,32.194268,3.76739922,4.28634376,0.140113,AGN flare,0.6700,0.104751
SIM03606,21.963242,1.94771995,2.33197118,0.195492,SN Ia,0.9100,0.072817
SIM03607,24.517640,0.95208380,0.70881785,-0.320351,SN II,0.5800,0.427003
SIM03608,43.800947,1.68405410,1.53988750,-0.097168,SN II,0.5800,0.365171
SIM03609,10.649159,1.73662811,1.38578384,-0.245028,SN II,0.5800,0.830927
SIM03610,35.956960,3.89715512,4.23209745,0.089520,AGN flare,0.6700,0.990768
SIM03611,3.319851,0.27589912,0.31936122,0.158830,SN II,0.5800,0.971103
SIM03612,3.355474,0.22837012,0.17145502,-0.311223,SN II,0.5800,0.535247
SIM03613,36.977281,3.42427223,4.35659969,0.261448,AGN flare,0.6700,0.914770
SIM03614,11.068058,1.29513755,1.59119566,0.223519,SN II,0.5800,0.429583
SIM03615,44.611289,5.48560991,5.30056835,-0.037256,AGN flare,0.6700,0.088531
SIM03616,1.569644,0.02803376,0.02129347,-0.298587,kilonova,0.7200,0.224193
SIM03617,39.074910,3.51905990,2.72428632,-0.277935,SN II,0.5800,0.932093
SIM03618,40.789162,5.18486029,6.11145184,0.178518,AGN flare,0.6700,0.270414
SIM03619,25.546275,1.02163090,0.84755867,-0.202811,SN II,0.5800,0.110381
SIM03620,32.891790,2.44509083,3.04950424,0.239836,SN II,0.5800,0.640210
SIM03621,30.669000,3.10771503,3.15363294,0.015925,SN II,0.5800,0.070880
SIM03622,33.326834,1.91366953,1.79833522,-0.067491,SN II,0.5800,0.071484
SIM03623,36.937495,2.59933759,3.09236688,0.188571,SN II,0.5800,0.932356
SIM03624,39.509940,1.20509143,1.15464399,-0.046430,SN II,0.5800,0.263632
SIM03625,32.080396,3.80225519,3.40448791,-0.119974,SN II,0.5800,0.893407
SIM03626,41.854759,1.48841100,1.86351589,0.244026,SN II,0.5800,0.856280
SIM03627,6.903219,0.39206422,0.36180844,-0.087196,SN II,0.5800,0.288926
SIM03628,7.880683,1.41255277,1.48667370,0.055527,SN II,0.5800,0.942970
SIM03629,12.673980,0.66904876,0.85173813,0.262121,SN Ia,0.9100,0.326344
SIM03630,16.295438,3.69941114,3.61569691,-0.024851,SN Ia,0.9100,0.871390
SIM03631,7.262418,0.48252538,0.50432207,0.047970,SN II,0.5800,0.684490
SIM03632,36.809727,2.47124463,2.98098172,0.203609,SN II,0.5800,0.235378
SIM03633,5.198012,0.23317441,0.24555920,0.056188,SN II,0.5800,0.117112
SIM03634,28.888074,4.54302265,4.70585063,0.038233,SN II,0.5800,0.831305
SIM03635,36.540968,4.47492967,3.40104928,-0.297933,AGN flare,0.6700,0.909079
SIM03636,43.560935,2.36663013,2.01239133,-0.176045,SN II,0.5800,0.315486
SIM03637,8.690219,0.32956666,0.36592934,0.113635,SN II,0.5800,0.872516
SIM03638,15.754097,4.39814785,4.84558787,0.105192,SN Ia,0.9100,0.863532
SIM03639,12.141510,2.04277827,1.43536192,-0.383150,SN II,0.5800,0.986909
SIM03640,12.459683,2.19756810,2.27477250,0.037489,SN Ia,0.9100,0.125696
SIM03641,44.543884,4.48559283,4.15586016,-0.082897,AGN flare,0.6700,0.005555
SIM03642,14.773476,4.14448018,3.32788881,-0.238253,SN II,0.5800,0.649089
SIM03643,4.768067,0.46536924,0.33456588,-0.358290,SN II,0.5800,0.501311
SIM03644,43.577455,1.53687482,1.93762929,0.251580,SN II,0.5800,0.843172
SIM03645,24.548898,3.64455536,4.26838959,0.171549,SN Ia,0.9100,0.978644
SIM03646,30.025396,1.52595823,1.59211877,0.046082,SN II,0.5800,0.667497
SIM03647,35.940180,1.52338902,1.16225441,-0.293774,SN II,0.5800,0.760608
SIM03648,2.335125,0.02937799,0.03715026,0.254850,SN II,0.5800,0.980973
SIM03649,12.734148,0.71750188,0.56896472,-0.251844,SN II,0.5800,0.196057
SIM03650,35.907485,5.16830508,6.41949902,0.235382,AGN flare,0.6700,0.201388
SIM03651,43.628606,2.35357696,2.97381363,0.253963,SN II,0.5800,0.248134
SIM03652,1.762023,0.03197752,0.04456923,0.360476,SN II,0.5800,0.840856
SIM03653,15.745011,3.76586699,4.07039229,0.084428,SN Ia,0.9100,0.283880
SIM03654,40.634487,2.74582914,2.52117878,-0.092675,SN II,0.5800,0.298834
SIM03655,15.447705,3.54361880,4.03559753,0.141152,SN Ia,0.9100,0.743780
SIM03656,3.753749,0.29045415,0.21986048,-0.302326,SN II,0.5800,0.931068
SIM03657,22.633304,2.00504244,1.97684271,-0.015379,SN Ia,0.9100,0.826297
SIM03658,44.082432,1.00952067,1.05360797,0.046410,SN II,0.5800,0.298582
SIM03659,32.311263,2.73919837,2.70534425,-0.013502,SN II,0.5800,0.777740
SIM03660,24.840831,3.98299166,4.01418745,0.008471,SN Ia,0.9100,0.992484
SIM03661,6.734403,0.36473630,0.48217802,0.303071,SN II,0.5800,0.050701
SIM03662,16.039410,3.58566031,3.90218143,0.091846,SN Ia,0.9100,0.686596
SIM03663,39.345038,3.05143532,2.57838447,-0.182891,SN II,0.5800,0.333755
SIM03664,36.964223,3.95281307,3.41711272,-0.158117,SN II,0.5800,0.978407
SIM03665,3.396429,0.12241980,0.14551751,0.187659,SN II,0.5800,0.040026
SIM03666,30.953008,0.97190259,0.98111566,0.010244,SN II,0.5800,0.765510
SIM03667,9.472059,0.52899000,0.42815317,-0.229621,SN II,0.5800,0.306635
SIM03668,4.368232,0.38467252,0.49240547,0.268079,SN II,0.5800,0.467496
SIM03669,25.513798,2.13056753,1.96004121,-0.090575,SN II,0.5800,0.642223
SIM03670,38.394689,2.37574897,2.93265945,0.228653,SN II,0.5800,0.804429
SIM03671,41.048032,2.30134039,2.42375147,0.056268,SN II,0.5800,0.594952
SIM03672,30.603321,5.41983487,4.75067605,-0.143077,AGN flare,0.6700,0.773899
SIM03673,35.121694,2.43672094,2.38934293,-0.021318,SN II,0.5800,0.852821
SIM03674,18.216354,0.67286209,0.80294186,0.191895,SN Ia,0.9100,0.030036
SIM03675,16.205421,1.29306298,1.31875418,0.021360,SN Ia,0.9100,0.735506
SIM03676,4.162803,0.22298712,0.25282756,0.136362,SN II,0.5800,0.562768
SIM03677,13.491809,2.24161825,2.32570322,0.039982,SN Ia,0.9100,0.288347
SIM03678,21.719658,1.72949890,2.35018055,0.332952,SN Ia,0.9100,0.650277
SIM03679,1.180131,0.01788545,0.01296966,-0.348928,kilonova,0.7200,0.278150
SIM03680,24.429442,2.02804038,1.99733992,-0.016562,SN Ia,0.9100,0.009385
SIM03681,31.040456,2.26635770,1.83915546,-0.226775,SN II,0.5800,0.116385
SIM03682,17.029645,0.89117334,1.22420927,0.344734,SN Ia,0.9100,0.767121
SIM03683,13.474525,2.00688503,2.52970228,0.251367,SN Ia,0.9100,0.240317
SIM03684,43.044401,4.66658451,5.11714453,0.100071,AGN flare,0.6700,0.651151
SIM03685,2.003031,0.08195817,0.06872864,-0.191136,kilonova,0.7200,0.358882
SIM03686,32.751050,2.97815052,2.88668917,-0.033867,SN II,0.5800,0.988706
SIM03687,3.787812,0.26432175,0.31852229,0.202517,SN II,0.5800,0.519431
SIM03688,20.778051,1.80467311,1.69242390,-0.069723,SN Ia,0.9100,0.073958
SIM03689,43.604061,1.53376201,1.81963909,0.185568,SN II,0.5800,0.542186
SIM03690,18.360086,2.29650293,2.73511568,0.189772,SN Ia,0.9100,0.419621
SIM03691,43.486533,3.00282093,3.97673828,0.304994,SN II,0.5800,0.444238
SIM03692,15.999669,0.78113681,0.56687433,-0.348101,SN II,0.5800,0.220548
SIM03693,18.061303,4.58808261,5.42809045,0.182540,SN Ia,0.9100,0.963123
SIM03694,42.593121,3.43044178,2.50628567,-0.340799,SN II,0.5800,0.591635
SIM03695,17.156696,1.62629125,2.21513557,0.335505,SN Ia,0.9100,0.282336
SIM03696,30.871325,4.18019180,5.18699799,0.234300,AGN flare,0.6700,0.840233
SIM03697,6.440401,1.16010054,1.48158714,0.265579,SN II,0.5800,0.591804
SIM03698,27.317296,1.83211230,1.66285105,-0.105247,SN II,0.5800,0.233192
SIM03699,41.943239,1.44933242,1.88575116,0.285791,SN II,0.5800,0.535172
SIM03700,39.582566,2.94011805,2.91966975,-0.007578,SN II,0.5800,0.884946
SIM03701,27.865708,2.21636817,1.72268808,-0.273588,SN II,0.5800,0.552844
SIM03702,4.217600,0.25406896,0.23469133,-0.086136,SN II,0.5800,0.385457
SIM03703,22.021338,2.22440963,2.10660734,-0.059078,SN Ia,0.9100,0.541657
SIM03704,23.689645,4.73862139,5.53157561,0.167992,SN Ia,0.9100,0.668708
SIM03705,17.404247,1.47886507,1.15275078,-0.270483,SN II,0.5800,0.960184
SIM03706,30.716324,2.56891339,2.53540065,-0.014257,SN II,0.5800,0.413524
SIM03707,35.747325,3.07541748,3.83657806,0.240100,SN II,0.5800,0.668728
SIM03708,8.311654,0.59374477,0.66854370,0.128825,SN II,0.5800,0.362853
SIM03709,42.230866,5.38759052,4.46373267,-0.204241,AGN flare,0.6700,0.829201
SIM03710,44.300640,1.21524230,1.25294413,0.033172,SN II,0.5800,0.319294
SIM03711,26.870787,0.76718082,0.58795511,-0.288884,SN II,0.5800,0.110474
SIM03712,15.994879,3.27923313,2.67191227,-0.222375,SN II,0.5800,0.596287
SIM03713,44.318768,2.75108400,3.26910066,0.187311,SN II,0.5800,0.085040
SIM03714,38.976193,2.99056092,4.00642894,0.317512,AGN flare,0.6700,0.449384
SIM03715,15.002385,1.15497117,1.35175811,0.170820,SN Ia,0.9100,0.680312
SIM03716,4.681545,0.17297610,0.13998364,-0.229772,SN II,0.5800,0.111029
SIM03717,11.039170,2.74559631,3.09268549,0.129248,SN II,0.5800,0.322074
SIM03718,15.459769,1.78430471,1.39294999,-0.268834,SN II,0.5800,0.946106
SIM03719,13.020956,1.97787758,1.52229251,-0.284253,SN II,0.5800,0.320531
SIM03720,38.843044,5.29825213,5.67190496,0.073991,AGN flare,0.6700,0.439705
SIM03721,16.173826,2.98960733,2.31960790,-0.275499,SN II,0.5800,0.585725
SIM03722,17.505548,2.93039272,3.41642936,0.166617,SN Ia,0.9100,0.463910
SIM03723,41.640391,1.22620777,1.69365250,0.350651,SN II,0.5800,0.112026
SIM03724,33.637647,1.31591821,1.79317825,0.335986,SN II,0.5800,0.719638
SIM03725,15.183748,1.70864374,2.09655136,0.222135,SN Ia,0.9100,0.295257
SIM03726,2.677589,0.08701403,0.07946054,-0.098595,kilonova,0.7200,0.768973
SIM03727,21.740351,2.05652361,1.63753719,-0.247356,SN II,0.5800,0.708918
SIM03728,43.914323,1.30656941,1.44433059,0.108835,SN II,0.5800,0.243648
SIM03729,5.932861,0.28625522,0.33673915,0.176350,SN II,0.5800,0.505083
SIM03730,10.792671,2.01712836,2.52837577,0.245270,SN II,0.5800,0.786329
SIM03731,12.279818,0.77837822,0.82368580,0.061427,SN Ia,0.9100,0.737313
SIM03732,6.376053,0.15662976,0.19737782,0.251060,SN II,0.5800,0.929729
SIM03733,27.055674,3.32757311,3.09029907,-0.080318,SN II,0.5800,0.374829
SIM03734,1.029611,0.01003614,0.00940333,-0.070713,kilonova,0.7200,0.616585
SIM03735,7.657211,0.94647724,0.80806262,-0.171663,SN II,0.5800,0.987505
SIM03736,1.100142,0.04229174,0.05668173,0.317969,SN II,0.5800,0.996422
SIM03737,43.981171,4.34405799,3.58970232,-0.207093,AGN flare,0.6700,0.818411
SIM03738,8.476187,1.63379389,1.92619858,0.178759,SN II,0.5800,0.776199
SIM03739,15.379267,4.36815048,5.00859235,0.148545,SN Ia,0.9100,0.683411
SIM03740,11.324548,1.53218181,1.70314247,0.114852,SN II,0.5800,0.548604
SIM03741,6.925185,0.24752684,0.31564003,0.263924,SN II,0.5800,0.992486
SIM03742,7.236657,0.76118741,1.05241122,0.351735,SN II,0.5800,0.414541
SIM03743,36.259450,4.22346891,3.15213611,-0.317661,AGN flare,0.6700,0.134100
SIM03744,40.846540,1.71931646,2.34713972,0.337958,SN II,0.5800,0.637358
SIM03745,26.319078,5.48597536,4.95905228,-0.109638,SN II,0.5800,0.114355
SIM03746,14.548984,1.50303989,1.42346107,-0.059062,SN Ia,0.9100,0.465221
SIM03747,16.055890,3.99868359,4.30103030,0.079139,SN Ia,0.9100,0.800892
SIM03748,11.238295,2.87803046,2.23883976,-0.272681,SN II,0.5800,0.015964
SIM03749,19.405176,0.77367302,0.62996419,-0.223104,SN II,0.5800,0.821376
SIM03750,22.555100,3.51773203,2.72720426,-0.276363,SN II,0.5800,0.984117
SIM03751,42.281626,4.66053203,5.45907359,0.171709,AGN flare,0.6700,0.419326
SIM03752,6.152462,0.34526933,0.34280695,-0.007771,SN II,0.5800,0.324525
SIM03753,33.127295,1.35089869,1.31480786,-0.029401,SN II,0.5800,0.027886
SIM03754,26.862465,5.98631220,8.21054856,0.343032,SN II,0.5800,0.564518
SIM03755,25.459356,1.49663422,1.37714637,-0.090339,SN II,0.5800,0.467033
SIM03756,24.771640,5.88534135,5.51045229,-0.071461,SN Ia,0.9100,0.985050
SIM03757,27.809595,1.65593040,1.50083260,-0.106775,SN II,0.5800,0.399893
SIM03758,27.885077,5.92292002,8.07640322,0.336705,SN II,0.5800,0.571681
SIM03759,5.911152,0.72742095,0.67786009,-0.076614,SN II,0.5800,0.973458
SIM03760,4.105228,0.17423559,0.19356953,0.114250,SN II,0.5800,0.237716
SIM03761,24.287297,2.98014385,4.00652735,0.321327,SN Ia,0.9100,0.512755
SIM03762,8.498877,0.59190224,0.79755009,0.323770,SN II,0.5800,0.843115
SIM03763,6.392151,0.35240128,0.30984798,-0.139722,SN II,0.5800,0.121950
SIM03764,8.619288,0.57052451,0.45415105,-0.247685,SN II,0.5800,0.071905
SIM03765,13.342124,1.01721261,1.25610245,0.229033,SN Ia,0.9100,0.533276
SIM03766,44.249442,5.19489964,4.21308431,-0.227443,AGN flare,0.6700,0.749625
SIM03767,1.276965,0.04838438,0.05671973,0.172572,SN II,0.5800,0.124278
SIM03768,36.456756,6.82637744,6.83875770,0.001967,AGN flare,0.6700,0.373406
SIM03769,39.528914,3.57564485,4.38800300,0.222281,AGN flare,0.6700,0.206017
SIM03770,25.875369,7.01008838,6.13163530,-0.145368,SN II,0.5800,0.337348
SIM03771,21.260396,0.70219678,0.81645538,0.163684,SN Ia,0.9100,0.741425
SIM03772,19.357070,1.34760815,1.05857988,-0.262100,SN II,0.5800,0.624693
SIM03773,3.907369,0.07064498,0.07429229,0.054656,SN II,0.5800,0.919493
SIM03774,31.072680,1.03868536,1.21354195,0.168927,SN II,0.5800,0.087855
SIM03775,27.075336,0.76162230,1.00374401,0.299708,SN II,0.5800,0.400389
SIM03776,15.115045,1.21716021,1.32426384,0.091567,SN Ia,0.9100,0.714444
SIM03777,5.263962,0.24665352,0.17410840,-0.378169,SN II,0.5800,0.433715
SIM03778,24.207120,3.98641550,4.04592390,0.016088,SN Ia,0.9100,0.471703
SIM03779,8.884656,0.56140637,0.56211683,0.001373,SN II,0.5800,0.653601
SIM03780,22.114623,2.62253416,2.08477567,-0.249155,SN II,0.5800,0.832820
SIM03781,39.872068,1.28698402,1.40413799,0.094592,SN II,0.5800,0.037558
SIM03782,23.496932,4.12981888,3.43579893,-0.199758,SN Ia,0.9100,0.749443
SIM03783,4.418832,0.24380346,0.23424556,-0.043421,SN II,0.5800,0.482635
SIM03784,15.781962,3.26994434,2.29595994,-0.383940,SN II,0.5800,0.424983
SIM03785,14.171109,3.16368361,3.94363190,0.239258,SN Ia,0.9100,0.900162
SIM03786,41.713420,1.43602807,1.71868491,0.195083,SN II,0.5800,0.882112
SIM03787,41.104199,1.61313488,1.68738649,0.048860,SN II,0.5800,0.154419
SIM03788,14.013213,1.63401604,2.24841672,0.346551,SN Ia,0.9100,0.825822
SIM03789,26.886885,7.16371782,7.13343382,-0.004600,SN II,0.5800,0.377238
SIM03790,14.091278,1.64443197,1.52098953,-0.084724,SN Ia,0.9100,0.407629
SIM03791,38.864801,1.62961288,1.84744408,0.136217,SN II,0.5800,0.096475
SIM03792,22.972397,2.84076170,3.11755507,0.100948,SN Ia,0.9100,0.452579
SIM03793,34.350008,4.48645753,5.33129248,0.187322,AGN flare,0.6700,0.152088
SIM03794,42.822651,1.85522391,1.80139026,-0.031971,SN II,0.5800,0.099257
SIM03795,6.671129,0.28770710,0.30699142,0.070439,SN II,0.5800,0.993648
SIM03796,34.533699,4.60392153,3.80992866,-0.205528,AGN flare,0.6700,0.041112
SIM03797,25.927975,3.51107625,3.21966739,-0.094073,SN II,0.5800,0.282776
SIM03798,29.023230,4.68790675,5.80783455,0.232588,SN II,0.5800,0.025339
SIM03799,23.420237,1.92978154,2.39997409,0.236746,SN Ia,0.9100,0.436513
SIM03800,4.767860,0.55835591,0.53579474,-0.044782,SN II,0.5800,0.131671
SIM03801,24.305839,2.34358479,2.67565825,0.143875,SN Ia,0.9100,0.477140
SIM03802,4.259377,0.08323409,0.06613796,-0.249626,SN II,0.5800,0.483342
SIM03803,14.121634,2.24258410,1.63978408,-0.339905,SN II,0.5800,0.941270
SIM03804,28.575718,1.57379076,2.15376830,0.340630,SN II,0.5800,0.379004
SIM03805,11.688283,1.75874904,1.48406623,-0.184376,SN II,0.5800,0.101574
SIM03806,39.547001,6.99151407,8.22490736,0.176399,AGN flare,0.6700,0.432669
SIM03807,41.336790,1.47369633,1.92474200,0.289911,SN II,0.5800,0.538939
SIM03808,36.081407,3.33638982,4.57201200,0.342076,AGN flare,0.6700,0.031350
SIM03809,34.677813,0.74695610,0.54211915,-0.348001,SN II,0.5800,0.187855
SIM03810,25.743628,3.15415767,4.20063050,0.311078,SN II,0.5800,0.333143
SIM03811,3.867264,0.47634569,0.65543237,0.346514,SN II,0.5800,0.907682
SIM03812,24.982238,2.53475423,3.46687754,0.340007,SN Ia,0.9100,0.358969
SIM03813,8.810018,0.37829021,0.32602516,-0.161435,SN II,0.5800,0.346040
SIM03814,16.163832,2.72625161,2.22798730,-0.219133,SN II,0.5800,0.595077
SIM03815,22.356610,1.42161792,1.28555084,-0.109234,SN Ia,0.9100,0.255282
SIM03816,40.519393,5.11487491,6.77558478,0.305279,AGN flare,0.6700,0.421450
SIM03817,39.013444,2.53867120,2.33784007,-0.089479,SN II,0.5800,0.900620
SIM03818,39.169059,7.47451640,6.51867295,-0.148560,AGN flare,0.6700,0.029485
SIM03819,31.125118,2.98040493,2.59876060,-0.148772,SN II,0.5800,0.727879
SIM03820,35.107794,1.52831399,1.41656535,-0.082440,SN II,0.5800,0.280385
SIM03821,34.567878,1.13421963,1.42393324,0.246981,SN II,0.5800,0.070227
SIM03822,20.007284,6.82928470,8.14415624,0.191177,SN Ia,0.9100,0.782366
SIM03823,28.365721,1.29741316,1.34879250,0.042167,SN II,0.5800,0.003703
SIM03824,5.017174,0.50333790,0.49214780,-0.024410,SN II,0.5800,0.512022
SIM03825,6.783055,0.99042628,1.37545072,0.356557,SN II,0.5800,0.054600
SIM03826,11.509084,1.32014192,1.77068919,0.318804,SN II,0.5800,0.720805
SIM03827,27.115550,2.42979983,2.55107298,0.052881,SN II,0.5800,0.684711
SIM03828,1.009618,0.00992656,0.00977278,-0.016952,kilonova,0.7200,0.507550
SIM03829,35.704141,2.22645255,2.31252351,0.041182,SN II,0.5800,0.571268
SIM03830,3.134458,0.16084127,0.18500998,0.151994,SN II,0.5800,0.673076
SIM03831,34.360442,1.31566417,1.17078005,-0.126674,SN II,0.5800,0.632661
SIM03832,40.123894,3.64274168,2.58957224,-0.370501,SN II,0.5800,0.251822
SIM03833,24.793532,6.01549195,7.96955056,0.305407,SN Ia,0.9100,0.963193
SIM03834,12.820884,1.50320519,1.65930748,0.107272,SN Ia,0.9100,0.203076
SIM03835,5.833556,0.43284111,0.51270823,0.183854,SN II,0.5800,0.159156
SIM03836,16.394314,3.95865138,5.03511376,0.261155,SN Ia,0.9100,0.999790
SIM03837,6.133511,0.31129261,0.39537312,0.259596,SN II,0.5800,0.314069
SIM03838,36.596937,3.27939289,3.87932571,0.182407,SN II,0.5800,0.787667
SIM03839,23.436568,2.08138018,1.56557472,-0.309194,SN II,0.5800,0.063335
SIM03840,35.948085,7.26309447,9.48560458,0.289858,AGN flare,0.6700,0.466592
SIM03841,5.730657,0.67547975,0.75062427,0.114526,SN II,0.5800,0.721497
SIM03842,11.205812,2.22936462,2.51298845,0.130023,SN II,0.5800,0.344392
SIM03843,26.066548,3.02173994,2.57510621,-0.173655,SN II,0.5800,0.699455
SIM03844,32.232181,4.34909177,4.66112115,0.075230,AGN flare,0.6700,0.205877
SIM03845,14.563724,1.28783373,1.03956104,-0.232525,SN II,0.5800,0.904622
SIM03846,16.060601,0.76410834,0.78960423,0.035636,SN Ia,0.9100,0.069314
SIM03847,20.503946,1.56668086,1.24057621,-0.253393,SN II,0.5800,0.243360
SIM03848,43.152612,1.45993153,1.86122785,0.263668,SN II,0.5800,0.762739
SIM03849,7.291073,0.54955177,0.66612386,0.208866,SN II,0.5800,0.918182
SIM03850,24.708372,0.79597611,0.87572820,0.103673,SN Ia,0.9100,0.874658
SIM03851,12.206560,2.48488585,1.74388630,-0.384471,SN II,0.5800,0.193488
SIM03852,22.565040,1.07457819,1.24258821,0.157723,SN Ia,0.9100,0.148639
SIM03853,28.154181,2.33149957,2.03549178,-0.147415,SN II,0.5800,0.100818
SIM03854,21.928261,5.22324255,4.80942246,-0.089618,SN Ia,0.9100,0.323864
SIM03855,24.897881,1.65057018,2.20823217,0.316027,SN Ia,0.9100,0.802846
SIM03856,33.477647,1.79753377,1.43362044,-0.245607,SN II,0.5800,0.928644
SIM03857,8.980461,0.50492464,0.52785341,0.048217,SN II,0.5800,0.443145
SIM03858,33.053940,3.26416059,4.28875848,0.296400,AGN flare,0.6700,0.209048
SIM03859,24.127917,2.04913696,1.72389616,-0.187650,SN Ia,0.9100,0.566390
SIM03860,31.893098,0.84831976,0.89260888,0.055254,SN II,0.5800,0.607628
SIM03861,9.583620,1.31281763,1.51342166,0.154389,SN II,0.5800,0.172859
SIM03862,27.985312,1.05133119,0.74292864,-0.376981,SN II,0.5800,0.801204
SIM03863,43.374496,2.76031167,3.41293465,0.230425,SN II,0.5800,0.159694
SIM03864,43.271161,2.12460602,1.84343561,-0.154126,SN II,0.5800,0.727689
SIM03865,18.127923,0.61797960,0.81864261,0.305301,SN Ia,0.9100,0.940355
SIM03866,20.711532,4.43597314,6.18892958,0.361567,SN Ia,0.9100,0.296309
SIM03867,22.104174,5.15495983,6.91684186,0.319206,SN Ia,0.9100,0.781387
SIM03868,24.367076,4.01496457,4.89438625,0.215041,SN Ia,0.9100,0.965206
SIM03869,13.451564,1.61524906,1.60728757,-0.005365,SN Ia,0.9100,0.883547
SIM03870,22.490346,3.91899579,5.22575739,0.312436,SN Ia,0.9100,0.831659
SIM03871,14.316252,4.40979261,5.54988108,0.249664,SN Ia,0.9100,0.682328
SIM03872,20.294826,0.82864510,0.78771281,-0.055002,SN Ia,0.9100,0.627527
SIM03873,39.431429,3.46818745,3.87411916,0.120176,SN II,0.5800,0.901264
SIM03874,41.415948,1.70214021,1.53736262,-0.110548,SN II,0.5800,0.942091
SIM03875,3.912281,0.07871856,0.08899679,0.133243,SN II,0.5800,0.047595
SIM03876,4.693803,0.18911940,0.13355207,-0.377714,SN II,0.5800,0.878296
SIM03877,37.858595,4.67911933,5.19850604,0.114286,AGN flare,0.6700,0.873791
SIM03878,5.607118,0.22378962,0.20336690,-0.103899,SN II,0.5800,0.571761
SIM03879,33.687819,2.56500784,3.49872878,0.337054,SN II,0.5800,0.383738
SIM03880,20.740469,1.29416729,1.39715778,0.083138,SN Ia,0.9100,0.614084
SIM03881,8.451374,1.00338746,1.36637600,0.335254,SN II,0.5800,0.379234
SIM03882,4.742635,0.33452795,0.45849439,0.342254,SN II,0.5800,0.661938
SIM03883,16.313865,3.09127479,4.06073607,0.296168,SN Ia,0.9100,0.136404
SIM03884,13.930760,0.97289140,0.86911141,-0.122472,SN Ia,0.9100,0.279918
SIM03885,29.929838,3.39016479,3.61893664,0.070900,SN II,0.5800,0.425964
SIM03886,26.026659,1.59927547,1.44686528,-0.108738,SN II,0.5800,0.916030
SIM03887,22.771170,1.98209545,1.65015772,-0.198998,SN Ia,0.9100,0.922024
SIM03888,5.879001,0.30226962,0.24002283,-0.250355,SN II,0.5800,0.476284
SIM03889,39.345045,1.46223160,1.24122919,-0.177910,SN II,0.5800,0.991785
SIM03890,35.547528,2.69673959,2.48481838,-0.088861,SN II,0.5800,0.035931
SIM03891,11.122353,1.59833955,2.07222479,0.281920,SN II,0.5800,0.957083
SIM03892,30.954243,2.33205197,1.82830383,-0.264225,SN II,0.5800,0.231273
SIM03893,16.354133,1.44758741,1.52062900,0.053446,SN Ia,0.9100,0.353630
SIM03894,28.506336,2.46040722,2.38432516,-0.034104,SN II,0.5800,0.442906
SIM03895,14.470298,1.58165861,2.05921930,0.286475,SN Ia,0.9100,0.807061
SIM03896,39.009339,4.85761312,3.59905516,-0.325586,AGN flare,0.6700,0.846261
SIM03897,30.522984,2.05340087,1.90905082,-0.079141,SN II,0.5800,0.607733
SIM03898,3.439635,0.22869605,0.21662243,-0.058888,SN II,0.5800,0.333748
SIM03899,35.948538,2.00714809,1.82392047,-0.103934,SN II,0.5800,0.526279
SIM03900,14.898957,1.73860786,2.24868810,0.279319,SN Ia,0.9100,0.804528
SIM03901,18.038115,5.74905916,4.61033619,-0.239660,SN II,0.5800,0.183399
SIM03902,43.895081,1.14917858,1.60636166,0.363640,SN II,0.5800,0.816728
SIM03903,9.714712,1.53731734,1.34740469,-0.143164,SN II,0.5800,0.775241
SIM03904,12.126564,2.13020782,2.47443166,0.162634,SN Ia,0.9100,0.427402
SIM03905,43.371706,7.17089433,7.66251618,0.071995,AGN flare,0.6700,0.122737
SIM03906,14.962584,0.93209961,0.75197497,-0.233147,SN II,0.5800,0.672157
SIM03907,35.196533,1.95887075,2.47360589,0.253312,SN II,0.5800,0.507673
SIM03908,44.190146,0.72572912,0.56761461,-0.266802,SN II,0.5800,0.144496
SIM03909,34.708953,2.11560090,2.70434818,0.266572,SN II,0.5800,0.714219
SIM03910,26.269722,2.03246245,2.81658850,0.354252,SN II,0.5800,0.606019
SIM03911,3.471963,0.16450582,0.19464988,0.182682,SN II,0.5800,0.534523
SIM03912,10.410393,1.48157267,1.73016754,0.168413,SN II,0.5800,0.985773
SIM03913,40.912020,3.31914401,2.81075651,-0.180507,SN II,0.5800,0.346015
SIM03914,3.520442,0.15275302,0.19575098,0.269285,SN II,0.5800,0.600682
SIM03915,37.171018,2.52143550,3.06329126,0.211351,SN II,0.5800,0.811365
SIM03916,20.182561,2.95036328,2.26204766,-0.288434,SN II,0.5800,0.508259
SIM03917,4.171265,0.29897770,0.38887905,0.285439,SN II,0.5800,0.749398
SIM03918,18.430326,1.52438178,1.15898818,-0.297537,SN II,0.5800,0.768719
SIM03919,36.267993,1.31185557,1.40450663,0.074094,SN II,0.5800,0.385856
SIM03920,31.597040,1.95227890,2.27309620,0.165190,SN II,0.5800,0.225765
SIM03921,4.475687,0.08844354,0.09060866,0.026259,SN II,0.5800,0.155189
SIM03922,1.536080,0.01281543,0.00920151,-0.359685,kilonova,0.7200,0.814396
SIM03923,27.323741,1.75288899,1.73372262,-0.011937,SN II,0.5800,0.424468
SIM03924,28.103881,2.27139927,2.60173498,0.147424,SN II,0.5800,0.860561
SIM03925,36.799027,4.82562018,3.55293506,-0.332415,AGN flare,0.6700,0.896251
SIM03926,29.635911,3.13780349,2.38852592,-0.296239,SN II,0.5800,0.111914
SIM03927,40.893118,2.70363510,3.59218927,0.308528,SN II,0.5800,0.485228
SIM03928,15.401139,1.85756021,2.09932805,0.132844,SN Ia,0.9100,0.710114
SIM03929,2.796205,0.17800951,0.23945412,0.321948,SN II,0.5800,0.351848
SIM03930,6.434241,0.62233767,0.80373734,0.277720,SN II,0.5800,0.919675
SIM03931,33.086020,2.52602859,2.77455525,0.101888,SN II,0.5800,0.273821
SIM03932,26.494304,5.69428070,6.38188419,0.123775,SN II,0.5800,0.447109
SIM03933,12.233737,1.12232716,1.15715084,0.033176,SN Ia,0.9100,0.615805
SIM03934,44.431769,2.93386877,3.37907972,0.153394,SN II,0.5800,0.048171
SIM03935,15.113601,1.70756585,1.98047967,0.160982,SN Ia,0.9100,0.890294
SIM03936,3.039039,0.16954432,0.13526887,-0.245213,SN II,0.5800,0.340688
SIM03937,28.127357,3.16840266,2.71426315,-0.167971,SN II,0.5800,0.041098
SIM03938,26.065871,1.72265001,1.36137587,-0.255548,SN II,0.5800,0.465463
SIM03939,28.649483,2.22057078,2.41237812,0.089952,SN II,0.5800,0.618566
SIM03940,29.185212,3.17800830,3.09457327,-0.028886,SN II,0.5800,0.738330
SIM03941,23.612300,1.22914273,0.91474052,-0.320761,SN II,0.5800,0.891146
SIM03942,4.396180,0.31081421,0.30834958,-0.008644,SN II,0.5800,0.023377
SIM03943,9.905889,0.70362572,0.90008625,0.267356,SN II,0.5800,0.217657
SIM03944,42.829362,2.62476248,2.61043655,-0.005942,SN II,0.5800,0.582601
SIM03945,8.145424,0.68213496,0.80279431,0.176835,SN II,0.5800,0.507872
SIM03946,37.969025,0.94328981,1.03161598,0.097182,SN II,0.5800,0.254020
SIM03947,11.920541,1.54083357,1.65301055,0.076300,SN II,0.5800,0.145417
SIM03948,29.359965,0.79879220,0.71022815,-0.127590,SN II,0.5800,0.387051
SIM03949,22.508524,1.20234211,1.53464416,0.264949,SN Ia,0.9100,0.108931
SIM03950,24.074555,3.53714687,4.11231291,0.163583,SN Ia,0.9100,0.273495
SIM03951,29.592115,2.54168074,3.45739667,0.334071,SN II,0.5800,0.959639
SIM03952,30.763227,3.64877057,4.61044902,0.253992,AGN flare,0.6700,0.887996
SIM03953,22.675605,1.53048573,1.38390452,-0.109308,SN Ia,0.9100,0.704089
SIM03954,4.745552,0.15722263,0.19595741,0.239117,SN II,0.5800,0.221942
SIM03955,20.734545,5.29313128,4.13848682,-0.267178,SN II,0.5800,0.669511
SIM03956,17.923286,2.69499467,3.04913107,0.134045,SN Ia,0.9100,0.470251
SIM03957,23.076034,3.22499969,4.02237276,0.239882,SN Ia,0.9100,0.624068
SIM03958,12.189791,1.18747286,1.28890746,0.088995,SN Ia,0.9100,0.161045
SIM03959,19.965331,3.75660651,3.40736898,-0.105941,SN Ia,0.9100,0.621668
SIM03960,3.562882,0.21666234,0.15709073,-0.349082,SN II,0.5800,0.135559
SIM03961,16.391183,0.68049995,0.72067070,0.062272,SN Ia,0.9100,0.610161
SIM03962,2.024679,0.07744509,0.08845968,0.144379,kilonova,0.7200,0.239257
SIM03963,28.799810,7.87337412,7.55741562,-0.044469,SN II,0.5800,0.021316
SIM03964,16.903640,2.76930239,3.13377668,0.134244,SN Ia,0.9100,0.681427
SIM03965,20.093271,2.39490457,2.46306295,0.030468,SN Ia,0.9100,0.522290
SIM03966,16.012087,2.64616562,3.38803647,0.268328,SN Ia,0.9100,0.702327
SIM03967,25.318808,6.01596096,7.46964961,0.234988,SN II,0.5800,0.097444
SIM03968,41.814394,2.17523174,2.66043891,0.218619,SN II,0.5800,0.173249
SIM03969,28.275295,1.87489775,2.33774050,0.239547,SN II,0.5800,0.726345
SIM03970,24.478288,2.75646641,2.84536020,0.034461,SN Ia,0.9100,0.557181
SIM03971,13.279087,4.00175043,4.37412863,0.096604,SN Ia,0.9100,0.018712
SIM03972,15.068110,2.70909600,3.25937664,0.200775,SN Ia,0.9100,0.559208
SIM03973,35.930750,7.33464489,7.68250766,0.050310,AGN flare,0.6700,0.745819
SIM03974,37.437949,3.56475161,2.75291805,-0.280590,SN II,0.5800,0.452318
SIM03975,4.377098,0.48626436,0.35855692,-0.330786,SN II,0.5800,0.335344
SIM03976,31.921061,1.39042642,1.27778373,-0.091727,SN II,0.5800,0.393059
SIM03977,23.128164,1.59195643,2.13372692,0.318019,SN Ia,0.9100,0.048244
SIM03978,9.783622,0.70929638,0.81550565,0.151498,SN II,0.5800,0.485023
SIM03979,42.584051,1.64627924,1.28991282,-0.264858,SN II,0.5800,0.597714
SIM03980,5.049862,0.55537011,0.48708627,-0.142442,SN II,0.5800,0.962167
SIM03981,43.631270,1.50511539,1.54489719,0.028324,SN II,0.5800,0.289926
SIM03982,36.866867,1.82418523,1.79796623,-0.015719,SN II,0.5800,0.819153
SIM03983,18.647039,0.59530284,0.59501868,-0.000518,SN Ia,0.9100,0.378492
SIM03984,18.896010,2.75628870,2.95061508,0.073970,SN Ia,0.9100,0.108339
SIM03985,1.380433,0.02993579,0.02774900,-0.082359,kilonova,0.7200,0.946324
SIM03986,4.291332,0.09199120,0.07791263,-0.180346,SN II,0.5800,0.116166
SIM03987,8.532776,1.07519445,1.41825461,0.300668,SN II,0.5800,0.899718
SIM03988,20.590599,4.90964783,5.62408183,0.147503,SN Ia,0.9100,0.580489
SIM03989,27.586633,1.88508244,2.11730404,0.126132,SN II,0.5800,0.882526
SIM03990,34.824448,3.76873388,3.37140984,-0.120960,SN II,0.5800,0.236232
SIM03991,7.952694,0.65260217,0.55879152,-0.168497,SN II,0.5800,0.726420
SIM03992,40.377433,2.82569217,2.67952679,-0.057667,SN II,0.5800,0.428153
SIM03993,30.866220,7.09846664,9.15936182,0.276752,AGN flare,0.6700,0.612628
SIM03994,28.665227,1.42220728,1.05547664,-0.323786,SN II,0.5800,0.905400
SIM03995,13.456754,0.97633800,1.24289455,0.262085,SN Ia,0.9100,0.192277
SIM03996,3.691983,0.17221161,0.19180379,0.116987,SN II,0.5800,0.290561
SIM03997,19.177134,0.68186154,0.52634075,-0.281073,SN II,0.5800,0.957812
SIM03998,9.442224,1.44397569,1.09066981,-0.304666,SN II,0.5800,0.770353
SIM03999,36.302844,2.27351326,1.69266887,-0.320314,SN II,0.5800,0.655150
SIM04000,43.195051,1.69474370,1.97616423,0.166798,SN II,0.5800,0.105212
SIM04001,9.895025,1.21520363,1.14531051,-0.064315,SN II,0.5800,0.260069
SIM04002,33.682779,2.32390849,1.76837903,-0.296609,SN II,0.5800,0.277504
SIM04003,34.236956,1.43657555,1.29619870,-0.111642,SN II,0.5800,0.652773
SIM04004,11.719422,1.67994060,2.27234006,0.327949,SN II,0.5800,0.137823
SIM04005,23.179001,1.49629195,1.18853102,-0.250015,SN II,0.5800,0.218258
SIM04006,19.152997,0.70942826,0.71707005,0.011633,SN Ia,0.9100,0.794879
SIM04007,43.377157,2.41128384,1.84518529,-0.290521,SN II,0.5800,0.565786
SIM04008,23.849069,1.73666420,2.34598608,0.326524,SN Ia,0.9100,0.479800
SIM04009,20.566742,2.61336175,3.58710592,0.343862,SN Ia,0.9100,0.586850
SIM04010,16.212277,2.89865572,3.26018424,0.127614,SN Ia,0.9100,0.403571
SIM04011,5.218273,0.36560920,0.27269302,-0.318358,SN II,0.5800,0.366844
SIM04012,10.513721,0.65935287,0.84622332,0.270918,SN II,0.5800,0.587864
SIM04013,5.526112,0.45526033,0.50861289,0.120319,SN II,0.5800,0.295356
SIM04014,7.636422,0.63947322,0.88808050,0.356575,SN II,0.5800,0.664772
SIM04015,23.142670,5.21190525,5.03694687,-0.037073,SN Ia,0.9100,0.046138
SIM04016,39.481224,1.12750648,1.03102989,-0.097119,SN II,0.5800,0.697538
SIM04017,19.671354,1.44723256,1.80076193,0.237295,SN Ia,0.9100,0.737323
SIM04018,28.625492,2.18930645,2.78648899,0.261877,SN II,0.5800,0.775646
SIM04019,21.999422,4.03628052,5.05954495,0.245325,SN Ia,0.9100,0.948996
SIM04020,2.667662,0.09374124,0.06792392,-0.349770,kilonova,0.7200,0.820244
SIM04021,40.192357,4.58387149,5.03560997,0.102049,AGN flare,0.6700,0.093422
SIM04022,30.242081,3.44454997,2.60806634,-0.302035,SN II,0.5800,0.194231
SIM04023,12.651955,1.31004517,1.26511660,-0.037889,SN Ia,0.9100,0.492534
SIM04024,7.593590,0.31498018,0.31612425,0.003936,SN II,0.5800,0.600050
SIM04025,24.089744,1.36138616,1.81542626,0.312493,SN Ia,0.9100,0.373239
SIM04026,12.824918,3.26771771,4.12428502,0.252760,SN Ia,0.9100,0.465717
SIM04027,10.544576,0.77413107,0.62387923,-0.234285,SN II,0.5800,0.659152
SIM04028,7.121420,0.70059914,0.80727157,0.153875,SN II,0.5800,0.311596
SIM04029,26.892311,6.37515870,6.47428406,0.016752,SN II,0.5800,0.040334
SIM04030,4.662619,0.08098954,0.09504694,0.173773,SN II,0.5800,0.630431
SIM04031,3.041999,0.19056420,0.25339581,0.309395,SN II,0.5800,0.192640
SIM04032,30.400039,6.30714396,5.64785853,-0.119872,AGN flare,0.6700,0.935338
SIM04033,15.162723,1.79929465,1.61512403,-0.117241,SN Ia,0.9100,0.880736
SIM04034,21.683916,1.20840128,1.48158436,0.221288,SN Ia,0.9100,0.900894
SIM04035,3.728269,0.35268059,0.24744691,-0.384749,SN II,0.5800,0.542947
SIM04036,40.792555,5.66837725,6.77011134,0.192843,AGN flare,0.6700,0.247003
SIM04037,38.475560,1.74340024,1.70091848,-0.026784,SN II,0.5800,0.019008
SIM04038,39.969273,2.01187795,1.63854879,-0.222856,SN II,0.5800,0.074614
SIM04039,30.353640,3.76608659,3.43411780,-0.100188,SN II,0.5800,0.381748
SIM04040,19.411876,4.26973256,5.59689999,0.293867,SN Ia,0.9100,0.557608
SIM04041,15.807349,1.24823752,1.45806290,0.168698,SN Ia,0.9100,0.022537
SIM04042,16.915704,2.09403130,2.88946675,0.349586,SN Ia,0.9100,0.561241
SIM04043,34.170733,2.96103410,2.79366584,-0.063172,SN II,0.5800,0.132147
SIM04044,20.561625,1.68281596,2.24937481,0.315063,SN Ia,0.9100,0.392068
SIM04045,10.010936,1.19220440,1.32453853,0.114285,SN II,0.5800,0.802590
SIM04046,12.423944,0.56681752,0.65707547,0.160430,SN Ia,0.9100,0.070530
SIM04047,41.612191,2.18102389,2.71848154,0.239165,SN II,0.5800,0.754156
SIM04048,44.133961,3.33503191,3.69852986,0.112323,SN II,0.5800,0.000607
SIM04049,24.969275,2.94966237,2.64437438,-0.118623,SN Ia,0.9100,0.095757
SIM04050,2.375704,0.02225791,0.01598575,-0.359379,kilonova,0.7200,0.306771
SIM04051,23.467977,2.23069338,3.00349768,0.322969,SN Ia,0.9100,0.844873
SIM04052,21.084201,1.62824212,1.15917811,-0.368922,SN II,0.5800,0.126934
SIM04053,27.831465,4.09251036,4.61471013,0.130387,SN II,0.5800,0.687477
SIM04054,38.311263,2.90241820,3.34568251,0.154312,SN II,0.5800,0.103344
SIM04055,8.935181,0.65269690,0.74089249,0.137609,SN II,0.5800,0.182326
SIM04056,39.718969,1.21553199,1.13235556,-0.076959,SN II,0.5800,0.780626
SIM04057,27.694702,6.79371897,8.48818864,0.241769,SN II,0.5800,0.721786
SIM04058,33.790801,5.36214424,6.52605623,0.213281,AGN flare,0.6700,0.512281
SIM04059,27.948390,2.66790712,3.11441879,0.168016,SN II,0.5800,0.831160
SIM04060,29.792195,1.35335349,1.34216408,-0.009014,SN II,0.5800,0.985101
SIM04061,14.133387,0.67693962,0.48892991,-0.353258,SN II,0.5800,0.352496
SIM04062,19.422971,1.30181143,1.77647558,0.337528,SN Ia,0.9100,0.837207
SIM04063,8.625140,1.05951454,0.81911055,-0.279411,SN II,0.5800,0.231439
SIM04064,11.136146,1.82798952,2.30437770,0.251450,SN II,0.5800,0.356348
SIM04065,2.110863,0.02733017,0.02089797,-0.291345,kilonova,0.7200,0.290353
SIM04066,35.833871,2.47145398,2.44671195,-0.010924,SN II,0.5800,0.840756
SIM04067,44.534697,1.95776453,2.49135966,0.261690,SN II,0.5800,0.879109
SIM04068,20.702137,2.05243817,2.60579493,0.259175,SN Ia,0.9100,0.980380
SIM04069,37.243530,1.35135829,1.84076812,0.335571,SN II,0.5800,0.865013
SIM04070,30.819902,0.86485435,0.95406985,0.106593,SN II,0.5800,0.959386
SIM04071,33.229771,4.07488845,4.19682598,0.032013,AGN flare,0.6700,0.844167
SIM04072,21.586125,3.99874533,4.11930136,0.032250,SN Ia,0.9100,0.988845
SIM04073,30.113400,1.29773981,1.29058371,-0.006004,SN II,0.5800,0.226752
SIM04074,19.054189,1.07729256,1.03596278,-0.042474,SN Ia,0.9100,0.810570
SIM04075,15.123543,2.94959831,3.30780150,0.124441,SN Ia,0.9100,0.789668
SIM04076,39.731454,1.35024571,0.98115054,-0.346693,SN II,0.5800,0.582578
SIM04077,3.379483,0.17563490,0.17220806,-0.021393,SN II,0.5800,0.402847
SIM04078,13.013089,2.31572931,2.40635955,0.041682,SN Ia,0.9100,0.860271
SIM04079,8.089960,0.49762863,0.62302539,0.244001,SN II,0.5800,0.741092
SIM04080,36.387205,1.74893459,1.46112348,-0.195217,SN II,0.5800,0.710432
SIM04081,7.088739,0.62732452,0.84593816,0.324616,SN II,0.5800,0.766860
SIM04082,16.649015,1.33825613,1.53231706,0.147023,SN Ia,0.9100,0.034669
SIM04083,22.189527,1.35496544,1.65685956,0.218394,SN Ia,0.9100,0.921743
SIM04084,5.472719,0.32715747,0.44464464,0.333141,SN II,0.5800,0.893480
SIM04085,35.976963,2.55917714,3.00226818,0.173373,SN II,0.5800,0.039735
SIM04086,19.160347,1.68914860,1.36908886,-0.228091,SN II,0.5800,0.408451
SIM04087,1.174939,0.01610664,0.01432602,-0.127198,kilonova,0.7200,0.520761
SIM04088,40.281493,2.68208966,3.15387200,0.175927,SN II,0.5800,0.884600
SIM04089,6.319515,1.06589936,1.42845129,0.317873,SN II,0.5800,0.189259
SIM04090,40.434890,2.12987423,1.91731313,-0.114152,SN II,0.5800,0.790454
SIM04091,28.844636,1.47249426,1.62836498,0.109245,SN II,0.5800,0.830446
SIM04092,27.775572,3.06048813,3.96768750,0.281867,SN II,0.5800,0.615681
SIM04093,27.494592,2.65486945,2.44973933,-0.087308,SN II,0.5800,0.398376
SIM04094,42.425765,1.86692062,1.84533200,-0.012628,SN II,0.5800,0.228441
SIM04095,32.173864,2.75518197,2.82357834,0.026624,SN II,0.5800,0.415297
SIM04096,26.598984,5.73139970,4.85168127,-0.180921,SN II,0.5800,0.320624
SIM04097,7.327878,1.16004293,0.86173792,-0.322747,SN II,0.5800,0.269429
SIM04098,6.026575,0.68350201,0.55103595,-0.233900,SN II,0.5800,0.828339
SIM04099,18.579290,3.04662801,4.13114434,0.330627,SN Ia,0.9100,0.941605
SIM04100,44.130532,5.35273594,6.69242969,0.242520,AGN flare,0.6700,0.575654
SIM04101,27.138851,1.49509247,1.52535457,0.021757,SN II,0.5800,0.253124
SIM04102,1.083636,0.01665231,0.02291654,0.346686,SN II,0.5800,0.501230
SIM04103,12.387156,0.71083449,0.77287575,0.090853,SN Ia,0.9100,0.311724
SIM04104,1.113701,0.01061916,0.01424674,0.319063,SN II,0.5800,0.220216
SIM04105,37.418992,2.49858168,2.43284004,-0.028950,SN II,0.5800,0.512781
SIM04106,15.112992,3.06469520,4.04665020,0.301771,SN Ia,0.9100,0.419200
SIM04107,26.611797,1.93569389,2.54976118,0.299157,SN II,0.5800,0.189378
SIM04108,4.312565,0.07211945,0.06946205,-0.040762,SN II,0.5800,0.547371
SIM04109,18.166406,4.33942309,5.70262919,0.296608,SN Ia,0.9100,0.234149
SIM04110,11.819922,0.62670238,0.74912391,0.193731,SN II,0.5800,0.318230
SIM04111,32.431565,4.82905158,4.06596178,-0.186746,AGN flare,0.6700,0.939471
SIM04112,44.150840,3.06449937,2.15612659,-0.381713,SN II,0.5800,0.560624
SIM04113,19.528355,4.68364710,5.58945108,0.191962,SN Ia,0.9100,0.987510
SIM04114,1.867416,0.04529642,0.06058844,0.315815,SN II,0.5800,0.318975
SIM04115,35.246471,4.53708447,5.39275300,0.187584,AGN flare,0.6700,0.747719
SIM04116,30.250023,2.22708396,2.85559298,0.269899,SN II,0.5800,0.052738
SIM04117,26.963733,2.81917087,3.63506684,0.275978,SN II,0.5800,0.286130
SIM04118,23.151849,4.18339240,4.55845389,0.093222,SN Ia,0.9100,0.612612
SIM04119,43.903500,1.44203137,1.83135398,0.259494,SN II,0.5800,0.038812
SIM04120,35.218583,1.69675517,2.09175880,0.227231,SN II,0.5800,0.685843
SIM04121,33.218394,5.66605008,7.89861816,0.360677,AGN flare,0.6700,0.850568
SIM04122,3.897055,0.12269857,0.11461821,-0.073965,SN II,0.5800,0.333762
SIM04123,41.145281,1.99988514,2.75655010,0.348402,SN II,0.5800,0.673955
SIM04124,27.371033,2.88768430,2.84312721,-0.016884,SN II,0.5800,0.958107
SIM04125,17.216623,1.88233113,2.51882394,0.316254,SN Ia,0.9100,0.742441
SIM04126,27.714053,0.86913617,0.81156735,-0.074408,SN II,0.5800,0.723205
SIM04127,16.117875,1.67558996,1.19013157,-0.371432,SN II,0.5800,0.812133
SIM04128,14.367475,4.50759973,5.01061823,0.114865,SN Ia,0.9100,0.596332
SIM04129,32.408327,2.54098518,2.84802852,0.123856,SN II,0.5800,0.559619
SIM04130,31.836377,5.16425905,5.48799187,0.066014,AGN flare,0.6700,0.322714
SIM04131,8.626602,0.57925396,0.53653063,-0.083186,SN II,0.5800,0.545992
SIM04132,27.879817,2.57782541,3.05345299,0.183844,SN II,0.5800,0.998932
SIM04133,9.560490,0.62283293,0.77646607,0.239377,SN II,0.5800,0.743849
SIM04134,15.927313,0.90436589,1.15687638,0.267357,SN Ia,0.9100,0.217754
SIM04135,30.189990,4.09039899,2.90419140,-0.371851,AGN flare,0.6700,0.602045
SIM04136,13.670761,2.40800668,2.39288352,-0.006840,SN Ia,0.9100,0.986402
SIM04137,21.159281,3.97400015,3.65796502,-0.089971,SN Ia,0.9100,0.586534
SIM04138,42.610518,4.61396880,5.23617745,0.137349,AGN flare,0.6700,0.677918
SIM04139,5.710607,0.33698355,0.44214771,0.294897,SN II,0.5800,0.432003
SIM04140,36.659583,5.04015193,6.79916097,0.325029,AGN flare,0.6700,0.328658
SIM04141,18.077023,1.54807563,1.64307396,0.064662,SN Ia,0.9100,0.873846
SIM04142,5.158428,0.46778622,0.39406222,-0.186207,SN II,0.5800,0.538075
SIM04143,39.486265,2.82385261,2.84400706,0.007722,SN II,0.5800,0.373855
SIM04144,20.119448,2.04484802,2.22575919,0.092043,SN Ia,0.9100,0.863579
SIM04145,30.414765,1.33464557,1.07914763,-0.230713,SN II,0.5800,0.298882
SIM04146,34.762148,1.88305064,2.31843236,0.225831,SN II,0.5800,0.033822
SIM04147,1.744165,0.03276313,0.03696262,0.130943,kilonova,0.7200,0.808439
SIM04148,3.251608,0.16605879,0.21418464,0.276316,SN II,0.5800,0.786596
SIM04149,21.950865,3.06316194,2.33932346,-0.292699,SN II,0.5800,0.593237
SIM04150,28.076912,1.56692201,1.36773229,-0.147616,SN II,0.5800,0.393492
SIM04151,27.905544,1.96899557,1.41785519,-0.356532,SN II,0.5800,0.715650
SIM04152,35.943494,5.06374778,4.93304647,-0.028392,AGN flare,0.6700,0.364323
SIM04153,28.253660,1.80411607,1.83528534,0.018598,SN II,0.5800,0.922768
SIM04154,14.825691,3.60582005,2.81984107,-0.266949,SN II,0.5800,0.950088
SIM04155,15.708549,1.69296931,1.52747978,-0.111684,SN Ia,0.9100,0.446606
SIM04156,29.827970,1.84734878,2.22807251,0.203451,SN II,0.5800,0.457224
SIM04157,4.538291,0.35916698,0.42954672,0.194285,SN II,0.5800,0.915234
SIM04158,14.158120,0.48331921,0.40841077,-0.182842,SN Ia,0.9100,0.892597
SIM04159,2.769168,0.05784243,0.04063653,-0.383325,kilonova,0.7200,0.956343
SIM04160,34.419335,3.51591135,2.80222934,-0.246336,SN II,0.5800,0.817099
SIM04161,34.596544,2.95929590,3.35771872,0.137140,SN II,0.5800,0.044063
SIM04162,43.773782,2.18076799,1.99789178,-0.095094,SN II,0.5800,0.485045
SIM04163,35.976843,1.35473487,1.35144001,-0.002644,SN II,0.5800,0.323021
SIM04164,29.885563,6.62462256,7.57258226,0.145207,SN II,0.5800,0.536218
SIM04165,30.137106,3.10856549,2.55957504,-0.210980,SN II,0.5800,0.928514
SIM04166,34.698817,4.15856617,4.64845270,0.120912,AGN flare,0.6700,0.454248
SIM04167,30.110147,1.68065853,1.65940511,-0.013818,SN II,0.5800,0.878616
SIM04168,4.702138,0.65545487,0.89832078,0.342222,SN II,0.5800,0.278710
SIM04169,14.238605,1.52001983,1.82078618,0.196024,SN Ia,0.9100,0.227266
SIM04170,31.898285,3.15930445,2.34760062,-0.322418,SN II,0.5800,0.881430
SIM04171,19.440037,4.05126491,3.18479524,-0.261273,SN II,0.5800,0.769768
SIM04172,32.650021,0.83447325,0.66544137,-0.245757,SN II,0.5800,0.408066
SIM04173,25.155559,5.32880218,5.50658375,0.035632,SN II,0.5800,0.541676
SIM04174,31.529601,7.84882003,8.41564449,0.075708,AGN flare,0.6700,0.382323
SIM04175,5.672787,0.16039506,0.16443360,0.026999,SN II,0.5800,0.603221
SIM04176,5.556410,0.60353584,0.79584961,0.300320,SN II,0.5800,0.860914
SIM04177,37.556410,3.19015532,2.39820824,-0.309812,SN II,0.5800,0.969623
SIM04178,19.646776,1.64184762,2.00440761,0.216633,SN Ia,0.9100,0.661393
SIM04179,10.678360,0.66920208,0.56701175,-0.179913,SN II,0.5800,0.538944
SIM04180,32.017661,3.92769525,5.16080239,0.296449,AGN flare,0.6700,0.983585
SIM04181,2.591518,0.11909545,0.11194369,-0.067239,kilonova,0.7200,0.730171
SIM04182,6.999608,0.98547615,0.95706903,-0.031757,SN II,0.5800,0.078602
SIM04183,25.350017,1.98397861,2.62306823,0.303182,SN II,0.5800,0.967506
SIM04184,31.801089,3.76517809,4.34679687,0.155960,AGN flare,0.6700,0.533859
SIM04185,18.783572,2.03358334,1.43872004,-0.375714,SN II,0.5800,0.735200
SIM04186,27.783630,3.42211176,4.16433356,0.213128,SN II,0.5800,0.476415
SIM04187,24.997613,0.74407624,0.94714833,0.262001,SN Ia,0.9100,0.280604
SIM04188,33.177436,3.93209251,5.14438813,0.291775,AGN flare,0.6700,0.065626
SIM04189,7.626801,0.34697362,0.24504019,-0.377648,SN II,0.5800,0.414631
SIM04190,4.851769,0.66422741,0.47732345,-0.358760,SN II,0.5800,0.616370
SIM04191,32.930347,0.72663791,0.61869077,-0.174611,SN II,0.5800,0.762989
SIM04192,6.235438,0.36671596,0.37525145,0.024981,SN II,0.5800,0.533816
SIM04193,5.667887,0.19779947,0.21008238,0.065411,SN II,0.5800,0.413458
SIM04194,37.460144,5.33298964,6.19233160,0.162209,AGN flare,0.6700,0.337090
SIM04195,27.003764,3.26935637,3.17212441,-0.032780,SN II,0.5800,0.612222
SIM04196,33.284897,2.38645232,1.74335279,-0.340919,SN II,0.5800,0.285387
SIM04197,24.273133,1.77785528,2.17912548,0.220965,SN Ia,0.9100,0.129918
SIM04198,9.509509,0.53395638,0.68270389,0.266816,SN II,0.5800,0.605281
SIM04199,40.701240,2.44597390,2.54875437,0.044690,SN II,0.5800,0.837873
SIM04200,18.950239,4.78195414,4.82997751,0.010849,SN Ia,0.9100,0.078714
SIM04201,31.961233,2.85462707,3.98437706,0.362028,SN II,0.5800,0.901104
SIM04202,7.287710,0.50625057,0.47772725,-0.062964,SN II,0.5800,0.278529
SIM04203,23.583841,2.45292485,2.10064554,-0.168329,SN Ia,0.9100,0.776033
SIM04204,40.463009,6.96285539,6.06941879,-0.149101,AGN flare,0.6700,0.344468
SIM04205,19.623122,1.35607624,1.09515721,-0.232019,SN II,0.5800,0.858307
SIM04206,8.171462,0.35249907,0.42374829,0.199875,SN II,0.5800,0.510820
SIM04207,14.510632,2.31760223,3.05499035,0.299927,SN Ia,0.9100,0.121150
SIM04208,25.046395,1.36169052,1.84950795,0.332444,SN II,0.5800,0.783503
SIM04209,11.218182,1.15911639,0.95320424,-0.212353,SN II,0.5800,0.263206
SIM04210,42.514790,5.95989619,5.35535406,-0.116126,AGN flare,0.6700,0.888952
SIM04211,29.476509,2.91625935,2.87387899,-0.015894,SN II,0.5800,0.867931
SIM04212,1.377801,0.02889142,0.03787848,0.294059,SN II,0.5800,0.560979
SIM04213,1.876855,0.04149466,0.05575499,0.320729,SN II,0.5800,0.699185
SIM04214,4.830145,0.43638283,0.52699143,0.204840,SN II,0.5800,0.447761
SIM04215,12.462397,1.37426162,1.34666596,-0.022024,SN Ia,0.9100,0.467717
SIM04216,27.363866,6.00274253,6.65906284,0.112658,SN II,0.5800,0.802132
SIM04217,34.072254,1.35355915,1.81548889,0.318791,SN II,0.5800,0.725177
SIM04218,10.243315,1.13545153,1.04713632,-0.087913,SN II,0.5800,0.122534
SIM04219,33.262516,1.16754452,1.13550157,-0.030214,SN II,0.5800,0.326385
SIM04220,39.281472,0.94899401,1.30131741,0.342799,SN II,0.5800,0.487469
SIM04221,13.146563,2.33243962,2.26142387,-0.033571,SN Ia,0.9100,0.492916
SIM04222,28.105323,2.08059941,2.12029951,0.020522,SN II,0.5800,0.601505
SIM04223,36.575786,1.66097261,1.96160576,0.180623,SN II,0.5800,0.344402
SIM04224,23.885461,2.14442619,1.70988008,-0.245864,SN II,0.5800,0.215158
SIM04225,44.563473,3.66455130,4.52247771,0.228389,AGN flare,0.6700,0.941250
SIM04226,44.344340,3.43466634,4.79527923,0.362323,AGN flare,0.6700,0.432282
SIM04227,1.142946,0.01492822,0.01096215,-0.335281,kilonova,0.7200,0.505582
SIM04228,40.861076,1.70294775,2.19794659,0.277040,SN II,0.5800,0.541829
SIM04229,41.978071,2.47421297,2.14622874,-0.154403,SN II,0.5800,0.725394
SIM04230,8.355771,0.97075301,0.73876199,-0.296511,SN II,0.5800,0.368267
SIM04231,39.438540,5.15342838,3.89812508,-0.303101,AGN flare,0.6700,0.145736
SIM04232,3.564597,0.27115867,0.26778936,-0.013575,SN II,0.5800,0.620889
SIM04233,44.846319,2.38924106,2.58993541,0.087572,SN II,0.5800,0.231950
SIM04234,9.345287,1.38099967,1.87128261,0.329865,SN II,0.5800,0.331748
SIM04235,17.342404,4.10823858,4.59366617,0.121259,SN Ia,0.9100,0.984070
SIM04236,31.447796,2.62739908,3.58114889,0.336241,SN II,0.5800,0.530592
SIM04237,31.324270,1.40855148,1.47685892,0.051416,SN II,0.5800,0.872320
SIM04238,12.070041,2.06289231,2.56180017,0.235172,SN Ia,0.9100,0.696101
SIM04239,22.783092,1.28260785,1.42594478,0.115022,SN Ia,0.9100,0.002704
SIM04240,28.896015,3.03662274,3.50862401,0.156865,SN II,0.5800,0.197963
SIM04241,43.387995,5.86402852,5.23127237,-0.123972,AGN flare,0.6700,0.037251
SIM04242,31.036510,6.97006758,9.44058135,0.329404,AGN flare,0.6700,0.162478
SIM04243,18.281795,4.53096290,6.21773463,0.343604,SN Ia,0.9100,0.383716
SIM04244,8.407817,1.36136332,1.69433874,0.237565,SN II,0.5800,0.773217
SIM04245,44.557158,5.89776127,5.49159742,-0.077471,AGN flare,0.6700,0.481802
SIM04246,4.581921,0.20913060,0.19793987,-0.059711,SN II,0.5800,0.812965
SIM04247,4.090770,0.16825666,0.15707133,-0.074688,SN II,0.5800,0.685194
SIM04248,26.535279,6.31864089,7.82735839,0.232479,SN II,0.5800,0.898611
SIM04249,42.246324,2.45307692,2.11113241,-0.162989,SN II,0.5800,0.629345
SIM04250,29.063867,3.42611859,3.78500200,0.108159,SN II,0.5800,0.010983
SIM04251,12.954371,1.44301990,1.62242920,0.127234,SN Ia,0.9100,0.559181
SIM04252,43.258187,0.56736775,0.50875608,-0.118388,SN II,0.5800,0.821150
SIM04253,17.411625,3.09138740,4.27345640,0.351565,SN Ia,0.9100,0.817083
SIM04254,39.499912,3.16388005,3.08842965,-0.026206,SN II,0.5800,0.093346
SIM04255,19.619792,1.09760007,1.08172309,-0.015820,SN Ia,0.9100,0.015035
SIM04256,25.668871,3.06510462,4.03310221,0.297985,SN II,0.5800,0.903858
SIM04257,17.362167,4.11377863,5.72024101,0.357934,SN Ia,0.9100,0.272585
SIM04258,13.022277,1.56959758,1.67218682,0.068741,SN Ia,0.9100,0.230569
SIM04259,39.248114,3.54431320,3.91849594,0.108968,SN II,0.5800,0.371845
SIM04260,37.634349,7.50674808,6.60586883,-0.138805,AGN flare,0.6700,0.045628
SIM04261,9.996881,1.57078219,1.66218529,0.061409,SN II,0.5800,0.872807
SIM04262,16.953008,2.33930508,2.99659756,0.268854,SN Ia,0.9100,0.574376
SIM04263,21.329479,3.82069466,3.87229842,0.014566,SN Ia,0.9100,0.030351
SIM04264,40.514100,6.55384844,6.22470307,-0.055944,AGN flare,0.6700,0.655708
SIM04265,6.240571,0.23647473,0.20540340,-0.152943,SN II,0.5800,0.504120
SIM04266,32.228645,3.39633388,4.38656641,0.277786,AGN flare,0.6700,0.352362
SIM04267,8.242946,1.16829454,0.88441356,-0.302242,SN II,0.5800,0.681333
SIM04268,3.821903,0.24955098,0.27474498,0.104426,SN II,0.5800,0.764359
SIM04269,29.532959,4.24466229,3.59683743,-0.179806,SN II,0.5800,0.764164
SIM04270,42.885662,2.11478683,2.30363157,0.092866,SN II,0.5800,0.226574
SIM04271,21.001867,2.93012945,4.04778195,0.350826,SN Ia,0.9100,0.650926
SIM04272,27.652083,1.80661695,2.39310439,0.305239,SN II,0.5800,0.655882
SIM04273,41.136892,6.41681894,5.87960728,-0.094929,AGN flare,0.6700,0.274885
SIM04274,6.759939,0.39653251,0.38662817,-0.027463,SN II,0.5800,0.193017
SIM04275,14.008704,1.14392437,1.24675951,0.093463,SN Ia,0.9100,0.968259
SIM04276,24.117074,6.54487634,7.16024098,0.097565,SN Ia,0.9100,0.525071
SIM04277,7.458973,0.56217141,0.39403820,-0.385826,SN II,0.5800,0.381808
SIM04278,3.767201,0.18599258,0.14743285,-0.252253,SN II,0.5800,0.913974
SIM04279,20.854947,2.63084080,2.03241888,-0.280203,SN II,0.5800,0.437789
SIM04280,25.265634,1.02760354,0.82948765,-0.232539,SN II,0.5800,0.858370
SIM04281,28.877261,5.39658808,5.94399425,0.104898,SN II,0.5800,0.448550
SIM04282,15.331720,1.26961542,1.73386733,0.338359,SN Ia,0.9100,0.464958
SIM04283,10.922930,2.78255577,2.30794766,-0.203045,SN II,0.5800,0.882296
SIM04284,40.560970,2.70157504,1.92027977,-0.370631,SN II,0.5800,0.656837
SIM04285,24.768580,5.61395053,7.36991368,0.295485,SN Ia,0.9100,0.690779
SIM04286,31.650236,4.54866733,6.34694841,0.361702,AGN flare,0.6700,0.585324
SIM04287,12.057413,2.80178821,2.45095599,-0.145249,SN Ia,0.9100,0.477607
SIM04288,8.451032,1.45342476,1.71922885,0.182353,SN II,0.5800,0.244028
SIM04289,6.842138,0.58905696,0.51615226,-0.143449,SN II,0.5800,0.913161
SIM04290,29.093264,3.74065988,3.14107310,-0.189675,SN II,0.5800,0.765842
SIM04291,6.671584,0.73138134,0.70956081,-0.032886,SN II,0.5800,0.965072
SIM04292,44.420938,2.32985477,2.00969237,-0.160498,SN II,0.5800,0.806775
SIM04293,17.140640,2.09830482,1.96506116,-0.071231,SN Ia,0.9100,0.118601
SIM04294,14.990012,1.40310660,1.02184589,-0.344263,SN II,0.5800,0.795073
SIM04295,40.296005,2.42839650,2.89725647,0.191668,SN II,0.5800,0.766669
SIM04296,36.993642,2.28828675,2.92337929,0.265937,SN II,0.5800,0.734042
SIM04297,20.728231,3.04636477,2.42320065,-0.248481,SN II,0.5800,0.132871
SIM04298,26.777561,4.72443274,3.55657889,-0.308293,SN II,0.5800,0.784036
SIM04299,3.569135,0.05522177,0.04542318,-0.212082,SN II,0.5800,0.654588
SIM04300,33.865979,7.05762164,9.35002918,0.305386,AGN flare,0.6700,0.216420
SIM04301,24.479083,2.33648799,2.04235769,-0.146079,SN Ia,0.9100,0.916137
SIM04302,36.227881,6.76752614,6.06318163,-0.119323,AGN flare,0.6700,0.908973
SIM04303,26.452350,5.75526652,6.27809529,0.094406,SN II,0.5800,0.043224
SIM04304,40.721601,2.42165117,2.54152708,0.052458,SN II,0.5800,0.387116
SIM04305,42.564314,1.06464018,1.48721398,0.362927,SN II,0.5800,0.860288
SIM04306,8.301233,0.52938220,0.68511259,0.279982,SN II,0.5800,0.410258
SIM04307,11.066237,2.13173569,2.42868288,0.141594,SN II,0.5800,0.089747
SIM04308,29.572196,4.16569983,5.56102326,0.313667,SN II,0.5800,0.814161
SIM04309,28.156838,3.69656664,4.24008574,0.148940,SN II,0.5800,0.971697
SIM04310,6.667059,0.83441810,0.61531529,-0.330715,SN II,0.5800,0.784929
SIM04311,32.922551,3.52740500,4.21800533,0.194129,AGN flare,0.6700,0.778429
SIM04312,22.948499,1.31869530,1.65959587,0.249645,SN Ia,0.9100,0.882320
SIM04313,14.808130,1.54618425,1.43438029,-0.081492,SN Ia,0.9100,0.778661
SIM04314,31.988202,3.17939324,3.70241762,0.165353,SN II,0.5800,0.808116
SIM04315,44.284583,4.92095923,4.52743816,-0.090493,AGN flare,0.6700,0.387805
SIM04316,38.575921,8.09109879,9.17996679,0.137084,AGN flare,0.6700,0.318048
SIM04317,22.591921,2.26614653,2.58297667,0.142081,SN Ia,0.9100,0.050046
SIM04318,15.067690,3.17903872,4.09876364,0.275893,SN Ia,0.9100,0.532435
SIM04319,10.084392,0.80730441,1.12485862,0.360152,SN II,0.5800,0.011953
SIM04320,20.271805,2.16423555,2.41815854,0.120451,SN Ia,0.9100,0.455913
SIM04321,1.532102,0.04035946,0.04062138,0.007023,kilonova,0.7200,0.451372
SIM04322,13.240823,0.68742179,0.92610903,0.323597,SN Ia,0.9100,0.746424
SIM04323,18.457069,1.72192185,2.02263709,0.174761,SN Ia,0.9100,0.776206
SIM04324,40.018017,2.21345044,2.59320663,0.171918,SN II,0.5800,0.435458
SIM04325,19.106865,4.13685276,4.25000647,0.029299,SN Ia,0.9100,0.189879
SIM04326,40.402711,2.46324628,2.47483374,0.005095,SN II,0.5800,0.665047
SIM04327,13.373150,2.11955440,2.44890160,0.156817,SN Ia,0.9100,0.528105
SIM04328,30.160536,4.20681649,5.85632406,0.359179,AGN flare,0.6700,0.834435
SIM04329,31.126946,1.31281437,1.17357730,-0.121729,SN II,0.5800,0.929309
SIM04330,29.013033,4.52677834,6.33472158,0.364846,SN II,0.5800,0.517019
SIM04331,11.243808,1.55163953,1.78515854,0.152215,SN II,0.5800,0.554781
SIM04332,43.044567,6.64887762,8.30937776,0.242050,AGN flare,0.6700,0.628020
SIM04333,7.060877,0.31058536,0.29393908,-0.059809,SN II,0.5800,0.180534
SIM04334,29.366143,5.21801233,6.42896112,0.226589,SN II,0.5800,0.372674
SIM04335,17.764236,1.69800610,2.04092102,0.199717,SN Ia,0.9100,0.692290
SIM04336,16.046180,4.62888213,5.56321960,0.199625,SN Ia,0.9100,0.455991
SIM04337,25.910793,5.97837575,6.87232621,0.151301,SN II,0.5800,0.259526
SIM04338,38.279161,3.44745098,3.88437829,0.129559,SN II,0.5800,0.478405
SIM04339,18.216855,3.77961390,5.00557254,0.305016,SN Ia,0.9100,0.935537
SIM04340,30.477110,1.97949781,1.41468335,-0.364739,SN II,0.5800,0.878392
SIM04341,18.643850,2.14816026,2.65945615,0.231815,SN Ia,0.9100,0.825816
SIM04342,41.502691,3.88492082,3.74030108,-0.041189,SN II,0.5800,0.548282
SIM04343,26.799138,2.02495219,1.83694874,-0.105794,SN II,0.5800,0.199289
SIM04344,2.480537,0.04638118,0.05564912,0.197791,SN II,0.5800,0.646590
SIM04345,32.831087,3.73237719,4.94565811,0.305596,AGN flare,0.6700,0.676186
SIM04346,12.127068,2.24757803,2.03629927,-0.107183,SN Ia,0.9100,0.313393
SIM04347,16.524851,3.14953056,2.70085230,-0.166862,SN Ia,0.9100,0.495864
SIM04348,6.173205,0.27088194,0.26440049,-0.026294,SN II,0.5800,0.293859
SIM04349,37.838645,0.63820453,0.47917180,-0.311172,SN II,0.5800,0.013929
SIM04350,15.810031,2.00676570,1.88105668,-0.070237,SN Ia,0.9100,0.112589
SIM04351,22.959985,4.81053422,3.91525042,-0.223584,SN II,0.5800,0.805224
SIM04352,4.919611,0.29717391,0.35736372,0.200249,SN II,0.5800,0.509456
SIM04353,19.002619,1.31000973,1.31763496,0.006301,SN Ia,0.9100,0.155335
SIM04354,32.945620,1.64271702,1.51381274,-0.088727,SN II,0.5800,0.555345
SIM04355,23.932537,3.61312283,3.60788857,-0.001574,SN Ia,0.9100,0.417820
SIM04356,1.288382,0.02665710,0.03294287,0.229871,SN II,0.5800,0.762487
SIM04357,38.004072,5.95074067,5.34582140,-0.116391,AGN flare,0.6700,0.687077
SIM04358,8.163967,1.99524672,1.98586576,-0.005117,SN II,0.5800,0.587081
SIM04359,11.798336,1.94900406,1.44958139,-0.321425,SN II,0.5800,0.071810
SIM04360,40.485186,1.31096659,1.57628775,0.200110,SN II,0.5800,0.245450
SIM04361,14.026995,2.20502317,1.71705467,-0.271573,SN II,0.5800,0.543021
SIM04362,14.285262,2.00322670,1.66994844,-0.197568,SN Ia,0.9100,0.798138
SIM04363,12.714380,2.94497545,2.41810137,-0.214018,SN II,0.5800,0.885239
SIM04364,11.313317,1.30894397,1.78041268,0.333999,SN II,0.5800,0.045680
SIM04365,41.421625,3.21375867,2.27068119,-0.377143,SN II,0.5800,0.904309
SIM04366,5.690910,0.51114599,0.44428123,-0.152217,SN II,0.5800,0.933917
SIM04367,37.945728,2.50239973,2.71766077,0.089596,SN II,0.5800,0.139453
SIM04368,24.990491,5.24590742,6.79191856,0.280430,SN Ia,0.9100,0.326670
SIM04369,23.938299,3.15464961,3.69398971,0.171361,SN Ia,0.9100,0.306280
SIM04370,22.233690,2.82215086,2.55326869,-0.108709,SN Ia,0.9100,0.704731
SIM04371,40.721539,2.44682624,2.07383838,-0.179571,SN II,0.5800,0.013106
SIM04372,4.687972,0.27673851,0.38069633,0.346273,SN II,0.5800,0.169119
SIM04373,20.406781,5.19996309,6.91032971,0.308746,SN Ia,0.9100,0.122558
SIM04374,17.519703,2.47531526,2.19437051,-0.130801,SN Ia,0.9100,0.380332
SIM04375,16.600656,4.34220008,4.12382898,-0.056023,SN Ia,0.9100,0.542405
SIM04376,16.729390,3.72932505,3.58830724,-0.041852,SN Ia,0.9100,0.310213
SIM04377,30.278367,1.16368296,0.99204685,-0.173256,SN II,0.5800,0.494440
SIM04378,18.944609,1.12823385,1.30993036,0.162123,SN Ia,0.9100,0.562295
SIM04379,4.112942,0.15916068,0.14594833,-0.094092,SN II,0.5800,0.187929
SIM04380,26.231073,0.91125451,0.67005182,-0.333828,SN II,0.5800,0.520049
SIM04381,3.732961,0.24017296,0.27864751,0.161328,SN II,0.5800,0.554232
SIM04382,7.718938,1.19824218,0.86090634,-0.358972,SN II,0.5800,0.691118
SIM04383,3.514194,0.12856916,0.16330035,0.259626,SN II,0.5800,0.609011
SIM04384,35.922966,3.57920563,3.44606578,-0.041158,SN II,0.5800,0.817429
SIM04385,12.285392,0.62572464,0.79978496,0.266475,SN Ia,0.9100,0.684206
SIM04386,29.803615,2.71456550,3.35264111,0.229217,SN II,0.5800,0.641672
SIM04387,3.368023,0.17523029,0.20834350,0.187927,SN II,0.5800,0.976776
SIM04388,17.653295,1.33312673,1.33968833,0.005331,SN Ia,0.9100,0.515238
SIM04389,41.859119,3.40533046,3.86327630,0.136991,SN II,0.5800,0.675911
SIM04390,15.116690,2.83943779,2.31379080,-0.222271,SN II,0.5800,0.335212
SIM04391,17.125796,2.63681041,1.85689267,-0.380730,SN II,0.5800,0.257735
SIM04392,43.888254,2.82290265,2.25321323,-0.244734,SN II,0.5800,0.054640
SIM04393,1.962689,0.05886528,0.06545942,0.115282,kilonova,0.7200,0.327217
SIM04394,40.782319,2.21149823,1.85274841,-0.192175,SN II,0.5800,0.404502
SIM04395,37.312507,1.04006745,0.88788957,-0.171756,SN II,0.5800,0.424411
SIM04396,37.899911,2.66306724,2.64259139,-0.008380,SN II,0.5800,0.630418
SIM04397,21.961895,1.75021836,1.56748309,-0.119723,SN Ia,0.9100,0.442544
SIM04398,4.968235,0.43309588,0.60336109,0.359983,SN II,0.5800,0.072229
SIM04399,23.405216,4.22242912,2.97284182,-0.380976,SN II,0.5800,0.025493
SIM04400,23.149345,3.39598917,3.96175756,0.167304,SN Ia,0.9100,0.071511
SIM04401,10.168117,0.76405634,1.05827100,0.353679,SN II,0.5800,0.849215
SIM04402,34.640979,5.40846007,6.79619843,0.247981,AGN flare,0.6700,0.286375
SIM04403,17.370174,5.17090563,6.14896194,0.188088,SN Ia,0.9100,0.960622
SIM04404,32.599130,1.99839569,2.74255140,0.343683,SN II,0.5800,0.545443
SIM04405,19.142005,1.60940368,1.20930143,-0.310326,SN II,0.5800,0.699003
SIM04406,31.326312,6.03394257,7.77641412,0.275446,AGN flare,0.6700,0.833522
SIM04407,31.336197,2.08680714,1.80498014,-0.157525,SN II,0.5800,0.307836
SIM04408,16.113514,3.20097730,2.59515176,-0.227800,SN II,0.5800,0.692452
SIM04409,41.309962,1.61011158,1.83975260,0.144759,SN II,0.5800,0.165832
SIM04410,8.272568,1.13188899,1.44242994,0.263227,SN II,0.5800,0.526982
SIM04411,1.016511,0.01205015,0.00973088,-0.232101,kilonova,0.7200,0.133635
SIM04412,28.213585,1.48257385,1.81621529,0.220377,SN II,0.5800,0.357228
SIM04413,10.216854,0.43240208,0.45190039,0.047887,SN II,0.5800,0.345085
SIM04414,34.534308,1.29491339,0.90777694,-0.385654,SN II,0.5800,0.312902
SIM04415,36.609423,3.63254781,4.99211620,0.345183,AGN flare,0.6700,0.529059
SIM04416,29.115421,5.99920381,7.22331632,0.201608,SN II,0.5800,0.153599
SIM04417,7.952028,0.53243132,0.74218920,0.360628,SN II,0.5800,0.419640
SIM04418,11.944531,0.67560152,0.75520395,0.120934,SN II,0.5800,0.021367
SIM04419,12.372199,1.14245659,1.49454392,0.291672,SN Ia,0.9100,0.385123
SIM04420,33.827677,1.50616735,2.05134133,0.335412,SN II,0.5800,0.230316
SIM04421,5.956529,0.59495255,0.59971004,0.008647,SN II,0.5800,0.787328
SIM04422,15.218413,0.76854260,0.65674149,-0.170684,SN Ia,0.9100,0.954082
SIM04423,19.865086,1.93353275,2.24852408,0.163865,SN Ia,0.9100,0.559012
SIM04424,10.497163,1.83874830,1.76846347,-0.042315,SN II,0.5800,0.414132
SIM04425,13.059786,2.41150343,2.78541271,0.156504,SN Ia,0.9100,0.538634
SIM04426,5.911601,0.13800187,0.15082485,0.096470,SN II,0.5800,0.391389
SIM04427,36.379284,3.39907875,2.51821839,-0.325670,SN II,0.5800,0.670404
SIM04428,22.021675,2.10883066,2.64009392,0.243944,SN Ia,0.9100,0.741409
SIM04429,24.619301,4.97902176,5.49170498,0.106408,SN Ia,0.9100,0.321840
SIM04430,38.115539,2.43895929,1.71024100,-0.385368,SN II,0.5800,0.184461
SIM04431,10.339921,1.03346910,1.29661152,0.246281,SN II,0.5800,0.190474
SIM04432,26.122797,4.70016257,6.17972661,0.297141,SN II,0.5800,0.071144
SIM04433,14.905182,3.15873736,3.74054034,0.183552,SN Ia,0.9100,0.953951
SIM04434,21.276663,3.32623293,4.63174988,0.359481,SN Ia,0.9100,0.134612
SIM04435,40.503231,2.18985347,2.91113255,0.309117,SN II,0.5800,0.747778
SIM04436,41.752517,5.53708410,7.65035611,0.351001,AGN flare,0.6700,0.720650
SIM04437,35.886031,2.18627757,2.93995776,0.321589,SN II,0.5800,0.410692
SIM04438,4.753171,0.23351644,0.19703600,-0.184430,SN II,0.5800,0.701156
SIM04439,27.990917,5.86593089,4.94233417,-0.186012,SN II,0.5800,0.890014
SIM04440,29.445888,3.76901169,4.19934299,0.117385,SN II,0.5800,0.011300
SIM04441,3.581102,0.30525521,0.22452658,-0.333488,SN II,0.5800,0.055894
SIM04442,32.590006,5.34985364,3.93836159,-0.332566,AGN flare,0.6700,0.536771
SIM04443,19.284332,2.73592137,3.61893491,0.303693,SN Ia,0.9100,0.654121
SIM04444,37.253005,4.78599938,6.56171720,0.342612,AGN flare,0.6700,0.059243
SIM04445,40.162296,2.17146640,2.30274603,0.063732,SN II,0.5800,0.895709
SIM04446,29.421716,5.21221492,4.90132302,-0.066772,SN II,0.5800,0.789449
SIM04447,27.103354,1.12875565,0.87525357,-0.276165,SN II,0.5800,0.434055
SIM04448,7.942272,0.44847580,0.55379409,0.229023,SN II,0.5800,0.865444
SIM04449,36.587448,2.99541833,2.84432945,-0.056194,SN II,0.5800,0.383043
SIM04450,7.349928,0.84139159,0.70580304,-0.190787,SN II,0.5800,0.279768
SIM04451,10.270168,1.69998642,2.37822490,0.364519,SN II,0.5800,0.516075
SIM04452,7.712563,1.37159799,1.05534688,-0.284579,SN II,0.5800,0.682009
SIM04453,27.606533,1.88996968,2.51552899,0.310436,SN II,0.5800,0.522456
SIM04454,23.580799,1.50919304,1.68182151,0.117588,SN Ia,0.9100,0.246725
SIM04455,30.220082,6.89015457,8.32421945,0.205286,AGN flare,0.6700,0.492880
SIM04456,34.155050,4.35228652,4.21147289,-0.035709,AGN flare,0.6700,0.276172
SIM04457,41.058586,2.23886997,2.06342326,-0.088601,SN II,0.5800,0.297574
SIM04458,2.080678,0.04072492,0.04563044,0.123486,kilonova,0.7200,0.135005
SIM04459,22.328401,2.55685801,2.27008455,-0.129161,SN Ia,0.9100,0.495633
SIM04460,19.372959,3.64071030,4.09364874,0.127311,SN Ia,0.9100,0.108671
SIM04461,10.822868,1.29282624,0.91069407,-0.380419,SN II,0.5800,0.752913
SIM04462,43.361393,1.86960272,1.96328242,0.053084,SN II,0.5800,0.504660
SIM04463,17.805728,4.18183906,2.94046254,-0.382379,SN II,0.5800,0.406535
SIM04464,23.249971,2.07121926,2.85610786,0.348871,SN Ia,0.9100,0.330398
SIM04465,5.036891,0.13869918,0.12935343,-0.075740,SN II,0.5800,0.027922
SIM04466,15.310173,2.19341650,2.91672959,0.309438,SN Ia,0.9100,0.561961
SIM04467,36.958502,1.31817627,1.68434066,0.266141,SN II,0.5800,0.797148
SIM04468,20.263228,1.73370974,2.24329089,0.279773,SN Ia,0.9100,0.267886
SIM04469,20.669564,2.06764339,2.67893096,0.281215,SN Ia,0.9100,0.070403
SIM04470,27.790169,2.08022940,2.26505393,0.092418,SN II,0.5800,0.957218
SIM04471,21.150339,1.44410543,1.58039823,0.097919,SN Ia,0.9100,0.007228
SIM04472,41.729994,4.69914274,4.20937278,-0.119503,AGN flare,0.6700,0.393987
SIM04473,17.399992,2.42031455,3.05818897,0.253981,SN Ia,0.9100,0.856483
SIM04474,11.651466,3.22635034,3.73430515,0.158746,SN II,0.5800,0.899685
SIM04475,21.857980,1.41988011,1.34367704,-0.059892,SN Ia,0.9100,0.944293
SIM04476,25.195278,2.06459357,1.98857331,-0.040732,SN II,0.5800,0.853024
SIM04477,4.414718,0.10441517,0.09438977,-0.109597,SN II,0.5800,0.526136
SIM04478,42.521202,5.22929830,5.42013762,0.038917,AGN flare,0.6700,0.473337
SIM04479,24.136283,6.04264702,5.65248437,-0.072470,SN Ia,0.9100,0.084496
SIM04480,15.894904,3.26825808,2.71027869,-0.203256,SN II,0.5800,0.048953
SIM04481,25.684374,1.78057923,1.58679688,-0.125100,SN II,0.5800,0.726729
SIM04482,19.077557,2.36401565,2.19705774,-0.079522,SN Ia,0.9100,0.378310
SIM04483,36.094842,2.43446925,2.46295152,0.012629,SN II,0.5800,0.888975
SIM04484,10.481902,0.48502135,0.41608089,-0.166458,SN II,0.5800,0.184587
SIM04485,25.137665,2.51789603,2.60051886,0.035056,SN II,0.5800,0.918183
SIM04486,24.866622,6.24547102,4.39679604,-0.381072,SN II,0.5800,0.310239
SIM04487,38.960371,3.95816060,4.32159884,0.095378,AGN flare,0.6700,0.041599
SIM04488,10.677669,0.65758312,0.83442116,0.258587,SN II,0.5800,0.506895
SIM04489,1.421318,0.01625019,0.02154461,0.306200,SN II,0.5800,0.649614
SIM04490,18.583730,1.56628162,1.52530159,-0.028785,SN Ia,0.9100,0.512725
SIM04491,44.324566,3.01543742,3.97823905,0.300851,SN II,0.5800,0.634999
SIM04492,40.438950,5.38478098,4.20659842,-0.268092,AGN flare,0.6700,0.411182
SIM04493,33.520101,3.27289189,3.70947918,0.135953,SN II,0.5800,0.479067
SIM04494,12.733714,1.67904535,1.28110743,-0.293692,SN II,0.5800,0.702342
SIM04495,26.434498,2.67417126,1.91907461,-0.360243,SN II,0.5800,0.540124
SIM04496,44.685843,2.32788935,2.71628208,0.167531,SN II,0.5800,0.032743
SIM04497,6.158541,0.15809427,0.21293461,0.323325,SN II,0.5800,0.584667
SIM04498,30.765272,1.46373122,1.68027039,0.149795,SN II,0.5800,0.320352
SIM04499,9.908879,0.79052640,0.96290707,0.214170,SN II,0.5800,0.369347
SIM04500,10.464557,2.99769000,3.24603013,0.086415,SN II,0.5800,0.406976
SIM04501,37.247896,2.91746632,4.02615817,0.349712,AGN flare,0.6700,0.922056
SIM04502,12.542868,3.59934731,5.00937756,0.358900,SN Ia,0.9100,0.956130
SIM04503,14.539940,1.67641232,1.38364192,-0.208393,SN II,0.5800,0.254089
SIM04504,14.260007,2.15505762,2.46626588,0.146453,SN Ia,0.9100,0.015803
SIM04505,37.171573,2.64539431,2.31456140,-0.145054,SN II,0.5800,0.957211
SIM04506,29.176418,2.79492562,3.62181122,0.281389,SN II,0.5800,0.076985
SIM04507,37.385705,3.15531797,3.09956485,-0.019356,SN II,0.5800,0.024050
SIM04508,22.636840,2.49630483,2.09772982,-0.188870,SN Ia,0.9100,0.582238
SIM04509,20.882195,1.27614974,1.04764032,-0.214224,SN II,0.5800,0.023843
SIM04510,32.513799,2.53301328,2.44073192,-0.040293,SN II,0.5800,0.103083
SIM04511,10.544622,1.23973912,1.35510129,0.096604,SN II,0.5800,0.085073
SIM04512,42.808302,4.10950293,3.51306698,-0.170257,AGN flare,0.6700,0.940238
SIM04513,11.226528,2.46509816,2.81613196,0.144547,SN II,0.5800,0.109177
SIM04514,39.238040,5.32155595,6.03772654,0.137087,AGN flare,0.6700,0.054347
SIM04515,14.250189,1.04326009,1.31639252,0.252482,SN Ia,0.9100,0.127611
SIM04516,12.506303,0.59409766,0.77951623,0.294918,SN Ia,0.9100,0.038007
SIM04517,3.023492,0.12764247,0.11542719,-0.109218,SN II,0.5800,0.164239
SIM04518,27.660971,1.61489629,1.85029712,0.147742,SN II,0.5800,0.001031
SIM04519,20.329808,0.70330655,0.88300414,0.247045,SN Ia,0.9100,0.024485
SIM04520,9.133248,0.69219211,0.69709715,0.007667,SN II,0.5800,0.705764
SIM04521,25.986310,4.64523805,6.12558870,0.300350,SN II,0.5800,0.260872
SIM04522,18.025237,3.66197475,4.10590382,0.124234,SN Ia,0.9100,0.847418
SIM04523,39.576934,2.09382246,1.99853738,-0.050569,SN II,0.5800,0.937811
SIM04524,17.125829,1.12523267,1.45143387,0.276387,SN Ia,0.9100,0.565417
SIM04525,17.861332,1.13406405,0.99168794,-0.145656,SN Ia,0.9100,0.492046
SIM04526,3.454165,0.19144252,0.23441305,0.219858,SN II,0.5800,0.546033
SIM04527,34.481320,2.82574949,2.39925914,-0.177641,SN II,0.5800,0.345264
SIM04528,27.560746,2.40334978,3.04762749,0.257862,SN II,0.5800,0.716956
SIM04529,15.513778,0.83561220,0.71707142,-0.166106,SN Ia,0.9100,0.630572
SIM04530,11.424643,1.99980962,2.63759682,0.300549,SN II,0.5800,0.746979
SIM04531,15.425662,4.15760801,4.81121049,0.158527,SN Ia,0.9100,0.083415
SIM04532,24.438122,1.28286828,1.15888996,-0.110350,SN Ia,0.9100,0.854300
SIM04533,21.778885,6.35489578,6.55394633,0.033486,SN Ia,0.9100,0.535981
SIM04534,9.028600,0.65466840,0.70422988,0.079233,SN II,0.5800,0.479533
SIM04535,31.639830,6.33948048,8.40023658,0.305595,AGN flare,0.6700,0.840374
SIM04536,7.449407,0.80121261,0.79637758,-0.006572,SN II,0.5800,0.001014
SIM04537,26.898679,0.74670754,0.61159973,-0.216708,SN II,0.5800,0.229277
SIM04538,10.747080,1.46603067,1.64755367,0.126741,SN II,0.5800,0.400108
SIM04539,17.635946,1.91176036,2.52497513,0.302059,SN Ia,0.9100,0.396860
SIM04540,33.863225,3.31390983,3.68986468,0.116674,SN II,0.5800,0.781233
SIM04541,21.864199,2.63352390,3.08839366,0.172988,SN Ia,0.9100,0.229801
SIM04542,13.503886,3.34662398,3.84167650,0.149785,SN Ia,0.9100,0.299749
SIM04543,26.233930,1.63535519,1.88080477,0.151829,SN II,0.5800,0.133197
SIM04544,2.306169,0.07396607,0.06942989,-0.068715,kilonova,0.7200,0.631726
SIM04545,39.636414,2.12469711,2.61987514,0.227459,SN II,0.5800,0.545711
SIM04546,41.917323,1.39186911,1.05454745,-0.301331,SN II,0.5800,0.301615
SIM04547,21.281402,2.22756404,2.71206047,0.213673,SN Ia,0.9100,0.931732
SIM04548,26.354219,4.23076630,4.77961055,0.132434,SN II,0.5800,0.613627
SIM04549,12.133951,2.02272396,1.59257092,-0.259595,SN II,0.5800,0.588618
SIM04550,27.525426,4.44286288,5.99551938,0.325410,SN II,0.5800,0.947068
SIM04551,42.186104,2.64285642,3.17940150,0.200680,SN II,0.5800,0.717814
SIM04552,24.169125,2.53328463,2.44175782,-0.039953,SN Ia,0.9100,0.404535
SIM04553,9.896654,1.69044414,2.33208776,0.349360,SN II,0.5800,0.512895
SIM04554,43.352137,2.53972509,2.71944624,0.074234,SN II,0.5800,0.628800
SIM04555,41.174751,3.82382647,3.35121512,-0.143240,SN II,0.5800,0.355712
SIM04556,18.809760,2.10566899,1.71414242,-0.223358,SN II,0.5800,0.026708
SIM04557,8.398486,1.74710575,1.59989541,-0.095569,SN II,0.5800,0.453352
SIM04558,18.736848,1.93365468,1.40888375,-0.343759,SN II,0.5800,0.556736
SIM04559,43.376344,5.02287454,3.93606286,-0.264726,AGN flare,0.6700,0.417218
SIM04560,22.747156,5.52485008,6.62868954,0.197768,SN Ia,0.9100,0.471994
SIM04561,33.765650,3.25308442,4.43427484,0.336318,AGN flare,0.6700,0.673052
SIM04562,18.986932,1.55702265,1.35429617,-0.151453,SN Ia,0.9100,0.614764
SIM04563,37.266096,2.99612130,4.00248412,0.314426,AGN flare,0.6700,0.795417
SIM04564,23.483921,6.11514441,6.24274707,0.022423,SN Ia,0.9100,0.235459
SIM04565,15.976573,2.89000177,2.03822364,-0.379116,SN II,0.5800,0.623084
SIM04566,8.932702,0.48634561,0.48580066,-0.001217,SN II,0.5800,0.761784
SIM04567,12.559230,0.90753459,0.85617928,-0.063246,SN Ia,0.9100,0.318356
SIM04568,7.303840,0.56204156,0.50656441,-0.112834,SN II,0.5800,0.277747
SIM04569,35.123082,3.48749151,4.15110520,0.189126,AGN flare,0.6700,0.817027
SIM04570,37.406354,4.09307402,3.82909243,-0.072384,AGN flare,0.6700,0.950674
SIM04571,4.568403,0.07693914,0.07529347,-0.023475,SN II,0.5800,0.887540
SIM04572,42.182258,5.93067290,5.13036561,-0.157389,AGN flare,0.6700,0.551508
SIM04573,15.827956,3.39446498,2.75841809,-0.225278,SN II,0.5800,0.514065
SIM04574,4.462369,0.11907347,0.12531152,0.055440,SN II,0.5800,0.029946
SIM04575,37.707436,1.80907470,1.64017932,-0.106413,SN II,0.5800,0.360109
SIM04576,36.761343,1.38833238,1.12243079,-0.230835,SN II,0.5800,0.744576
SIM04577,33.236584,2.96927228,2.39454887,-0.233566,SN II,0.5800,0.153012
SIM04578,8.426267,1.16661472,1.04511912,-0.119404,SN II,0.5800,0.438825
SIM04579,24.577789,2.92290494,2.73151490,-0.073528,SN Ia,0.9100,0.144588
SIM04580,42.407798,4.13489109,3.92572531,-0.056360,AGN flare,0.6700,0.586658
SIM04581,16.854102,2.38869164,1.78090864,-0.318796,SN II,0.5800,0.101027
SIM04582,8.840556,0.87455022,0.87191637,-0.003275,SN II,0.5800,0.412183
SIM04583,21.705163,4.61828998,5.96006428,0.276924,SN Ia,0.9100,0.207683
SIM04584,43.764613,4.59651233,4.27856895,-0.077825,AGN flare,0.6700,0.564322
SIM04585,1.777524,0.05465356,0.06329135,0.159315,SN II,0.5800,0.559007
SIM04586,26.658102,2.96067101,2.50035770,-0.183470,SN II,0.5800,0.890686
SIM04587,21.847281,1.95813689,1.42719285,-0.343401,SN II,0.5800,0.064388
SIM04588,23.123127,1.63580920,1.30229834,-0.247555,SN II,0.5800,0.103674
SIM04589,28.558500,6.17659787,4.57659619,-0.325517,SN II,0.5800,0.537671
SIM04590,42.222139,3.10952559,4.00816027,0.275627,AGN flare,0.6700,0.777189
SIM04591,27.419581,1.45609769,1.16467974,-0.242460,SN II,0.5800,0.065282
SIM04592,40.257906,3.73538456,4.87901873,0.289993,AGN flare,0.6700,0.531777
SIM04593,31.127256,2.36901298,2.11256565,-0.124393,SN II,0.5800,0.367257
SIM04594,17.876655,2.87627225,2.55223976,-0.129771,SN Ia,0.9100,0.585894
SIM04595,21.739485,2.74761472,2.16784448,-0.257319,SN II,0.5800,0.580441
SIM04596,12.562926,1.52891617,1.76925090,0.158514,SN Ia,0.9100,0.424520
SIM04597,27.534560,3.26481020,3.96038147,0.209698,SN II,0.5800,0.804391
SIM04598,2.661667,0.04832912,0.05956263,0.226912,SN II,0.5800,0.737549
SIM04599,32.079517,2.80692108,3.07163679,0.097849,SN II,0.5800,0.099626
SIM04600,30.142884,1.49019194,1.50649764,0.011816,SN II,0.5800,0.486470
SIM04601,38.267889,4.62177581,4.77887457,0.036292,AGN flare,0.6700,0.677922
SIM04602,29.581609,2.18981184,1.78575163,-0.221464,SN II,0.5800,0.937069
SIM04603,20.296892,4.44228767,4.44823850,0.001453,SN Ia,0.9100,0.412230
SIM04604,3.293951,0.12143372,0.13207558,0.091208,SN II,0.5800,0.691562
SIM04605,24.745271,3.32250971,4.04619542,0.213951,SN Ia,0.9100,0.204916
SIM04606,39.217304,1.51143853,1.66918848,0.107787,SN II,0.5800,0.548140
SIM04607,27.448193,3.12721559,4.17177102,0.312907,SN II,0.5800,0.079274
SIM04608,2.165352,0.04779806,0.05299128,0.111985,kilonova,0.7200,0.175188
SIM04609,16.248618,1.88588586,1.49857810,-0.249590,SN II,0.5800,0.637918
SIM04610,28.412439,3.74945885,3.84364566,0.026937,SN II,0.5800,0.032883
SIM04611,43.179380,3.09922204,3.83924003,0.232481,SN II,0.5800,0.827693
SIM04612,32.145914,7.68368708,10.64971800,0.354421,AGN flare,0.6700,0.559676
SIM04613,15.158943,1.98441757,2.38954887,0.201707,SN Ia,0.9100,0.631956
SIM04614,4.061201,0.14613970,0.17936053,0.222397,SN II,0.5800,0.594122
SIM04615,32.389873,6.26656601,7.70933487,0.224968,AGN flare,0.6700,0.281465
SIM04616,32.946673,5.96368970,5.38411212,-0.111002,AGN flare,0.6700,0.928625
SIM04617,17.997553,2.33001505,2.39116244,0.028126,SN Ia,0.9100,0.839451
SIM04618,27.263091,6.92709877,5.20803319,-0.309694,SN II,0.5800,0.903083
SIM04619,42.512590,2.88651526,3.38849883,0.174084,SN II,0.5800,0.641922
SIM04620,8.573577,1.08609646,1.11736748,0.030819,SN II,0.5800,0.029250
SIM04621,9.440632,1.19859233,1.62663959,0.331550,SN II,0.5800,0.200211
SIM04622,32.884830,3.76690690,2.65377922,-0.380300,SN II,0.5800,0.607807
SIM04623,22.135072,2.64382262,2.13663689,-0.231254,SN II,0.5800,0.274726
SIM04624,4.491862,0.17169146,0.22810176,0.308450,SN II,0.5800,0.978876
SIM04625,10.732575,0.78451896,0.92187197,0.175168,SN II,0.5800,0.756140
SIM04626,36.056026,2.38320753,3.03552885,0.262681,SN II,0.5800,0.766536
SIM04627,16.228629,1.49645663,1.79692981,0.198667,SN Ia,0.9100,0.089878
SIM04628,35.529092,3.07911527,3.10065325,0.007568,SN II,0.5800,0.386208
SIM04629,16.693476,1.20016729,1.06674748,-0.127950,SN Ia,0.9100,0.549596
SIM04630,20.859258,1.25402679,1.28165329,0.023659,SN Ia,0.9100,0.328142
SIM04631,3.491396,0.23058646,0.19607515,-0.176028,SN II,0.5800,0.047879
SIM04632,9.472154,1.05331966,1.06193087,0.008840,SN II,0.5800,0.775360
SIM04633,30.219764,7.75433878,10.21633047,0.299375,AGN flare,0.6700,0.217735
SIM04634,9.233788,1.93715810,2.50967931,0.281133,SN II,0.5800,0.762752
SIM04635,11.709794,1.58848765,1.86374494,0.173507,SN II,0.5800,0.600710
SIM04636,30.489920,2.09125298,2.14941920,0.029786,SN II,0.5800,0.099137
SIM04637,9.034455,1.07381613,1.09184323,0.018076,SN II,0.5800,0.934312
SIM04638,39.873596,3.94606785,4.95130473,0.246388,AGN flare,0.6700,0.977865
SIM04639,27.835933,1.62636273,1.99566780,0.222177,SN II,0.5800,0.046254
SIM04640,13.850551,1.67686750,1.91282651,0.142942,SN Ia,0.9100,0.575265
SIM04641,1.487472,0.03286764,0.02607020,-0.251560,kilonova,0.7200,0.381819
SIM04642,13.323651,0.55050940,0.67535630,0.221921,SN Ia,0.9100,0.465711
SIM04643,13.480140,2.28632521,2.63655656,0.154748,SN Ia,0.9100,0.144997
SIM04644,1.386109,0.00952234,0.01243505,0.289760,SN II,0.5800,0.410134
SIM04645,6.113543,0.45542889,0.57100727,0.245553,SN II,0.5800,0.618913
SIM04646,36.722358,2.35573827,1.98715728,-0.184737,SN II,0.5800,0.942085
SIM04647,36.187741,0.98225391,1.31739816,0.318733,SN II,0.5800,0.572328
SIM04648,19.466047,1.58776521,1.67962573,0.061066,SN Ia,0.9100,0.433168
SIM04649,44.988950,1.46502009,1.45258575,-0.009255,SN II,0.5800,0.395809
SIM04650,24.240567,2.57132167,2.98550293,0.162153,SN Ia,0.9100,0.576121
SIM04651,5.003314,0.37417500,0.39171177,0.049730,SN II,0.5800,0.203990
SIM04652,19.192051,2.60556320,2.18155404,-0.192839,SN Ia,0.9100,0.118612
SIM04653,12.042160,0.76858979,0.58585095,-0.294769,SN II,0.5800,0.350346
SIM04654,12.581936,2.79722340,3.10622781,0.113765,SN Ia,0.9100,0.448310
SIM04655,9.657242,1.40126272,1.83625641,0.293534,SN II,0.5800,0.556039
SIM04656,36.020372,4.50776949,3.23224057,-0.361145,AGN flare,0.6700,0.861112
SIM04657,42.055435,5.57306589,6.20367337,0.116387,AGN flare,0.6700,0.145814
SIM04658,12.038087,1.46555260,1.44750261,-0.013455,SN Ia,0.9100,0.004800
SIM04659,28.803479,2.75380393,3.09518025,0.126882,SN II,0.5800,0.602948
SIM04660,31.581298,6.47908458,8.12914026,0.246327,AGN flare,0.6700,0.866677
SIM04661,3.198818,0.12944067,0.16962411,0.293542,SN II,0.5800,0.154544
SIM04662,17.242609,1.12190896,1.32365672,0.179544,SN Ia,0.9100,0.911094
SIM04663,7.821893,0.33320577,0.29075205,-0.147974,SN II,0.5800,0.559427
SIM04664,2.174851,0.10294549,0.09291934,-0.111253,kilonova,0.7200,0.654140
SIM04665,11.980591,1.50683207,1.17539854,-0.269699,SN II,0.5800,0.108645
SIM04666,12.696383,3.19877457,2.30541649,-0.355586,SN II,0.5800,0.799230
SIM04667,8.175056,1.12411480,0.98657964,-0.141696,SN II,0.5800,0.837720
SIM04668,35.811929,2.56152446,3.04649626,0.188255,SN II,0.5800,0.385553
SIM04669,42.602942,5.46069783,6.99489231,0.268832,AGN flare,0.6700,0.123437
SIM04670,19.984052,2.09516174,1.93989231,-0.083600,SN Ia,0.9100,0.827090
SIM04671,9.745056,0.22601575,0.26021366,0.152978,SN II,0.5800,0.035042
SIM04672,41.263655,2.44333753,2.38244403,-0.027402,SN II,0.5800,0.872454
SIM04673,7.002730,0.62653353,0.67302974,0.077725,SN II,0.5800,0.847994
SIM04674,12.146543,0.97016276,1.01312825,0.047050,SN Ia,0.9100,0.077449
SIM04675,6.113370,0.66100971,0.71834513,0.090313,SN II,0.5800,0.029066
SIM04676,29.159356,6.60503885,4.83492723,-0.338714,SN II,0.5800,0.752292
SIM04677,1.968973,0.06598429,0.04935344,-0.315308,kilonova,0.7200,0.340298
SIM04678,12.145788,1.65950095,1.65629955,-0.002097,SN Ia,0.9100,0.441995
SIM04679,1.102661,0.00521742,0.00637730,0.217952,SN II,0.5800,0.474976
SIM04680,7.715364,0.47315436,0.49854801,0.056760,SN II,0.5800,0.023503
SIM04681,16.675964,3.53399980,4.77679580,0.327175,SN Ia,0.9100,0.975463
SIM04682,2.355539,0.07571843,0.05536749,-0.339867,kilonova,0.7200,0.157359
SIM04683,17.469518,2.73563361,2.15595493,-0.258546,SN II,0.5800,0.583386
SIM04684,21.577596,1.37029151,1.64075069,0.195574,SN Ia,0.9100,0.419414
SIM04685,7.367525,0.85344354,0.97558091,0.145221,SN II,0.5800,0.077950
SIM04686,13.784210,2.18290231,2.83418001,0.283483,SN Ia,0.9100,0.333702
SIM04687,27.929730,1.78871508,1.59419378,-0.125000,SN II,0.5800,0.672813
SIM04688,1.854808,0.07131422,0.06872416,-0.040167,kilonova,0.7200,0.423429
SIM04689,37.801755,2.23814802,2.57098727,0.150528,SN II,0.5800,0.331328
SIM04690,22.172366,6.10225424,8.21015186,0.322152,SN Ia,0.9100,0.511570
SIM04691,19.163519,2.33397503,1.67723096,-0.358758,SN II,0.5800,0.722767
SIM04692,26.555851,1.68269386,1.31055352,-0.271376,SN II,0.5800,0.515272
SIM04693,12.518703,1.62831529,1.51929066,-0.075244,SN Ia,0.9100,0.179533
SIM04694,9.384188,0.57035043,0.67892195,0.189195,SN II,0.5800,0.057270
SIM04695,28.023412,4.49816571,4.97190816,0.108719,SN II,0.5800,0.025069
SIM04696,23.889485,2.46536329,2.90659420,0.178759,SN Ia,0.9100,0.467592
SIM04697,26.755911,5.34488103,6.36784989,0.190137,SN II,0.5800,0.637494
SIM04698,25.840900,0.84214363,0.95883175,0.140891,SN II,0.5800,0.327594
SIM04699,14.777799,1.01481979,1.00287569,-0.012855,SN Ia,0.9100,0.117873
SIM04700,14.456401,0.88483942,1.18980786,0.321531,SN Ia,0.9100,0.983580
SIM04701,27.346710,6.40121867,7.81405708,0.216535,SN II,0.5800,0.291099
SIM04702,37.730331,3.22270623,2.69507937,-0.194123,SN II,0.5800,0.437284
SIM04703,23.223224,3.05741890,2.59374669,-0.178568,SN Ia,0.9100,0.601367
SIM04704,41.952746,5.14585460,6.43929058,0.243451,AGN flare,0.6700,0.926249
SIM04705,2.116861,0.08511788,0.06162279,-0.350699,kilonova,0.7200,0.019090
SIM04706,41.395071,3.53126838,4.93320834,0.362997,AGN flare,0.6700,0.387205
SIM04707,32.301569,1.78917495,2.42033142,0.328055,SN II,0.5800,0.558424
SIM04708,22.297374,0.92460955,1.11464677,0.202947,SN Ia,0.9100,0.933672
SIM04709,30.635421,6.70635602,7.62800675,0.139811,AGN flare,0.6700,0.363465
SIM04710,21.341836,2.44922154,2.26440548,-0.085185,SN Ia,0.9100,0.833212
SIM04711,10.882147,0.36881215,0.41451152,0.126828,SN II,0.5800,0.622084
SIM04712,44.399424,3.66916009,2.78002547,-0.301295,SN II,0.5800,0.043649
SIM04713,31.540502,2.15083176,2.34261083,0.092734,SN II,0.5800,0.475585
SIM04714,31.495724,2.52576283,2.77738092,0.103107,SN II,0.5800,0.539251
SIM04715,15.790226,2.42511782,2.37484108,-0.022746,SN Ia,0.9100,0.489426
SIM04716,5.865602,0.39785529,0.52751325,0.306271,SN II,0.5800,0.540568
SIM04717,15.885062,3.36087849,4.68571298,0.360807,SN Ia,0.9100,0.041671
SIM04718,3.759035,0.07797941,0.08393341,0.079887,SN II,0.5800,0.370897
SIM04719,2.110512,0.03572115,0.04747098,0.308757,SN II,0.5800,0.250998
SIM04720,17.837465,4.12593759,4.65673333,0.131397,SN Ia,0.9100,0.753341
SIM04721,16.277570,2.24276261,2.56714934,0.146670,SN Ia,0.9100,0.133121
SIM04722,32.884426,2.30728928,2.72447612,0.180452,SN II,0.5800,0.873672
SIM04723,18.581589,2.75618283,1.97441343,-0.362175,SN II,0.5800,0.503322
SIM04724,14.266396,0.65871378,0.91985232,0.362553,SN Ia,0.9100,0.099575
SIM04725,42.110158,3.20391291,3.09268886,-0.038361,SN II,0.5800,0.026576
SIM04726,28.315345,0.81914348,0.65926021,-0.235758,SN II,0.5800,0.904486
SIM04727,14.492424,1.75393833,1.66298517,-0.057815,SN Ia,0.9100,0.088805
SIM04728,1.498094,0.03100141,0.04206397,0.331322,SN II,0.5800,0.071757
SIM04729,38.388681,6.47252010,6.84762666,0.061167,AGN flare,0.6700,0.060013
SIM04730,34.016469,3.08710238,3.82902869,0.233844,SN II,0.5800,0.030657
SIM04731,27.522557,0.72176755,0.73856121,0.024973,SN II,0.5800,0.896261
SIM04732,38.160520,1.93910920,2.63090913,0.331259,SN II,0.5800,0.194206
SIM04733,29.448463,2.81106478,2.77650808,-0.013430,SN II,0.5800,0.762318
SIM04734,10.524128,2.77685022,2.50641606,-0.111248,SN II,0.5800,0.524930
SIM04735,38.919047,1.57026683,1.74573944,0.115015,SN II,0.5800,0.159104
SIM04736,35.634922,2.04999243,1.85229445,-0.110106,SN II,0.5800,0.654649
SIM04737,43.511320,3.36527486,3.56970916,0.064031,SN II,0.5800,0.651514
SIM04738,11.937877,1.51804506,1.21365608,-0.242973,SN II,0.5800,0.698851
SIM04739,8.810591,1.64104059,1.81876441,0.111643,SN II,0.5800,0.882449
SIM04740,26.574539,2.84537781,3.61305660,0.259337,SN II,0.5800,0.793452
SIM04741,24.203984,2.62655137,2.15756254,-0.213556,SN II,0.5800,0.536304
SIM04742,6.986500,0.23137790,0.25961168,0.125006,SN II,0.5800,0.192783
SIM04743,6.839801,0.21073906,0.28342938,0.321750,SN II,0.5800,0.454705
SIM04744,23.285546,1.87631811,2.44421099,0.287081,SN Ia,0.9100,0.718693
SIM04745,18.268924,3.95284316,4.52840419,0.147589,SN Ia,0.9100,0.131937
SIM04746,1.384340,0.00931771,0.01269266,0.335608,SN II,0.5800,0.569604
SIM04747,8.881603,1.15616900,1.43536961,0.234856,SN II,0.5800,0.746311
SIM04748,31.027107,1.68360397,1.34460331,-0.244114,SN II,0.5800,0.271821
SIM04749,15.254696,1.15067756,1.34035224,0.165663,SN Ia,0.9100,0.807013
SIM04750,24.939301,1.90657389,2.39456327,0.247432,SN Ia,0.9100,0.157195
SIM04751,10.329150,1.29549450,1.38987433,0.076350,SN II,0.5800,0.195803
SIM04752,4.040073,0.49813255,0.66438180,0.312682,SN II,0.5800,0.798926
SIM04753,24.241957,2.92326470,2.16673260,-0.325157,SN II,0.5800,0.600188
SIM04754,24.505876,4.12463077,3.64658120,-0.133748,SN Ia,0.9100,0.862514
SIM04755,30.888419,1.65729691,1.81959342,0.101435,SN II,0.5800,0.387433
SIM04756,16.226385,3.18290678,3.49569566,0.101774,SN Ia,0.9100,0.155778
SIM04757,36.764008,1.46916723,1.16997455,-0.247237,SN II,0.5800,0.307242
SIM04758,1.301303,0.03167754,0.02362012,-0.318674,kilonova,0.7200,0.740710
SIM04759,35.259954,1.19394002,1.35853616,0.140222,SN II,0.5800,0.497624
SIM04760,22.345196,1.82516363,1.33400279,-0.340363,SN II,0.5800,0.957446
SIM04761,17.077054,2.28776529,1.78151216,-0.271557,SN II,0.5800,0.856996
SIM04762,12.056133,2.26576252,2.27564409,0.004725,SN Ia,0.9100,0.281130
SIM04763,38.560960,5.09173421,6.26911004,0.225850,AGN flare,0.6700,0.312960
SIM04764,35.422747,6.33102969,6.06546796,-0.046525,AGN flare,0.6700,0.447467
SIM04765,12.091237,1.05782280,1.29666541,0.221038,SN Ia,0.9100,0.217855
SIM04766,2.714604,0.07299324,0.08144861,0.119003,kilonova,0.7200,0.892865
SIM04767,41.854533,4.20247240,5.53620745,0.299269,AGN flare,0.6700,0.290361
SIM04768,25.644056,3.21396004,3.70632219,0.154757,SN II,0.5800,0.893736
SIM04769,5.033336,0.14881844,0.20435242,0.344308,SN II,0.5800,0.786293
SIM04770,8.491624,0.44226630,0.52128864,0.178486,SN II,0.5800,0.090822
SIM04771,8.620681,0.98198445,0.92439902,-0.065613,SN II,0.5800,0.186138
SIM04772,16.794809,1.47317894,1.75339962,0.189064,SN Ia,0.9100,0.503589
SIM04773,31.814704,5.23560799,3.86416312,-0.329779,AGN flare,0.6700,0.867847
SIM04774,36.288315,2.12335435,1.62495521,-0.290453,SN II,0.5800,0.843473
SIM04775,41.908881,3.95668608,3.04158680,-0.285578,SN II,0.5800,0.964287
SIM04776,34.704290,0.85660374,1.13222170,0.302879,SN II,0.5800,0.319232
SIM04777,17.553118,0.60344980,0.57009885,-0.061727,SN Ia,0.9100,0.946655
SIM04778,33.323592,2.52491607,3.26525074,0.279174,SN II,0.5800,0.203803
SIM04779,16.389266,3.30877982,3.95824884,0.194588,SN Ia,0.9100,0.267721
SIM04780,22.122691,2.55614484,2.24728192,-0.139820,SN Ia,0.9100,0.791222
SIM04781,6.360515,0.44147454,0.34765936,-0.259379,SN II,0.5800,0.633967
SIM04782,40.689663,3.59168200,3.33452271,-0.080660,SN II,0.5800,0.259830
SIM04783,8.444782,1.35777502,1.16519777,-0.166070,SN II,0.5800,0.642151
SIM04784,26.890040,1.76055079,2.06659627,0.174018,SN II,0.5800,0.082844
SIM04785,12.478990,2.03056915,2.35125373,0.159204,SN Ia,0.9100,0.532839
SIM04786,25.009349,1.85884634,1.87067856,0.006889,SN II,0.5800,0.657798
SIM04787,26.928964,2.19658844,1.54111480,-0.384784,SN II,0.5800,0.302032
SIM04788,3.494886,0.13473880,0.11758834,-0.147821,SN II,0.5800,0.581999
SIM04789,28.843759,0.56475339,0.62224588,0.105258,SN II,0.5800,0.229490
SIM04790,27.393523,1.57091595,2.16921141,0.350372,SN II,0.5800,0.141212
SIM04791,29.855628,3.98743813,4.66831701,0.171166,SN II,0.5800,0.695912
SIM04792,21.828409,0.92667145,1.07175598,0.157925,SN Ia,0.9100,0.231430
SIM04793,22.822758,4.40400788,3.73228429,-0.179683,SN Ia,0.9100,0.943315
SIM04794,29.971472,6.22026721,4.60256831,-0.327022,SN II,0.5800,0.932677
SIM04795,7.072704,0.60718491,0.52378494,-0.160420,SN II,0.5800,0.938473
SIM04796,25.751779,6.27245265,4.93535935,-0.260297,SN II,0.5800,0.550029
SIM04797,31.977078,1.90994035,2.53347763,0.306743,SN II,0.5800,0.199956
SIM04798,38.559117,2.47753000,2.05222907,-0.204483,SN II,0.5800,0.339418
SIM04799,12.167544,1.96782318,1.44344705,-0.336463,SN II,0.5800,0.900199
SIM04800,30.620721,3.60187935,2.55561465,-0.372584,SN II,0.5800,0.070217
SIM04801,9.968541,1.94168216,2.07323239,0.071175,SN II,0.5800,0.157875
SIM04802,43.630752,2.96046285,2.89114137,-0.025726,SN II,0.5800,0.006459
SIM04803,21.165063,3.34198949,3.34572005,0.001211,SN Ia,0.9100,0.038969
SIM04804,41.115303,7.01233462,8.75804944,0.241362,AGN flare,0.6700,0.734263
SIM04805,21.252453,1.84967692,1.39055132,-0.309772,SN II,0.5800,0.820661
SIM04806,13.291529,1.27662628,1.49050068,0.168171,SN Ia,0.9100,0.696890
SIM04807,40.770240,4.38122062,5.80772064,0.306026,AGN flare,0.6700,0.648605
SIM04808,43.452296,1.56272436,1.63223676,0.047252,SN II,0.5800,0.904950
SIM04809,32.499577,3.52653268,2.65018848,-0.310178,SN II,0.5800,0.962358
SIM04810,11.571598,0.91734826,0.65120785,-0.372037,SN II,0.5800,0.037169
SIM04811,24.230367,1.15915075,0.91698802,-0.254441,SN II,0.5800,0.748746
SIM04812,2.976459,0.13175589,0.14254812,0.085479,kilonova,0.7200,0.693381
SIM04813,14.182097,1.63806915,1.71150562,0.047615,SN Ia,0.9100,0.536372
SIM04814,17.832585,3.46255610,3.75136066,0.086980,SN Ia,0.9100,0.111835
SIM04815,7.338012,0.67047292,0.75306513,0.126128,SN II,0.5800,0.113578
SIM04816,36.234570,4.12401867,3.72736660,-0.109796,AGN flare,0.6700,0.207513
SIM04817,28.418229,0.79051608,1.09382616,0.352594,SN II,0.5800,0.476040
SIM04818,36.090541,4.57881724,5.69885292,0.237585,AGN flare,0.6700,0.067755
SIM04819,22.363613,6.01559422,7.58629877,0.251879,SN Ia,0.9100,0.609340
SIM04820,29.931248,4.11727884,4.54680532,0.107740,SN II,0.5800,0.102294
SIM04821,22.795238,0.92290956,0.66322125,-0.358752,SN II,0.5800,0.509678
SIM04822,5.076014,0.21888756,0.29824582,0.335883,SN II,0.5800,0.971926
SIM04823,6.771040,0.78091472,0.94489760,0.206953,SN II,0.5800,0.487694
SIM04824,12.838781,1.67298707,2.02191611,0.205676,SN Ia,0.9100,0.858106
SIM04825,13.783346,4.42727764,3.10515721,-0.385133,SN II,0.5800,0.467065
SIM04826,8.972167,0.45767145,0.61829324,0.326602,SN II,0.5800,0.970802
SIM04827,10.245308,0.63113902,0.76975430,0.215568,SN II,0.5800,0.303674
SIM04828,30.035105,2.75395994,2.80160897,0.018625,SN II,0.5800,0.938032
SIM04829,8.151262,0.72968323,0.55128770,-0.304390,SN II,0.5800,0.992452
SIM04830,12.282432,2.64170445,1.85008686,-0.386730,SN II,0.5800,0.765017
SIM04831,26.087544,6.47890973,5.27059907,-0.224105,SN II,0.5800,0.034500
SIM04832,38.650909,3.01044046,2.57457395,-0.169812,SN II,0.5800,0.617645
SIM04833,24.267980,3.51919729,4.76223151,0.328417,SN Ia,0.9100,0.210905
SIM04834,37.715090,3.47009348,4.20365606,0.208215,AGN flare,0.6700,0.206186
SIM04835,36.150412,6.56688825,6.63513068,0.011225,AGN flare,0.6700,0.207976
SIM04836,10.342720,1.03387418,0.87312563,-0.183477,SN II,0.5800,0.710799
SIM04837,8.092396,0.63062513,0.47312865,-0.311980,SN II,0.5800,0.217065
SIM04838,13.318576,1.94934364,2.21845826,0.140407,SN Ia,0.9100,0.371494
SIM04839,14.075469,1.28195760,1.21419157,-0.058966,SN Ia,0.9100,0.037739
SIM04840,30.299112,3.63598998,4.34224163,0.192728,AGN flare,0.6700,0.769378
SIM04841,21.062658,3.32101404,2.35391945,-0.373698,SN II,0.5800,0.903023
SIM04842,6.751887,0.62974389,0.69802831,0.111773,SN II,0.5800,0.258862
SIM04843,17.513886,3.24725220,3.96464389,0.216720,SN Ia,0.9100,0.702873
SIM04844,35.621452,4.49551198,5.86409563,0.288555,AGN flare,0.6700,0.606526
SIM04845,17.347168,3.04848923,3.59822810,0.180010,SN Ia,0.9100,0.149055
SIM04846,35.684258,1.72582265,1.81663722,0.055680,SN II,0.5800,0.806537
SIM04847,34.747671,4.48615173,5.41808375,0.204929,AGN flare,0.6700,0.302602
SIM04848,24.364706,5.75512912,6.15173564,0.072356,SN Ia,0.9100,0.236560
SIM04849,40.922643,3.33955590,3.20713722,-0.043928,SN II,0.5800,0.728306
SIM04850,42.710986,1.47230911,1.41006778,-0.046898,SN II,0.5800,0.078692
SIM04851,36.755315,1.51946126,1.83149731,0.202792,SN II,0.5800,0.416370
SIM04852,29.798994,0.77402895,0.81879347,0.061043,SN II,0.5800,0.847495
SIM04853,17.091662,2.92667870,2.94717247,0.007576,SN Ia,0.9100,0.710238
SIM04854,10.729187,2.30841169,2.83417361,0.222783,SN II,0.5800,0.662908
SIM04855,42.923751,4.54666877,3.35828420,-0.328940,AGN flare,0.6700,0.632003
SIM04856,30.199778,2.59303214,3.28238699,0.255955,SN II,0.5800,0.152740
SIM04857,36.056168,3.74732747,2.66456014,-0.370240,SN II,0.5800,0.026738
SIM04858,24.549612,2.02379051,2.81529314,0.358395,SN Ia,0.9100,0.734519
SIM04859,41.347998,2.83584572,2.14687739,-0.302188,SN II,0.5800,0.979704
SIM04860,43.420288,2.90355460,3.89891695,0.320035,SN II,0.5800,0.306679
SIM04861,18.034383,3.74712036,2.79912944,-0.316687,SN II,0.5800,0.587925
SIM04862,24.202733,1.72790459,1.74957790,0.013534,SN Ia,0.9100,0.587827
SIM04863,6.439926,0.66345800,0.63340864,-0.050324,SN II,0.5800,0.328795
SIM04864,29.375045,2.54677829,2.58731903,0.017147,SN II,0.5800,0.056329
SIM04865,12.278733,0.37640460,0.32481128,-0.160060,SN Ia,0.9100,0.173829
SIM04866,26.343458,1.98208511,2.40860339,0.211607,SN II,0.5800,0.012210
SIM04867,11.779662,0.62123479,0.48115600,-0.277425,SN II,0.5800,0.347299
SIM04868,35.041752,0.70293415,0.74602022,0.064590,SN II,0.5800,0.194331
SIM04869,22.438959,2.07570524,1.99877024,-0.041007,SN Ia,0.9100,0.683755
SIM04870,1.239980,0.01521102,0.01163939,-0.290570,kilonova,0.7200,0.452250
SIM04871,43.706156,1.25590985,1.38384065,0.105319,SN II,0.5800,0.314104
SIM04872,24.337264,1.97766960,2.01119605,0.018252,SN Ia,0.9100,0.945072
SIM04873,38.373153,1.00370949,0.78711610,-0.263923,SN II,0.5800,0.785201
SIM04874,15.434496,0.64671329,0.61594316,-0.052928,SN Ia,0.9100,0.617051
SIM04875,43.781950,3.35885608,4.64348689,0.351632,AGN flare,0.6700,0.400491
SIM04876,8.799485,0.28220602,0.24038819,-0.174133,SN II,0.5800,0.588339
SIM04877,15.354627,2.89738768,3.23494896,0.119652,SN Ia,0.9100,0.664704
SIM04878,18.959971,1.50419797,1.53243374,0.020192,SN Ia,0.9100,0.457037
SIM04879,20.982983,4.31866446,3.19066382,-0.328671,SN II,0.5800,0.503585
SIM04880,36.186781,3.88991512,5.21842196,0.318998,AGN flare,0.6700,0.331471
SIM04881,36.884211,3.21521178,3.68297501,0.147473,SN II,0.5800,0.504814
SIM04882,32.623942,3.09296934,4.28964007,0.355113,AGN flare,0.6700,0.023989
SIM04883,1.813547,0.03031665,0.02810440,-0.082267,kilonova,0.7200,0.510152
SIM04884,24.487486,1.25542978,1.63863422,0.289224,SN Ia,0.9100,0.692518
SIM04885,37.642569,7.20458673,7.55638839,0.051763,AGN flare,0.6700,0.057140
SIM04886,40.896508,3.05997772,2.47144925,-0.231916,SN II,0.5800,0.390242
SIM04887,30.636804,1.69117500,1.61603904,-0.049342,SN II,0.5800,0.437280
SIM04888,42.596796,6.53473191,4.58887392,-0.383804,AGN flare,0.6700,0.942799
SIM04889,31.892103,1.46501286,1.96446901,0.318509,SN II,0.5800,0.411429
SIM04890,25.777065,3.82423940,3.55633681,-0.078855,SN II,0.5800,0.174572
SIM04891,34.545629,5.22575855,5.98118931,0.146596,AGN flare,0.6700,0.341647
SIM04892,37.031167,3.57275174,3.32063387,-0.079455,SN II,0.5800,0.363640
SIM04893,1.179780,0.03240578,0.03161346,-0.026876,kilonova,0.7200,0.217454
SIM04894,7.426008,0.39890049,0.44167567,0.110597,SN II,0.5800,0.526618
SIM04895,36.203946,2.92697721,2.65696170,-0.105085,SN II,0.5800,0.480503
SIM04896,1.805978,0.09238856,0.10137601,0.100792,kilonova,0.7200,0.714975
SIM04897,42.894154,3.66910182,3.02415876,-0.209888,SN II,0.5800,0.614145
SIM04898,29.335642,2.21765392,1.72928273,-0.270069,SN II,0.5800,0.144586
SIM04899,12.149153,2.82467579,3.19984740,0.135402,SN Ia,0.9100,0.058156
SIM04900,20.064707,1.65721985,1.88843017,0.141802,SN Ia,0.9100,0.482566
SIM04901,29.167706,3.19840875,2.52815529,-0.255326,SN II,0.5800,0.090756
SIM04902,5.230859,0.47925615,0.66590138,0.357106,SN II,0.5800,0.227893
SIM04903,13.294978,3.71749864,5.01821767,0.325747,SN Ia,0.9100,0.486590
SIM04904,15.877457,2.35293902,2.04801031,-0.150696,SN Ia,0.9100,0.126261
SIM04905,12.676164,0.69243389,0.96823290,0.364004,SN Ia,0.9100,0.540116
SIM04906,16.090584,1.99608526,1.72133267,-0.160786,SN Ia,0.9100,0.666571
SIM04907,44.390877,0.85480055,1.12926981,0.302332,SN II,0.5800,0.852390
SIM04908,21.194566,1.02481536,1.08542697,0.062387,SN Ia,0.9100,0.160974
SIM04909,16.628242,1.84622522,2.22381448,0.202035,SN Ia,0.9100,0.732601
SIM04910,24.301193,4.18769651,3.97194654,-0.057430,SN Ia,0.9100,0.737219
SIM04911,41.903031,1.54885651,1.79675475,0.161194,SN II,0.5800,0.714346
SIM04912,2.110506,0.09152029,0.09040552,-0.013306,kilonova,0.7200,0.319276
SIM04913,34.057003,2.36061925,2.59181340,0.101444,SN II,0.5800,0.102418
SIM04914,17.593160,2.24329527,1.96302922,-0.144899,SN Ia,0.9100,0.532782
SIM04915,19.147821,6.06128845,7.21298165,0.188875,SN Ia,0.9100,0.668612
SIM04916,18.490446,2.34254073,2.11226987,-0.112344,SN Ia,0.9100,0.154322
SIM04917,37.821395,3.65806356,4.17249758,0.142862,AGN flare,0.6700,0.160381
SIM04918,26.893329,3.50200542,4.79324628,0.340782,SN II,0.5800,0.514227
SIM04919,22.525913,1.02116143,1.08355361,0.064390,SN Ia,0.9100,0.926698
SIM04920,23.856545,3.38728190,4.43873559,0.293520,SN Ia,0.9100,0.708497
SIM04921,24.201741,0.96297872,1.24021328,0.274699,SN Ia,0.9100,0.637683
SIM04922,23.125172,4.49780210,3.70417209,-0.210773,SN II,0.5800,0.504732
SIM04923,34.401116,5.68426174,7.19994541,0.256638,AGN flare,0.6700,0.609578
SIM04924,36.967493,6.43115390,6.28234882,-0.025417,AGN flare,0.6700,0.936072
SIM04925,22.513803,4.51463466,4.63640467,0.028897,SN Ia,0.9100,0.432443
SIM04926,18.484075,2.46750979,1.96462088,-0.247450,SN II,0.5800,0.579490
SIM04927,9.360444,0.71974053,0.75476518,0.051590,SN II,0.5800,0.129690
SIM04928,7.562386,1.08230199,1.27887237,0.181197,SN II,0.5800,0.325744
SIM04929,27.031160,2.33451039,2.13258931,-0.098221,SN II,0.5800,0.160719
SIM04930,42.501853,1.58264992,1.33930273,-0.181265,SN II,0.5800,0.934305
SIM04931,43.264645,3.50503519,3.71900919,0.064337,SN II,0.5800,0.612764
SIM04932,38.108696,3.58156167,4.00669353,0.121784,AGN flare,0.6700,0.391817
SIM04933,36.421004,5.34445270,4.60917806,-0.160699,AGN flare,0.6700,0.476842
SIM04934,36.856406,4.90846543,5.76827718,0.175251,AGN flare,0.6700,0.151351
SIM04935,37.415643,2.44925022,2.39400804,-0.024769,SN II,0.5800,0.471026
SIM04936,12.041008,1.01539149,1.33317867,0.295637,SN Ia,0.9100,0.517935
SIM04937,13.906041,0.78435109,1.02311677,0.288537,SN Ia,0.9100,0.267198
SIM04938,20.934971,6.89166820,8.79194121,0.264401,SN Ia,0.9100,0.767240
SIM04939,36.927080,3.11225771,4.13469175,0.308419,AGN flare,0.6700,0.769562
SIM04940,7.448047,0.40671200,0.34331505,-0.183985,SN II,0.5800,0.053441
SIM04941,5.785012,0.61070274,0.43753947,-0.362032,SN II,0.5800,0.752912
SIM04942,10.495914,1.42723162,1.61443020,0.133812,SN II,0.5800,0.910231
SIM04943,27.001782,1.25704211,1.43496812,0.143731,SN II,0.5800,0.928116
SIM04944,15.135357,1.77983157,2.13787784,0.199010,SN Ia,0.9100,0.529028
SIM04945,35.433075,2.12902216,1.71506162,-0.234751,SN II,0.5800,0.575326
SIM04946,2.662343,0.03269874,0.04085272,0.241725,SN II,0.5800,0.351597
SIM04947,20.633744,0.81936801,1.10985232,0.329465,SN Ia,0.9100,0.188434
SIM04948,32.285363,3.25875757,3.76670399,0.157274,SN II,0.5800,0.523195
SIM04949,43.516681,1.39092533,1.46396426,0.055567,SN II,0.5800,0.710205
SIM04950,10.489262,1.53319477,1.27467960,-0.200491,SN II,0.5800,0.034290
SIM04951,7.736359,0.70516228,0.96752952,0.343438,SN II,0.5800,0.039113
SIM04952,23.327215,1.08158774,0.92655347,-0.167978,SN Ia,0.9100,0.565563
SIM04953,23.959774,3.22583416,3.72189791,0.155306,SN Ia,0.9100,0.699688
SIM04954,27.109283,3.16582979,2.62098249,-0.205059,SN II,0.5800,0.135700
SIM04955,1.931873,0.04967855,0.05175232,0.044402,kilonova,0.7200,0.575744
SIM04956,11.529173,1.45212885,1.91789037,0.302047,SN II,0.5800,0.730676
SIM04957,27.068612,1.80624520,2.14370173,0.185969,SN II,0.5800,0.056865
SIM04958,1.934626,0.08275260,0.05886326,-0.369843,kilonova,0.7200,0.256789
SIM04959,20.083317,1.60984193,1.64726484,0.024950,SN Ia,0.9100,0.394572
SIM04960,15.667476,1.01150768,1.13301995,0.123171,SN Ia,0.9100,0.457411
SIM04961,33.186180,5.61367704,6.04204914,0.079842,AGN flare,0.6700,0.650219
SIM04962,38.123587,4.35653080,3.24751798,-0.318973,AGN flare,0.6700,0.421522
SIM04963,7.321179,0.20492911,0.16327360,-0.246719,SN II,0.5800,0.596734
SIM04964,27.040383,4.28207532,3.09805829,-0.351412,SN II,0.5800,0.775015
SIM04965,21.699686,3.59426760,3.00285725,-0.195189,SN Ia,0.9100,0.067908
SIM04966,39.239056,7.31368644,5.35001681,-0.339453,AGN flare,0.6700,0.265339
SIM04967,27.867309,4.90905632,5.60578484,0.144096,SN II,0.5800,0.777267
SIM04968,41.596762,3.50777253,3.68354869,0.053087,SN II,0.5800,0.451293
SIM04969,29.736484,0.91308671,1.24508271,0.336715,SN II,0.5800,0.497973
SIM04970,37.481715,2.78718450,3.63911738,0.289576,SN II,0.5800,0.381401
SIM04971,22.315810,2.63367890,3.45172158,0.293682,SN Ia,0.9100,0.224508
SIM04972,23.584110,2.20612796,1.66303003,-0.306827,SN II,0.5800,0.754892
SIM04973,34.237935,1.59741774,1.69372356,0.063560,SN II,0.5800,0.681111
SIM04974,8.783891,1.72854012,1.37857794,-0.245620,SN II,0.5800,0.994165
SIM04975,24.164208,5.03484070,5.08185820,0.010092,SN Ia,0.9100,0.473958
SIM04976,2.438791,0.14016341,0.10547292,-0.308734,kilonova,0.7200,0.623226
SIM04977,33.568708,3.00318746,3.54806410,0.181023,SN II,0.5800,0.329575
SIM04978,24.841635,5.80326526,7.44884729,0.271042,SN Ia,0.9100,0.290741
SIM04979,24.798604,6.38325727,5.26000903,-0.210140,SN II,0.5800,0.136850
SIM04980,42.083025,0.74204248,0.53680153,-0.351538,SN II,0.5800,0.616440
SIM04981,2.536004,0.09967786,0.08737570,-0.143020,kilonova,0.7200,0.444248
SIM04982,15.940397,1.25491774,1.25333492,-0.001370,SN Ia,0.9100,0.051179
SIM04983,43.404447,6.95368030,7.05252007,0.015324,AGN flare,0.6700,0.939532
SIM04984,34.422847,1.84277743,1.93976533,0.055691,SN II,0.5800,0.147073
SIM04985,28.144816,2.09245035,2.33505824,0.119106,SN II,0.5800,0.754470
SIM04986,39.675833,5.64265105,4.37306147,-0.276744,AGN flare,0.6700,0.667519
SIM04987,29.158547,1.74660912,1.67167579,-0.047609,SN II,0.5800,0.093550
SIM04988,29.708225,5.43610802,4.83204819,-0.127892,SN II,0.5800,0.326177
SIM04989,8.171281,1.14852460,1.43593666,0.242487,SN II,0.5800,0.023239
SIM04990,39.594458,4.58578996,4.00031042,-0.148301,AGN flare,0.6700,0.586219
SIM04991,44.278434,1.97543262,2.72750745,0.350259,SN II,0.5800,0.744813
SIM04992,1.741294,0.02235681,0.02017847,-0.111304,kilonova,0.7200,0.259072
SIM04993,25.291333,4.66668843,5.91699265,0.257731,SN II,0.5800,0.176567
SIM04994,10.219817,0.66611626,0.90857357,0.337025,SN II,0.5800,0.189375
SIM04995,14.995457,1.26849013,1.65002453,0.285508,SN Ia,0.9100,0.234131
SIM04996,32.441297,2.91875178,2.84353145,-0.028348,SN II,0.5800,0.462681
SIM04997,18.922004,2.09820816,2.24194864,0.071943,SN Ia,0.9100,0.566799
SIM04998,6.121263,0.61168972,0.59934736,-0.022131,SN II,0.5800,0.599350
SIM04999,1.080057,0.00940326,0.00895450,-0.053093,kilonova,0.7200,0.941923
SIM05000,21.754174,2.82711246,2.85667798,0.011296,SN Ia,0.9100,0.418621
SIM05001,11.381320,0.55510690,0.58759425,0.061752,SN II,0.5800,0.418617
SIM05002,22.849286,2.92712259,2.66553113,-0.101643,SN Ia,0.9100,0.174192
SIM05003,24.121449,1.07027675,1.17781584,0.103953,SN Ia,0.9100,0.446962
SIM05004,18.004416,2.18618516,2.98936223,0.339729,SN Ia,0.9100,0.139850
SIM05005,35.744149,3.13371022,4.00407853,0.266109,AGN flare,0.6700,0.715662
SIM05006,22.180528,2.85291836,2.72385231,-0.050264,SN Ia,0.9100,0.674742
SIM05007,39.199428,1.48245415,1.54774358,0.046794,SN II,0.5800,0.678102
SIM05008,10.794751,0.29856140,0.26939016,-0.111630,SN II,0.5800,0.669430
SIM05009,29.854848,3.21960200,2.58507644,-0.238322,SN II,0.5800,0.669453
SIM05010,27.890429,1.07457093,1.16560888,0.088294,SN II,0.5800,0.523291
SIM05011,22.277367,2.46089586,2.70907643,0.104320,SN Ia,0.9100,0.644414
SIM05012,6.683664,0.76678437,0.60761863,-0.252605,SN II,0.5800,0.692248
SIM05013,43.799213,1.00946309,1.24057629,0.223833,SN II,0.5800,0.541451
SIM05014,24.510065,3.37615636,3.66900206,0.090314,SN Ia,0.9100,0.917252
SIM05015,43.739863,2.58835212,2.01087994,-0.274093,SN II,0.5800,0.533502
SIM05016,31.748940,2.28011652,2.59929676,0.142247,SN II,0.5800,0.629862
SIM05017,19.333185,2.08164920,2.58942894,0.236991,SN Ia,0.9100,0.693707
SIM05018,31.396133,2.79396987,3.30162183,0.181264,SN II,0.5800,0.978198
SIM05019,4.188507,0.30601343,0.22110690,-0.352845,SN II,0.5800,0.743884
SIM05020,28.796196,1.16570399,1.22369004,0.052708,SN II,0.5800,0.953855
SIM05021,13.687978,1.24037803,1.01156819,-0.221397,SN II,0.5800,0.807816
SIM05022,3.755165,0.22169496,0.24594491,0.112705,SN II,0.5800,0.983289
SIM05023,12.485444,1.26831298,1.04490972,-0.210369,SN II,0.5800,0.716349
SIM05024,31.805814,2.13318286,1.97586420,-0.083177,SN II,0.5800,0.503784
SIM05025,20.615774,0.82813316,1.03146160,0.238382,SN Ia,0.9100,0.950658
SIM05026,8.608995,0.77860014,0.75370926,-0.035277,SN II,0.5800,0.564286
SIM05027,1.029280,0.03827258,0.04248290,0.113316,kilonova,0.7200,0.662382
SIM05028,22.350730,2.84553624,2.32978224,-0.217122,SN II,0.5800,0.030905
SIM05029,42.796406,1.95706160,2.45059580,0.244168,SN II,0.5800,0.312913
SIM05030,31.357741,2.79223405,2.81890820,0.010323,SN II,0.5800,0.553855
SIM05031,24.403454,1.44819432,1.55466713,0.077026,SN Ia,0.9100,0.093988
SIM05032,28.424663,4.46924320,3.84501035,-0.163341,SN II,0.5800,0.558262
SIM05033,16.796852,0.90722446,0.91319627,0.007123,SN Ia,0.9100,0.138238
SIM05034,10.390356,2.12820892,2.83590730,0.311694,SN II,0.5800,0.794645
SIM05035,19.870175,0.63249952,0.74406404,0.176375,SN Ia,0.9100,0.959263
SIM05036,37.898045,3.87400949,4.81552031,0.236206,AGN flare,0.6700,0.632999
SIM05037,38.578754,2.60266890,3.23092946,0.234771,SN II,0.5800,0.515892
SIM05038,36.609745,2.83354781,3.29451101,0.163651,SN II,0.5800,0.739757
SIM05039,29.120312,1.12238031,1.14279607,0.019572,SN II,0.5800,0.739842
SIM05040,34.142614,6.98027275,7.26793681,0.043847,AGN flare,0.6700,0.316066
SIM05041,24.308713,3.47442943,2.90679532,-0.193673,SN Ia,0.9100,0.889958
SIM05042,42.635720,6.36560754,8.05385505,0.255410,AGN flare,0.6700,0.610931
SIM05043,30.561242,5.15727412,4.56509994,-0.132425,AGN flare,0.6700,0.781985
SIM05044,31.713078,1.28422935,0.96653492,-0.308563,SN II,0.5800,0.879506
SIM05045,31.992671,5.02753287,4.67075864,-0.079919,AGN flare,0.6700,0.424679
SIM05046,18.195576,1.39477375,1.38212619,-0.009890,SN Ia,0.9100,0.156058
SIM05047,7.183974,1.38211965,1.00685126,-0.343951,SN II,0.5800,0.256978
SIM05048,23.429937,3.84321817,4.02695470,0.050704,SN Ia,0.9100,0.311258
SIM05049,27.140419,4.75038006,3.64827860,-0.286601,SN II,0.5800,0.985419
SIM05050,18.243061,1.32479208,1.03722865,-0.265683,SN II,0.5800,0.200599
SIM05051,41.766056,2.95133250,3.71170515,0.248888,SN II,0.5800,0.236100
SIM05052,40.925837,1.41134938,1.96288207,0.358149,SN II,0.5800,0.309841
SIM05053,38.370106,4.13438660,5.60167877,0.329768,AGN flare,0.6700,0.814113
SIM05054,11.595303,1.48675903,1.68585719,0.136450,SN II,0.5800,0.796912
SIM05055,12.724498,0.65502323,0.52501048,-0.240222,SN II,0.5800,0.988176
SIM05056,37.957382,1.01400011,0.77782593,-0.287889,SN II,0.5800,0.641283
SIM05057,34.585859,2.47197133,2.19707749,-0.127995,SN II,0.5800,0.237189
SIM05058,24.928043,2.08435011,2.58039051,0.231787,SN Ia,0.9100,0.395220
SIM05059,41.625169,5.06950410,3.68984169,-0.344894,AGN flare,0.6700,0.563360
SIM05060,14.788381,2.96152175,3.70641566,0.243598,SN Ia,0.9100,0.228631
SIM05061,12.088287,0.86322035,0.92733485,0.077787,SN Ia,0.9100,0.459469
SIM05062,43.513998,4.27861336,3.84912813,-0.114852,AGN flare,0.6700,0.741438
SIM05063,2.242729,0.12586947,0.09798032,-0.271954,kilonova,0.7200,0.865703
SIM05064,12.878551,1.16800611,1.11752378,-0.047971,SN Ia,0.9100,0.931216
SIM05065,20.922595,1.18185068,1.60054063,0.329260,SN Ia,0.9100,0.509210
SIM05066,44.647319,1.66806412,1.81606308,0.092295,SN II,0.5800,0.889846
SIM05067,37.777799,2.21958338,2.30904761,0.042904,SN II,0.5800,0.509307
SIM05068,33.274739,1.82284577,2.16257103,0.185551,SN II,0.5800,0.008535
SIM05069,20.844694,4.03904291,5.63438084,0.361419,SN Ia,0.9100,0.746187
SIM05070,27.506450,6.01784098,4.56174112,-0.300775,SN II,0.5800,0.512624
SIM05071,3.246285,0.11836223,0.15964882,0.324881,SN II,0.5800,0.113349
SIM05072,31.648491,6.76941748,7.87618968,0.164412,AGN flare,0.6700,0.733877
SIM05073,27.901609,2.56729911,2.54821827,-0.008100,SN II,0.5800,0.346854
SIM05074,44.193238,3.67002946,3.01549432,-0.213278,SN II,0.5800,0.564868
SIM05075,11.994267,2.92594821,3.64448153,0.238423,SN II,0.5800,0.343488
SIM05076,24.584599,4.44261081,4.69294719,0.059518,SN Ia,0.9100,0.410373
SIM05077,9.171072,0.87389011,1.01402506,0.161480,SN II,0.5800,0.623040
SIM05078,39.865365,2.67319930,2.55301318,-0.049946,SN II,0.5800,0.376829
SIM05079,43.468152,1.85062588,2.53203915,0.340379,SN II,0.5800,0.734730
SIM05080,21.788860,1.83260675,1.65664780,-0.109598,SN Ia,0.9100,0.527834
SIM05081,35.300022,7.76643515,10.13448302,0.288950,AGN flare,0.6700,0.852864
SIM05082,30.671087,2.07193222,2.40556585,0.162104,SN II,0.5800,0.842003
SIM05083,18.250113,0.89365103,1.18455993,0.305973,SN Ia,0.9100,0.868618
SIM05084,13.644959,1.39855943,1.37595563,-0.017691,SN Ia,0.9100,0.279530
SIM05085,40.629687,2.14659313,2.94799446,0.344442,SN II,0.5800,0.102886
SIM05086,27.156395,1.87507903,1.41316433,-0.307067,SN II,0.5800,0.553799
SIM05087,26.698197,3.76659966,2.98508343,-0.252482,SN II,0.5800,0.896658
SIM05088,29.357805,4.01351018,5.41545230,0.325276,SN II,0.5800,0.539780
SIM05089,11.477486,1.72670585,1.77818755,0.031898,SN II,0.5800,0.433880
SIM05090,14.888013,1.24730801,1.17608545,-0.063837,SN Ia,0.9100,0.693846
SIM05091,26.897317,1.11211988,0.77869705,-0.386958,SN II,0.5800,0.715138
SIM05092,12.603394,2.72151636,3.16839947,0.165072,SN Ia,0.9100,0.789458
SIM05093,26.991671,5.65615900,4.23688488,-0.313687,SN II,0.5800,0.679292
SIM05094,38.112136,1.99655719,2.60571124,0.289111,SN II,0.5800,0.929385
SIM05095,11.430472,1.37991047,1.52628042,0.109459,SN II,0.5800,0.203884
SIM05096,17.839278,2.44152216,3.17753829,0.286075,SN Ia,0.9100,0.967679
SIM05097,4.449236,0.28659031,0.22514568,-0.261995,SN II,0.5800,0.473091
SIM05098,44.949244,2.52900373,2.80007359,0.110550,SN II,0.5800,0.708487
SIM05099,8.514356,1.27372002,1.02144004,-0.239653,SN II,0.5800,0.653074
SIM05100,23.232145,3.34195158,2.37844893,-0.369266,SN II,0.5800,0.283815
SIM05101,27.757674,0.82697429,1.01954512,0.227286,SN II,0.5800,0.145600
SIM05102,9.391324,0.81411241,0.84292079,0.037756,SN II,0.5800,0.078478
SIM05103,34.779197,1.62066390,1.83794139,0.136597,SN II,0.5800,0.229639
SIM05104,12.377750,3.03834645,2.71200501,-0.123367,SN Ia,0.9100,0.108275
SIM05105,34.779047,1.13364158,1.34563131,0.186126,SN II,0.5800,0.570504
SIM05106,31.824693,1.39010441,1.93111728,0.356903,SN II,0.5800,0.697941
SIM05107,16.840297,0.94703235,0.82206366,-0.153648,SN Ia,0.9100,0.616544
SIM05108,12.594108,1.60154077,1.12628127,-0.382228,SN II,0.5800,0.041936
SIM05109,2.292961,0.12470615,0.13562901,0.091162,kilonova,0.7200,0.773754
SIM05110,25.369928,1.28458509,1.23220636,-0.045199,SN II,0.5800,0.565199
SIM05111,37.115952,4.05695175,5.17574869,0.264433,AGN flare,0.6700,0.307043
SIM05112,26.677720,4.98012665,6.01478964,0.204950,SN II,0.5800,0.703588
SIM05113,12.121279,2.81572085,3.61981862,0.272743,SN Ia,0.9100,0.278234
SIM05114,18.323162,2.91604600,3.10983426,0.069857,SN Ia,0.9100,0.635645
SIM05115,39.139860,2.82640178,2.94498318,0.044622,SN II,0.5800,0.311179
SIM05116,23.427669,1.71234082,1.88924365,0.106744,SN Ia,0.9100,0.352438
SIM05117,9.776300,1.86714201,2.20397420,0.180073,SN II,0.5800,0.835082
SIM05118,8.741623,0.54707133,0.40975578,-0.313797,SN II,0.5800,0.665444
SIM05119,7.232376,0.92759784,0.93603912,0.009836,SN II,0.5800,0.857086
SIM05120,14.937508,3.71057275,4.31882957,0.164813,SN Ia,0.9100,0.814084
SIM05121,23.361395,3.23014281,2.65092214,-0.214562,SN II,0.5800,0.727093
SIM05122,5.758293,0.99687556,0.90291157,-0.107489,SN II,0.5800,0.336645
SIM05123,31.219560,5.09880810,5.16582277,0.014177,AGN flare,0.6700,0.512602
SIM05124,5.770248,0.72889558,0.88115192,0.205964,SN II,0.5800,0.830836
SIM05125,6.563531,0.51112806,0.42123842,-0.210004,SN II,0.5800,0.551901
SIM05126,23.554057,1.17237803,1.29256836,0.105965,SN Ia,0.9100,0.109351
SIM05127,33.948968,2.73309770,3.16076517,0.157843,SN II,0.5800,0.593131
SIM05128,27.331727,1.74880238,2.37784781,0.333608,SN II,0.5800,0.769188
SIM05129,5.594307,0.22706678,0.22814750,0.005155,SN II,0.5800,0.123655
SIM05130,40.376986,3.11416531,3.03185671,-0.029082,SN II,0.5800,0.169680
SIM05131,11.570623,1.45864493,1.57374516,0.082462,SN II,0.5800,0.072509
SIM05132,40.447371,1.12456342,1.37670454,0.219642,SN II,0.5800,0.747487
SIM05133,36.041863,2.65191547,2.16924309,-0.218129,SN II,0.5800,0.628881
SIM05134,44.491373,3.39064962,3.91053026,0.154882,SN II,0.5800,0.520829
SIM05135,29.538127,5.50058864,6.75418747,0.222910,SN II,0.5800,0.388985
SIM05136,34.112365,2.88889662,3.41443820,0.181468,SN II,0.5800,0.570233
SIM05137,8.629181,1.00590844,1.06912157,0.066172,SN II,0.5800,0.819177
SIM05138,31.788078,2.98233332,3.89264808,0.289222,SN II,0.5800,0.861377
SIM05139,1.338821,0.03386710,0.03036187,-0.118624,kilonova,0.7200,0.934281
SIM05140,3.679770,0.40550377,0.45733985,0.130610,SN II,0.5800,0.505572
SIM05141,24.701697,2.14817151,2.60037936,0.207419,SN Ia,0.9100,0.403140
SIM05142,27.566270,2.43700924,3.36547477,0.350473,SN II,0.5800,0.275114
SIM05143,33.911228,4.68447114,3.92672910,-0.191574,AGN flare,0.6700,0.829478
SIM05144,21.742739,3.95513411,2.87368837,-0.346804,SN II,0.5800,0.513286
SIM05145,32.792468,1.80964687,1.94147187,0.076343,SN II,0.5800,0.199342
SIM05146,35.344120,2.27724377,2.48737084,0.095828,SN II,0.5800,0.163401
SIM05147,36.163697,0.78397095,0.97422372,0.235897,SN II,0.5800,0.653918
SIM05148,32.442512,6.11934687,7.68532936,0.247394,AGN flare,0.6700,0.205360
SIM05149,42.492644,3.38472660,4.24987586,0.247132,AGN flare,0.6700,0.246236
SIM05150,36.936639,2.33018605,3.06098037,0.296175,SN II,0.5800,0.725500
SIM05151,21.132995,3.81337291,5.06742689,0.308696,SN Ia,0.9100,0.039931
SIM05152,4.462596,0.32798456,0.34650211,0.059631,SN II,0.5800,0.316915
SIM05153,30.557825,5.10069549,6.34927426,0.237737,AGN flare,0.6700,0.404432
SIM05154,21.557625,4.20619250,3.94772767,-0.068855,SN Ia,0.9100,0.044567
SIM05155,35.030823,7.41706364,7.04526183,-0.055837,AGN flare,0.6700,0.174282
SIM05156,4.295300,0.18639223,0.17173606,-0.088916,SN II,0.5800,0.430593
SIM05157,31.548381,2.70291971,2.20241966,-0.222333,SN II,0.5800,0.839405
SIM05158,2.111408,0.06512625,0.08730683,0.318230,SN II,0.5800,0.379153
SIM05159,29.938458,4.64436444,4.95104300,0.069426,SN II,0.5800,0.948590
SIM05160,25.339815,2.68484537,2.05391784,-0.290841,SN II,0.5800,0.047727
SIM05161,17.205484,3.26932860,2.48973386,-0.295764,SN II,0.5800,0.620466
SIM05162,31.862064,4.61236788,4.31484217,-0.072398,AGN flare,0.6700,0.068877
SIM05163,6.145263,0.26659776,0.30698161,0.153140,SN II,0.5800,0.538976
SIM05164,30.647211,1.71961904,1.91100256,0.114573,SN II,0.5800,0.826546
SIM05165,17.407865,2.14638931,1.66710232,-0.274366,SN II,0.5800,0.655798
SIM05166,18.377701,3.48989651,2.96356189,-0.177496,SN Ia,0.9100,0.815025
SIM05167,41.320176,7.15584128,8.94635595,0.242464,AGN flare,0.6700,0.079410
SIM05168,15.174570,0.79093622,0.81165205,0.028071,SN Ia,0.9100,0.408744
SIM05169,40.642251,6.24636233,6.65119123,0.068181,AGN flare,0.6700,0.870021
SIM05170,4.361305,0.16967152,0.18197721,0.076020,SN II,0.5800,0.858769
SIM05171,30.800924,3.05006220,3.72519083,0.217100,SN II,0.5800,0.944603
SIM05172,24.264605,1.91483019,1.73686538,-0.105910,SN Ia,0.9100,0.834239
SIM05173,15.792488,2.03389477,1.53011454,-0.309011,SN II,0.5800,0.916552
SIM05174,30.313341,3.36008947,4.59322586,0.339417,AGN flare,0.6700,0.469223
SIM05175,18.469728,1.45495024,1.68085294,0.156704,SN Ia,0.9100,0.644311
SIM05176,6.647016,0.50058991,0.36013240,-0.357550,SN II,0.5800,0.029333
SIM05177,24.067473,2.02934368,1.73745272,-0.168607,SN Ia,0.9100,0.799955
SIM05178,15.178086,1.44312759,1.74671436,0.207293,SN Ia,0.9100,0.597781
SIM05179,39.573666,3.76665245,3.21943331,-0.170440,SN II,0.5800,0.844096
SIM05180,37.384977,2.80626280,2.13170686,-0.298502,SN II,0.5800,0.328878
SIM05181,20.898551,3.10664086,3.65310069,0.175926,SN Ia,0.9100,0.434202
SIM05182,4.840080,0.33709952,0.26242878,-0.271867,SN II,0.5800,0.138156
SIM05183,2.872403,0.05397552,0.06567739,0.213047,SN II,0.5800,0.210493
SIM05184,14.123115,1.52725327,1.90707400,0.241141,SN Ia,0.9100,0.979515
SIM05185,37.370372,1.49058010,1.91814627,0.273816,SN II,0.5800,0.075255
SIM05186,17.276450,3.81715016,4.25310712,0.117418,SN Ia,0.9100,0.493677
SIM05187,14.848084,3.20421090,4.06848004,0.259278,SN Ia,0.9100,0.443476
SIM05188,34.631623,1.71301020,1.92476937,0.126547,SN II,0.5800,0.050888
SIM05189,7.525233,0.92250848,1.25665782,0.335617,SN II,0.5800,0.962797
SIM05190,15.638225,4.77293375,6.04566812,0.256647,SN Ia,0.9100,0.292631
SIM05191,21.205014,4.42048763,5.92372977,0.317813,SN Ia,0.9100,0.452556
SIM05192,32.817472,2.25279975,2.05294040,-0.100866,SN II,0.5800,0.718658
SIM05193,1.669817,0.03418123,0.03554375,0.042439,kilonova,0.7200,0.520147
SIM05194,44.496935,3.77945266,2.80117925,-0.325220,SN II,0.5800,0.204815
SIM05195,36.830380,4.31652435,5.25524304,0.213647,AGN flare,0.6700,0.206272
SIM05196,21.963483,2.28810478,2.36104203,0.034070,SN Ia,0.9100,0.123472
SIM05197,26.116959,4.02518588,5.03255241,0.242506,SN II,0.5800,0.848680
SIM05198,29.220337,2.64843764,2.48697470,-0.068296,SN II,0.5800,0.926746
SIM05199,3.895226,0.10136727,0.08413863,-0.202256,SN II,0.5800,0.653212
SIM05200,43.438372,4.07572888,4.32702595,0.064961,AGN flare,0.6700,0.384182
SIM05201,23.096414,3.07385164,2.60156228,-0.181122,SN Ia,0.9100,0.193750
SIM05202,2.215212,0.09072613,0.07519276,-0.203891,kilonova,0.7200,0.575950
SIM05203,21.667085,0.93790928,1.16134191,0.231998,SN Ia,0.9100,0.919788
SIM05204,13.916443,1.89772815,2.03136915,0.073887,SN Ia,0.9100,0.323055
SIM05205,24.023310,1.30056314,1.06222440,-0.219788,SN II,0.5800,0.517420
SIM05206,28.119881,2.79863921,3.20951846,0.148732,SN II,0.5800,0.430936
SIM05207,41.897967,1.48919938,1.49396107,0.003466,SN II,0.5800,0.308550
SIM05208,37.339592,6.54911529,6.78134892,0.037834,AGN flare,0.6700,0.764608
SIM05209,29.603764,0.84759951,1.12503413,0.307437,SN II,0.5800,0.942488
SIM05210,17.714842,0.76686883,0.98010421,0.266378,SN Ia,0.9100,0.367389
SIM05211,33.193304,3.12408967,2.37356951,-0.298304,SN II,0.5800,0.185003
SIM05212,12.535610,1.10271291,1.30416438,0.182175,SN Ia,0.9100,0.514778
SIM05213,12.656906,1.03622044,1.30739154,0.252384,SN Ia,0.9100,0.424831
SIM05214,34.274940,0.59108817,0.80872132,0.340367,SN II,0.5800,0.476379
SIM05215,22.840620,2.03302975,1.92491410,-0.059331,SN Ia,0.9100,0.933516
SIM05216,5.653996,0.50036290,0.66915087,0.315597,SN II,0.5800,0.881507
SIM05217,3.681333,0.34885244,0.45747100,0.294305,SN II,0.5800,0.720307
SIM05218,8.919016,0.54304476,0.38986299,-0.359809,SN II,0.5800,0.576770
SIM05219,28.816425,2.36839791,3.05423891,0.276121,SN II,0.5800,0.496899
SIM05220,33.656581,2.44745213,2.95780616,0.205639,SN II,0.5800,0.334609
SIM05221,2.629797,0.09007769,0.06770798,-0.309943,kilonova,0.7200,0.993342
SIM05222,23.705662,1.66195781,2.05181927,0.228798,SN Ia,0.9100,0.567137
SIM05223,18.729144,1.93771774,1.67360049,-0.159097,SN Ia,0.9100,0.879117
SIM05224,8.769127,1.94962616,2.71572210,0.359835,SN II,0.5800,0.811691
SIM05225,27.967558,2.94745931,3.67217350,0.238688,SN II,0.5800,0.946377
SIM05226,33.717697,2.24656134,2.71249482,0.204627,SN II,0.5800,0.562470
SIM05227,3.212619,0.04520297,0.03247066,-0.359190,SN II,0.5800,0.449858
SIM05228,2.217880,0.04040340,0.05515284,0.337875,SN II,0.5800,0.771032
SIM05229,19.358866,1.86827464,2.57079290,0.346566,SN Ia,0.9100,0.585993
SIM05230,12.759817,0.60870882,0.53258132,-0.145059,SN Ia,0.9100,0.641943
SIM05231,16.691738,1.56434956,1.83714869,0.174526,SN Ia,0.9100,0.929042
SIM05232,34.940495,2.83389107,2.15965768,-0.294996,SN II,0.5800,0.034085
SIM05233,32.195290,2.08940841,2.83908117,0.332886,SN II,0.5800,0.770500
SIM05234,10.676428,0.95884042,1.02044785,0.067611,SN II,0.5800,0.470239
SIM05235,20.017786,1.72299291,1.69590140,-0.017207,SN Ia,0.9100,0.905027
SIM05236,2.490180,0.09459492,0.10001694,0.060514,kilonova,0.7200,0.117825
SIM05237,39.535989,1.94703651,2.07030969,0.066653,SN II,0.5800,0.527405
SIM05238,12.052581,1.01573510,1.10773962,0.094143,SN Ia,0.9100,0.899710
SIM05239,30.807508,2.06895186,2.40981356,0.165583,SN II,0.5800,0.396953
SIM05240,42.948901,4.22071327,3.68914614,-0.146150,AGN flare,0.6700,0.136132
SIM05241,33.885866,6.12703050,4.33375150,-0.375965,AGN flare,0.6700,0.652194
SIM05242,21.075590,1.14209800,1.53909948,0.323908,SN Ia,0.9100,0.215534
SIM05243,40.443019,4.62990183,4.49603553,-0.031855,AGN flare,0.6700,0.869976
SIM05244,20.875056,2.18597505,2.49603408,0.144013,SN Ia,0.9100,0.436307
SIM05245,11.826151,1.06777151,1.32435084,0.233812,SN II,0.5800,0.146274
SIM05246,33.598693,3.70051816,4.84499527,0.292577,AGN flare,0.6700,0.405837
SIM05247,26.687090,5.36362496,7.40792989,0.350596,SN II,0.5800,0.963936
SIM05248,40.099548,4.22724836,3.27664634,-0.276570,AGN flare,0.6700,0.373925
SIM05249,10.052504,0.74809927,0.72022152,-0.041233,SN II,0.5800,0.079510
SIM05250,16.574182,3.14722964,4.04884855,0.273508,SN Ia,0.9100,0.615224
SIM05251,18.216456,4.53009519,4.69468878,0.038749,SN Ia,0.9100,0.410684
SIM05252,41.976110,4.17105034,3.99660123,-0.046387,AGN flare,0.6700,0.163368
SIM05253,31.834727,4.23121375,5.34095243,0.252884,AGN flare,0.6700,0.942528
SIM05254,10.871186,1.06713796,1.45715952,0.338216,SN II,0.5800,0.458456
SIM05255,6.129797,0.27020739,0.37700004,0.361610,SN II,0.5800,0.476181
SIM05256,4.923967,0.29364252,0.33024188,0.127533,SN II,0.5800,0.213629
SIM05257,15.429268,3.44744263,2.80830843,-0.222631,SN II,0.5800,0.834884
SIM05258,13.570162,1.41757810,1.81387839,0.267653,SN Ia,0.9100,0.289952
SIM05259,24.038685,3.06322872,3.63478466,0.185748,SN Ia,0.9100,0.865320
SIM05260,20.733369,3.11438297,2.98796188,-0.044992,SN Ia,0.9100,0.176751
SIM05261,14.962852,1.67858116,1.57178422,-0.071374,SN Ia,0.9100,0.111781
SIM05262,18.929368,1.61358270,1.12979935,-0.386975,SN II,0.5800,0.097574
SIM05263,33.507504,5.49861368,4.23312287,-0.283981,AGN flare,0.6700,0.969380
SIM05264,35.616141,2.55468582,2.41087338,-0.062908,SN II,0.5800,0.937582
SIM05265,26.742342,1.30429794,1.23555883,-0.058783,SN II,0.5800,0.494496
SIM05266,23.687559,3.35041971,4.19945035,0.245233,SN Ia,0.9100,0.693955
SIM05267,27.861673,5.86929712,7.39537984,0.250936,SN II,0.5800,0.612191
SIM05268,3.803216,0.05034039,0.03636841,-0.352981,SN II,0.5800,0.179618
SIM05269,18.284596,2.44422820,2.62241710,0.076400,SN Ia,0.9100,0.681962
SIM05270,17.305883,4.60674273,3.73615682,-0.227422,SN II,0.5800,0.704969
SIM05271,20.334218,3.73105389,3.09162433,-0.204112,SN II,0.5800,0.620745
SIM05272,17.928653,2.32063277,2.78770383,0.199101,SN Ia,0.9100,0.669719
SIM05273,37.574081,2.02332913,2.49810242,0.228859,SN II,0.5800,0.518995
SIM05274,2.855614,0.08720442,0.06742160,-0.279349,kilonova,0.7200,0.441701
SIM05275,39.954301,5.42423911,5.86847255,0.085466,AGN flare,0.6700,0.425824
SIM05276,6.950862,0.76638461,0.84700995,0.108604,SN II,0.5800,0.247469
SIM05277,12.080269,1.15290085,1.16511721,0.011444,SN Ia,0.9100,0.649641
SIM05278,28.194362,2.13042925,2.87211509,0.324337,SN II,0.5800,0.946901
SIM05279,35.230542,7.52715922,5.55507709,-0.329853,AGN flare,0.6700,0.229827
SIM05280,16.832898,1.30325252,1.53339255,0.176562,SN Ia,0.9100,0.597413
SIM05281,39.055772,4.13278724,5.07578861,0.223151,AGN flare,0.6700,0.770920
SIM05282,42.947460,1.57857334,1.32743197,-0.188131,SN II,0.5800,0.815704
SIM05283,36.893887,1.97411994,1.58597689,-0.237692,SN II,0.5800,0.172658
SIM05284,44.326415,6.29735826,7.56200851,0.198697,AGN flare,0.6700,0.590257
SIM05285,34.121364,4.74881915,5.63314830,0.185414,AGN flare,0.6700,0.392661
SIM05286,11.767729,1.60404866,1.43192047,-0.123247,SN II,0.5800,0.141416
SIM05287,40.367698,3.91862635,2.75710261,-0.381702,SN II,0.5800,0.083886
SIM05288,29.477727,5.05427415,6.15332111,0.213627,SN II,0.5800,0.618484
SIM05289,30.613474,5.09871726,5.96031264,0.169520,AGN flare,0.6700,0.439601
SIM05290,11.435884,0.50456216,0.69413133,0.346317,SN II,0.5800,0.780597
SIM05291,21.903425,6.48666340,4.54186892,-0.386967,SN II,0.5800,0.719866
SIM05292,18.520530,1.36499260,1.18332452,-0.155066,SN Ia,0.9100,0.717692
SIM05293,35.946777,1.46273595,1.50589588,0.031573,SN II,0.5800,0.226686
SIM05294,1.425545,0.03768322,0.04913979,0.288213,SN II,0.5800,0.123718
SIM05295,29.795696,1.98906163,1.95292455,-0.019907,SN II,0.5800,0.276632
SIM05296,10.501637,1.18181668,0.83728916,-0.374187,SN II,0.5800,0.243453
SIM05297,5.566535,0.83117883,0.76389285,-0.091655,SN II,0.5800,0.400612
SIM05298,19.533845,1.31255785,1.12735825,-0.165141,SN Ia,0.9100,0.883617
SIM05299,9.501752,2.04468777,2.71271793,0.306944,SN II,0.5800,0.565953
SIM05300,13.654771,1.51750145,1.12979690,-0.320322,SN II,0.5800,0.780559
SIM05301,16.503223,4.43814976,4.86421731,0.099528,SN Ia,0.9100,0.251309
SIM05302,42.067866,2.22662540,2.51384485,0.131728,SN II,0.5800,0.005994
SIM05303,33.313856,2.61881718,3.16395718,0.205314,SN II,0.5800,0.314581
SIM05304,14.376578,0.67712855,0.75580362,0.119345,SN Ia,0.9100,0.233886
SIM05305,30.130065,1.76290556,1.77988389,0.010407,SN II,0.5800,0.615689
SIM05306,30.399822,1.37496922,1.63684020,0.189283,SN II,0.5800,0.218260
SIM05307,18.596949,4.41769171,4.63361834,0.051812,SN Ia,0.9100,0.820879
SIM05308,32.213903,4.25333713,3.34413566,-0.261115,AGN flare,0.6700,0.502598
SIM05309,14.484409,1.16852062,0.88988579,-0.295755,SN II,0.5800,0.623312
SIM05310,10.091635,0.77219468,0.54635479,-0.375630,SN II,0.5800,0.750287
SIM05311,33.866684,4.65010566,3.34965180,-0.356158,AGN flare,0.6700,0.711931
SIM05312,16.898195,3.16391720,2.93523917,-0.081454,SN Ia,0.9100,0.090887
SIM05313,25.401770,2.29228708,2.56726256,0.123003,SN II,0.5800,0.787288
SIM05314,20.857107,1.47570440,1.51329031,0.027307,SN Ia,0.9100,0.214167
SIM05315,42.534091,5.47377589,4.05600785,-0.325471,AGN flare,0.6700,0.463251
SIM05316,37.458519,2.44557822,2.77623219,0.137686,SN II,0.5800,0.073559
SIM05317,40.091960,2.97033668,3.27952151,0.107512,SN II,0.5800,0.618951
SIM05318,11.224286,1.60536120,2.14461581,0.314442,SN II,0.5800,0.845494
SIM05319,32.761059,3.41504225,2.53742362,-0.322508,SN II,0.5800,0.908136
SIM05320,9.027086,0.67112106,0.62971362,-0.069144,SN II,0.5800,0.537961
SIM05321,17.600890,1.24109577,1.14074642,-0.091540,SN Ia,0.9100,0.541501
SIM05322,18.592538,2.10581416,2.22748381,0.060986,SN Ia,0.9100,0.258393
SIM05323,35.439851,3.39117734,3.34148153,-0.016029,SN II,0.5800,0.484544
SIM05324,40.732185,2.38055601,1.73877152,-0.341090,SN II,0.5800,0.122505
SIM05325,6.050029,0.53030008,0.68485858,0.277698,SN II,0.5800,0.511652
SIM05326,7.027399,0.17129313,0.16432622,-0.045083,SN II,0.5800,0.589391
SIM05327,20.395120,2.23228451,1.65799667,-0.322915,SN II,0.5800,0.534090
SIM05328,15.260604,1.83846843,2.28789587,0.237450,SN Ia,0.9100,0.441779
SIM05329,4.327663,0.25055566,0.20795516,-0.202336,SN II,0.5800,0.636072
SIM05330,13.337532,2.61029473,3.56602475,0.338737,SN Ia,0.9100,0.169555
SIM05331,14.436475,1.22396257,1.17248503,-0.046652,SN Ia,0.9100,0.295719
SIM05332,35.435978,3.49904884,4.46440273,0.264533,AGN flare,0.6700,0.339205
SIM05333,10.684358,2.11349808,1.60745334,-0.297159,SN II,0.5800,0.865329
SIM05334,23.154617,1.98000633,2.74991533,0.356632,SN Ia,0.9100,0.224035
SIM05335,10.792923,1.03464489,1.20431130,0.164869,SN II,0.5800,0.010290
SIM05336,23.171391,1.60768454,1.67918204,0.047242,SN Ia,0.9100,0.209711
SIM05337,10.152661,1.06043385,1.11687790,0.056305,SN II,0.5800,0.040456
SIM05338,8.308068,0.60853679,0.51204657,-0.187443,SN II,0.5800,0.000212
SIM05339,44.296630,4.48425775,3.16502684,-0.378283,AGN flare,0.6700,0.115514
SIM05340,27.252889,5.10065142,7.02931889,0.348219,SN II,0.5800,0.022523
SIM05341,21.821662,1.44415770,1.98608017,0.345955,SN Ia,0.9100,0.357046
SIM05342,14.027821,2.23469518,2.89548737,0.281258,SN Ia,0.9100,0.065199
SIM05343,8.920172,0.53000769,0.64896713,0.219851,SN II,0.5800,0.364601
SIM05344,14.318702,1.17418252,1.61748660,0.347763,SN Ia,0.9100,0.720564
SIM05345,21.483843,1.33268434,1.13735911,-0.172074,SN Ia,0.9100,0.801883
SIM05346,36.537802,0.55129344,0.71440552,0.281405,SN II,0.5800,0.534896
SIM05347,8.893345,0.68310737,0.77907577,0.142727,SN II,0.5800,0.327049
SIM05348,8.323437,0.63016835,0.48833341,-0.276850,SN II,0.5800,0.421289
SIM05349,34.216665,5.31108720,3.75940772,-0.375160,AGN flare,0.6700,0.341615
SIM05350,18.730729,1.51461747,1.68574264,0.116221,SN Ia,0.9100,0.976039
SIM05351,43.530431,2.66176678,2.24139971,-0.186627,SN II,0.5800,0.470759
SIM05352,33.295048,2.37445927,2.82532290,0.188758,SN II,0.5800,0.768086
SIM05353,1.047443,0.02441316,0.03102448,0.260202,SN II,0.5800,0.743278
SIM05354,34.581701,1.00023475,1.05903286,0.062019,SN II,0.5800,0.227411
SIM05355,1.179239,0.02826905,0.02405279,-0.175364,kilonova,0.7200,0.952790
SIM05356,6.517074,1.07225573,0.98073268,-0.096869,SN II,0.5800,0.536089
SIM05357,24.122189,3.54081460,4.24185536,0.196132,SN Ia,0.9100,0.765730
SIM05358,15.930308,1.55463086,1.45057788,-0.075216,SN Ia,0.9100,0.616189
SIM05359,22.208251,2.02295843,2.56287390,0.256851,SN Ia,0.9100,0.614228
SIM05360,9.411405,1.75193103,2.25522251,0.274181,SN II,0.5800,0.520736
SIM05361,22.869331,3.52399405,3.27215885,-0.080502,SN Ia,0.9100,0.169168
SIM05362,21.536418,0.99245474,1.25214790,0.252362,SN Ia,0.9100,0.022323
SIM05363,37.431875,5.92691115,6.99709087,0.180223,AGN flare,0.6700,0.572314
SIM05364,9.044565,0.79242834,1.01273946,0.266344,SN II,0.5800,0.207393
SIM05365,43.369240,5.07169833,6.26237958,0.228965,AGN flare,0.6700,0.331251
SIM05366,18.602572,1.10584558,1.21693974,0.103936,SN Ia,0.9100,0.372131
SIM05367,37.136236,1.35545285,0.98691931,-0.344507,SN II,0.5800,0.490848
SIM05368,44.052633,5.45904379,6.75433498,0.231165,AGN flare,0.6700,0.026038
SIM05369,35.137129,2.46951565,1.78581417,-0.351939,SN II,0.5800,0.684662
SIM05370,4.027644,0.09620771,0.10991852,0.144652,SN II,0.5800,0.036999
SIM05371,43.020984,1.94098022,1.37194246,-0.376713,SN II,0.5800,0.955082
SIM05372,37.397544,4.31197021,5.45961750,0.256216,AGN flare,0.6700,0.738776
SIM05373,37.263548,1.21822599,1.25526992,0.032523,SN II,0.5800,0.591733
SIM05374,40.979642,2.24612793,1.61542394,-0.357870,SN II,0.5800,0.172097
SIM05375,42.663726,1.52428981,2.06433447,0.329281,SN II,0.5800,0.488279
SIM05376,39.134103,3.31384128,3.20123587,-0.037535,SN II,0.5800,0.057390
SIM05377,10.257014,0.69523930,0.80101648,0.153768,SN II,0.5800,0.000314
SIM05378,19.790318,1.38440661,1.27753197,-0.087230,SN Ia,0.9100,0.598490
SIM05379,7.944696,1.38202887,1.68895223,0.217751,SN II,0.5800,0.835666
SIM05380,20.167032,1.40251299,1.56833499,0.121330,SN Ia,0.9100,0.752732
SIM05381,25.665228,2.13032242,1.76315565,-0.205387,SN II,0.5800,0.102005
SIM05382,16.181804,1.36461903,1.37878866,0.011216,SN Ia,0.9100,0.601539
SIM05383,5.030099,0.28143070,0.34875189,0.232863,SN II,0.5800,0.134428
SIM05384,44.320647,1.87612677,2.46183969,0.294994,SN II,0.5800,0.390291
SIM05385,11.463689,2.26425360,1.97745663,-0.147045,SN II,0.5800,0.598428
SIM05386,24.497642,0.71161881,0.65114726,-0.096421,SN Ia,0.9100,0.756937
SIM05387,31.846636,1.99495456,2.52033373,0.253813,SN II,0.5800,0.169617
SIM05388,23.383975,3.74534902,3.18159608,-0.177118,SN Ia,0.9100,0.690460
SIM05389,25.744642,3.31384227,2.81780468,-0.176052,SN II,0.5800,0.133480
SIM05390,30.274912,3.16955775,3.73110547,0.177097,SN II,0.5800,0.160262
SIM05391,29.105590,2.19571769,2.85878015,0.286511,SN II,0.5800,0.167858
SIM05392,26.882311,2.36456163,2.34813381,-0.007569,SN II,0.5800,0.186972
SIM05393,15.947920,3.79364127,3.42314218,-0.111578,SN Ia,0.9100,0.679827
SIM05394,17.836660,2.96997157,2.51316792,-0.181327,SN Ia,0.9100,0.154896
SIM05395,1.512827,0.03525991,0.04128195,0.171198,SN II,0.5800,0.871195
SIM05396,18.121437,2.29115946,2.66879421,0.165649,SN Ia,0.9100,0.601510
SIM05397,24.317966,2.23485427,2.17671841,-0.028617,SN Ia,0.9100,0.717711
SIM05398,31.116165,1.52233153,1.09820306,-0.354566,SN II,0.5800,0.495030
SIM05399,2.587777,0.16196970,0.20964924,0.280149,SN II,0.5800,0.086391
SIM05400,19.177345,1.36982068,1.51698058,0.110791,SN Ia,0.9100,0.829330
SIM05401,43.847458,3.48267891,4.46550001,0.269892,AGN flare,0.6700,0.914933
SIM05402,11.943644,0.94934732,1.05397845,0.113517,SN II,0.5800,0.912683
SIM05403,12.219457,1.41939187,1.33766011,-0.064391,SN Ia,0.9100,0.660789
SIM05404,5.845305,0.10766154,0.09007216,-0.193675,SN II,0.5800,0.541580
SIM05405,11.431674,1.69417570,2.04337135,0.203472,SN II,0.5800,0.921099
SIM05406,41.437127,1.47997637,1.62945175,0.104467,SN II,0.5800,0.798382
SIM05407,8.658104,0.37821416,0.48303496,0.265602,SN II,0.5800,0.300046
SIM05408,20.647532,1.64284985,1.65045959,0.005018,SN Ia,0.9100,0.334733
SIM05409,39.957702,1.88779798,2.04942706,0.089192,SN II,0.5800,0.238787
SIM05410,38.117160,4.07190317,5.62398271,0.350616,AGN flare,0.6700,0.570562
SIM05411,31.664685,1.98686144,1.44478440,-0.345911,SN II,0.5800,0.659908
SIM05412,21.039734,2.62644563,3.39041520,0.277211,SN Ia,0.9100,0.185836
SIM05413,38.257886,2.76449695,2.69331076,-0.028324,SN II,0.5800,0.785218
SIM05414,24.900539,1.95101162,1.99770286,0.025678,SN Ia,0.9100,0.586870
SIM05415,18.302114,2.29356619,2.38257149,0.041337,SN Ia,0.9100,0.707082
SIM05416,13.540395,1.05820847,0.79438080,-0.311356,SN II,0.5800,0.783293
SIM05417,17.054239,1.85743128,1.62585491,-0.144577,SN Ia,0.9100,0.133940
SIM05418,28.869023,4.75888228,3.69862420,-0.273662,SN II,0.5800,0.738244
SIM05419,16.373432,4.08452787,2.86575973,-0.384755,SN II,0.5800,0.355949
SIM05420,36.671200,3.22447791,4.19105932,0.284661,AGN flare,0.6700,0.326036
SIM05421,25.330936,2.24547509,2.38020978,0.063267,SN II,0.5800,0.225923
SIM05422,14.021429,2.59628894,3.13894554,0.206077,SN Ia,0.9100,0.312213
SIM05423,22.869582,1.62955064,1.89344685,0.162963,SN Ia,0.9100,0.484689
SIM05424,32.785381,1.20698658,0.98589262,-0.219682,SN II,0.5800,0.306372
SIM05425,39.474332,3.06280765,2.81331162,-0.092255,SN II,0.5800,0.257124
SIM05426,39.514847,1.70296549,2.33583943,0.343093,SN II,0.5800,0.327567
SIM05427,35.681623,2.15033035,1.99927651,-0.079081,SN II,0.5800,0.178877
SIM05428,20.301107,1.66799727,2.10356467,0.251901,SN Ia,0.9100,0.897847
SIM05429,15.206576,0.97819890,0.78185369,-0.243254,SN II,0.5800,0.996913
SIM05430,12.298705,2.85723507,2.54491831,-0.125680,SN Ia,0.9100,0.822085
SIM05431,32.527604,3.04118237,3.28381522,0.083341,SN II,0.5800,0.957052
SIM05432,40.797215,1.07419618,0.77003624,-0.361431,SN II,0.5800,0.233057
SIM05433,18.890472,5.01314124,4.55677905,-0.103630,SN Ia,0.9100,0.610483
SIM05434,21.624938,3.00275572,3.42372110,0.142446,SN Ia,0.9100,0.647785
SIM05435,36.460666,6.00068843,4.70972546,-0.263014,AGN flare,0.6700,0.552426
SIM05436,11.084592,0.65791546,0.84416894,0.270648,SN II,0.5800,0.302086
SIM05437,27.512535,5.34709089,5.88610896,0.104277,SN II,0.5800,0.124953
SIM05438,13.902813,3.09673948,4.24479622,0.342380,SN Ia,0.9100,0.430418
SIM05439,28.447339,2.25173865,3.00945514,0.314925,SN II,0.5800,0.718107
SIM05440,3.882965,0.12708904,0.17614346,0.354396,SN II,0.5800,0.197461
SIM05441,15.018782,2.77566463,3.84192507,0.352955,SN Ia,0.9100,0.281036
SIM05442,32.062115,4.48506231,5.72256648,0.264556,AGN flare,0.6700,0.274592
SIM05443,5.881912,0.54865480,0.69465648,0.256177,SN II,0.5800,0.893306
SIM05444,37.051155,6.67493574,6.71395302,0.006328,AGN flare,0.6700,0.783519
SIM05445,32.897679,1.54016696,1.24230947,-0.233345,SN II,0.5800,0.830773
SIM05446,44.095588,2.31187117,1.63399564,-0.376782,SN II,0.5800,0.507125
SIM05447,15.621750,2.28391904,1.86420991,-0.220465,SN II,0.5800,0.286297
SIM05448,39.299053,3.74750619,3.30142905,-0.137601,SN II,0.5800,0.926120
SIM05449,3.718742,0.24468540,0.20990394,-0.166469,SN II,0.5800,0.837628
SIM05450,1.336633,0.03595452,0.02645263,-0.333211,kilonova,0.7200,0.876205
SIM05451,40.837044,3.74711803,4.47074886,0.191707,AGN flare,0.6700,0.425695
SIM05452,17.096748,0.88719218,1.00432321,0.134639,SN Ia,0.9100,0.569676
SIM05453,3.214189,0.13151645,0.18366870,0.362638,SN II,0.5800,0.763145
SIM05454,34.691194,7.13085336,9.18790292,0.275187,AGN flare,0.6700,0.983244
SIM05455,6.659377,0.92194840,1.01534686,0.104770,SN II,0.5800,0.366997
SIM05456,3.051672,0.24964591,0.24702362,-0.011465,SN II,0.5800,0.879284
SIM05457,19.760585,3.30914841,2.33029204,-0.380765,SN II,0.5800,0.085768
SIM05458,22.470148,3.23261526,4.29264939,0.307928,SN Ia,0.9100,0.034792
SIM05459,31.015884,3.58270896,3.69682828,0.034044,SN II,0.5800,0.607865
SIM05460,44.072810,3.43843079,4.08752757,0.187751,AGN flare,0.6700,0.041051
SIM05461,8.767694,0.53391906,0.47165513,-0.134627,SN II,0.5800,0.767575
SIM05462,32.446160,3.13490423,2.49473753,-0.247999,SN II,0.5800,0.903405
SIM05463,42.972472,1.35456777,1.46592862,0.085780,SN II,0.5800,0.560354
SIM05464,15.566919,3.80615563,4.53725901,0.190768,SN Ia,0.9100,0.724960
SIM05465,19.210012,0.71095044,0.52990741,-0.319098,SN II,0.5800,0.455587
SIM05466,42.708972,1.37199384,1.50587244,0.101090,SN II,0.5800,0.496414
SIM05467,25.544920,1.74069701,1.22491343,-0.381544,SN II,0.5800,0.687834
SIM05468,13.731516,1.73998190,2.09054400,0.199286,SN Ia,0.9100,0.579901
SIM05469,9.710078,0.70987191,0.77769993,0.099080,SN II,0.5800,0.617192
SIM05470,36.147778,4.52396740,3.87272358,-0.168757,AGN flare,0.6700,0.308664
SIM05471,42.327389,2.23014242,2.34276535,0.053490,SN II,0.5800,0.443495
SIM05472,23.461588,3.12025599,2.98102957,-0.049560,SN Ia,0.9100,0.250319
SIM05473,9.390337,1.09639469,1.13136529,0.034090,SN II,0.5800,0.101382
SIM05474,31.171632,2.55044159,2.65047965,0.041773,SN II,0.5800,0.682132
SIM05475,1.646747,0.03703499,0.03545144,-0.047446,kilonova,0.7200,0.923326
SIM05476,6.955428,0.75451436,0.62797998,-0.199304,SN II,0.5800,0.524036
SIM05477,32.318261,3.26325037,2.49270321,-0.292450,SN II,0.5800,0.503923
SIM05478,5.808064,0.32370170,0.26186430,-0.230172,SN II,0.5800,0.778088
SIM05479,40.886207,2.61263434,3.30405982,0.254923,SN II,0.5800,0.323905
SIM05480,12.573881,0.77516178,0.65111256,-0.189341,SN Ia,0.9100,0.071542
SIM05481,42.276277,3.00550163,2.82077239,-0.068872,SN II,0.5800,0.135870
SIM05482,28.542314,1.40029301,1.33032059,-0.055657,SN II,0.5800,0.763001
SIM05483,21.467736,1.91418641,2.43310268,0.260441,SN Ia,0.9100,0.718711
SIM05484,14.781619,2.27630530,1.97244483,-0.155564,SN Ia,0.9100,0.995392
SIM05485,7.026165,0.53180938,0.58779152,0.108668,SN II,0.5800,0.808635
SIM05486,6.097024,0.84076062,0.75546996,-0.116138,SN II,0.5800,0.190775
SIM05487,8.735737,0.72994242,0.76358808,0.048926,SN II,0.5800,0.753328
SIM05488,1.483332,0.01761356,0.01852815,0.054963,kilonova,0.7200,0.084296
SIM05489,37.217526,6.48942354,6.65994771,0.028162,AGN flare,0.6700,0.629120
SIM05490,15.916621,2.27924994,1.99255398,-0.145955,SN Ia,0.9100,0.788795
SIM05491,9.447897,0.69597509,0.58004145,-0.197837,SN II,0.5800,0.575027
SIM05492,4.647609,0.22068641,0.16864557,-0.292002,SN II,0.5800,0.790802
SIM05493,40.706450,3.11202701,4.11436900,0.303150,AGN flare,0.6700,0.726581
SIM05494,3.783267,0.24181205,0.29326860,0.209469,SN II,0.5800,0.651461
SIM05495,34.344355,2.81940407,2.94074197,0.045749,SN II,0.5800,0.401931
SIM05496,44.368137,3.28856425,3.43662503,0.047815,SN II,0.5800,0.499221
SIM05497,25.159878,3.30577002,4.17527237,0.253530,SN II,0.5800,0.618880
SIM05498,10.047454,1.85186991,1.30585376,-0.379290,SN II,0.5800,0.535042
SIM05499,15.428828,1.04617184,1.40076846,0.316908,SN Ia,0.9100,0.887468
SIM05500,20.990031,2.66192999,2.33389487,-0.142788,SN Ia,0.9100,0.648999
SIM05501,10.676921,1.35613505,1.27072318,-0.070630,SN II,0.5800,0.658059
SIM05502,38.711930,2.80662044,3.81999501,0.334698,SN II,0.5800,0.631181
SIM05503,24.229132,4.30261057,5.52059563,0.270635,SN Ia,0.9100,0.376688
SIM05504,39.924059,4.16302093,5.35114455,0.272595,AGN flare,0.6700,0.291970
SIM05505,9.002981,0.70019636,0.77187083,0.105812,SN II,0.5800,0.185919
SIM05506,23.934983,1.75304706,1.65639059,-0.061577,SN Ia,0.9100,0.256050
SIM05507,36.918381,2.99265878,3.43557927,0.149857,SN II,0.5800,0.071706
SIM05508,3.493883,0.20305147,0.19244354,-0.058257,SN II,0.5800,0.248727
SIM05509,26.554234,3.49600673,2.70652467,-0.277901,SN II,0.5800,0.623909
SIM05510,4.419080,0.08280311,0.06254614,-0.304615,SN II,0.5800,0.746125
SIM05511,9.393496,1.16960076,1.10226467,-0.064379,SN II,0.5800,0.720330
SIM05512,33.540037,1.87694780,1.50328306,-0.241029,SN II,0.5800,0.760636
SIM05513,8.434140,1.65980586,1.53818874,-0.082619,SN II,0.5800,0.806867
SIM05514,4.240723,0.32099055,0.23368893,-0.344635,SN II,0.5800,0.709262
SIM05515,14.589759,2.38822634,2.80640157,0.175186,SN Ia,0.9100,0.770133
SIM05516,33.703597,4.33597751,4.50606955,0.041777,AGN flare,0.6700,0.648455
SIM05517,11.339993,0.96295646,1.33421693,0.354049,SN II,0.5800,0.271727
SIM05518,11.943397,1.06311043,0.86151051,-0.228294,SN II,0.5800,0.224530
SIM05519,16.236961,0.58126932,0.65627914,0.131778,SN Ia,0.9100,0.285300
SIM05520,4.711835,0.26112744,0.27017246,0.036971,SN II,0.5800,0.581194
SIM05521,44.120552,2.14520369,2.15784363,0.006379,SN II,0.5800,0.618720
SIM05522,33.569648,1.10859801,1.05514078,-0.053659,SN II,0.5800,0.604840
SIM05523,3.549884,0.08820528,0.08922773,0.012513,SN II,0.5800,0.915841
SIM05524,3.504535,0.05238695,0.07200415,0.345336,SN II,0.5800,0.138154
SIM05525,13.504166,3.23537845,3.61428438,0.120243,SN Ia,0.9100,0.797556
SIM05526,3.179071,0.15071152,0.20783280,0.348919,SN II,0.5800,0.085781
SIM05527,33.816964,3.85106732,3.10604118,-0.233435,SN II,0.5800,0.647812
SIM05528,15.117497,4.33649585,4.28309250,-0.013454,SN Ia,0.9100,0.567922
SIM05529,8.996419,1.37660540,1.11339483,-0.230401,SN II,0.5800,0.392696
SIM05530,4.333001,0.07964260,0.11083894,0.358867,SN II,0.5800,0.282189
SIM05531,21.398359,0.68732748,0.54306938,-0.255771,SN II,0.5800,0.987191
SIM05532,15.956145,2.10330903,2.61259759,0.235424,SN Ia,0.9100,0.286569
SIM05533,43.725538,2.61154282,2.31473540,-0.130989,SN II,0.5800,0.114877
SIM05534,11.890505,2.73231905,3.06592989,0.125077,SN II,0.5800,0.925660
SIM05535,11.550091,1.82614584,1.62958506,-0.123646,SN II,0.5800,0.245617
SIM05536,14.007027,0.97459902,1.31327521,0.323824,SN Ia,0.9100,0.183602
SIM05537,41.830019,4.36410190,3.36132496,-0.283461,AGN flare,0.6700,0.502000
SIM05538,6.670568,0.72215336,0.77636097,0.078586,SN II,0.5800,0.269812
SIM05539,23.235531,5.59806078,7.57558141,0.328446,SN Ia,0.9100,0.683413
SIM05540,29.699982,2.09475665,2.25331103,0.079219,SN II,0.5800,0.084358
SIM05541,2.162838,0.07667116,0.07245444,-0.061418,kilonova,0.7200,0.781208
SIM05542,31.963920,2.46467318,2.73932222,0.114709,SN II,0.5800,0.442154
SIM05543,42.249454,2.77772297,3.77495528,0.333057,SN II,0.5800,0.123578
SIM05544,24.213485,2.62510730,3.65573288,0.359568,SN Ia,0.9100,0.680402
SIM05545,9.087874,2.17177572,1.64411317,-0.302208,SN II,0.5800,0.807656
SIM05546,22.419998,1.88230672,2.62384594,0.360620,SN Ia,0.9100,0.897022
SIM05547,23.657376,1.38313497,1.48042206,0.073802,SN Ia,0.9100,0.595728
SIM05548,30.487388,5.60023211,6.79823627,0.210476,AGN flare,0.6700,0.573630
SIM05549,41.586719,2.80892454,2.28297416,-0.225098,SN II,0.5800,0.927321
SIM05550,14.755350,1.64532480,1.88876787,0.149817,SN Ia,0.9100,0.547758
SIM05551,44.746394,1.73906838,1.66055815,-0.050156,SN II,0.5800,0.837451
SIM05552,4.816914,0.24226815,0.18522098,-0.291515,SN II,0.5800,0.230679
SIM05553,29.880436,3.02754640,3.05169883,0.008627,SN II,0.5800,0.645255
SIM05554,35.968528,1.32210143,1.71161698,0.280355,SN II,0.5800,0.114714
SIM05555,20.172005,2.38136352,3.09917043,0.286049,SN Ia,0.9100,0.290317
SIM05556,29.103812,1.55366759,1.24555142,-0.239991,SN II,0.5800,0.713128
SIM05557,9.783988,0.78036175,0.82033377,0.054237,SN II,0.5800,0.448221
SIM05558,38.800670,2.03693740,1.63523886,-0.238491,SN II,0.5800,0.185450
SIM05559,28.424538,2.15885507,1.60251774,-0.323552,SN II,0.5800,0.203386
SIM05560,27.938804,5.98181973,5.91092083,-0.012945,SN II,0.5800,0.894668
SIM05561,15.477077,1.40744110,1.49605466,0.066293,SN Ia,0.9100,0.947222
SIM05562,17.597465,2.11254964,1.63046683,-0.281237,SN II,0.5800,0.497530
SIM05563,18.891041,2.23344711,1.64606226,-0.331324,SN II,0.5800,0.912854
SIM05564,6.742418,0.93247067,0.99852026,0.074304,SN II,0.5800,0.170051
SIM05565,21.294543,1.37588080,1.68782491,0.221866,SN Ia,0.9100,0.607849
SIM05566,37.820937,4.68888951,5.83722916,0.237842,AGN flare,0.6700,0.335940
SIM05567,38.712337,2.22812243,1.90183828,-0.171914,SN II,0.5800,0.449087
SIM05568,2.026847,0.03848018,0.02884582,-0.312886,kilonova,0.7200,0.697048
SIM05569,25.818049,2.09985365,2.74236458,0.289840,SN II,0.5800,0.020655
SIM05570,5.255300,0.22385677,0.21957279,-0.020979,SN II,0.5800,0.917332
SIM05571,42.593027,1.38182338,1.29537292,-0.070144,SN II,0.5800,0.302025
SIM05572,5.257682,0.23303039,0.23007456,-0.013860,SN II,0.5800,0.109264
SIM05573,37.615449,1.45502762,1.75174070,0.201496,SN II,0.5800,0.217599
SIM05574,13.349010,1.09875181,1.13815464,0.038254,SN Ia,0.9100,0.147114
SIM05575,13.245565,1.80064027,1.39191989,-0.279532,SN II,0.5800,0.609654
SIM05576,30.139298,3.51690446,3.77369569,0.076516,SN II,0.5800,0.326637
SIM05577,40.383692,3.87106282,4.57749793,0.181995,AGN flare,0.6700,0.438434
SIM05578,7.907492,0.84011825,0.80447151,-0.047074,SN II,0.5800,0.145604
SIM05579,20.436968,5.49094890,6.79284238,0.231010,SN Ia,0.9100,0.178647
SIM05580,11.704260,1.28152388,1.19442556,-0.076419,SN II,0.5800,0.858025
SIM05581,44.072023,5.91526307,6.37013984,0.080437,AGN flare,0.6700,0.221098
SIM05582,17.104705,1.89220954,1.59167900,-0.187784,SN Ia,0.9100,0.892114
SIM05583,17.639945,3.79123686,4.45961105,0.176290,SN Ia,0.9100,0.700894
SIM05584,2.832629,0.16096291,0.11562726,-0.359164,kilonova,0.7200,0.444834
SIM05585,44.349163,2.96603972,2.96200521,-0.001478,SN II,0.5800,0.972753
SIM05586,34.875448,2.31161154,1.93551587,-0.192795,SN II,0.5800,0.278598
SIM05587,41.047425,3.35684983,4.42924524,0.300995,AGN flare,0.6700,0.659183
SIM05588,22.447837,6.28720004,7.30672150,0.163163,SN Ia,0.9100,0.705752
SIM05589,37.419027,1.22055224,1.50764370,0.229356,SN II,0.5800,0.468168
SIM05590,23.185487,3.04784399,3.75688661,0.227088,SN Ia,0.9100,0.063976
SIM05591,13.444136,1.48704646,1.85510182,0.240108,SN Ia,0.9100,0.789884
SIM05592,36.695235,1.21448582,1.12071543,-0.087243,SN II,0.5800,0.781421
SIM05593,5.109924,0.26788169,0.22540275,-0.187460,SN II,0.5800,0.340823
SIM05594,43.328861,1.53712164,1.25468095,-0.220437,SN II,0.5800,0.661701
SIM05595,2.068774,0.05185115,0.05968856,0.152832,SN II,0.5800,0.425232
SIM05596,33.046323,2.36035861,3.01693321,0.266469,SN II,0.5800,0.065121
SIM05597,41.067481,5.38950384,7.51635058,0.361146,AGN flare,0.6700,0.375518
SIM05598,5.556417,0.32324224,0.40577823,0.246902,SN II,0.5800,0.997377
SIM05599,7.762313,0.34230816,0.37287800,0.092874,SN II,0.5800,0.805834
SIM05600,19.627449,1.82024914,2.51850828,0.352531,SN Ia,0.9100,0.817887
SIM05601,31.395361,2.09226312,1.63943668,-0.264804,SN II,0.5800,0.548758
SIM05602,38.450860,3.90405116,3.53482162,-0.107870,SN II,0.5800,0.955537
SIM05603,32.000096,4.21585463,3.08214074,-0.340083,AGN flare,0.6700,0.751685
SIM05604,25.713899,2.59028558,2.71245545,0.050037,SN II,0.5800,0.186310
SIM05605,35.837835,1.23675828,1.04172864,-0.186326,SN II,0.5800,0.462932
SIM05606,12.007710,1.89533026,1.77224990,-0.072900,SN Ia,0.9100,0.020205
SIM05607,6.886100,0.37326353,0.29746951,-0.246433,SN II,0.5800,0.064712
SIM05608,27.269187,5.52331014,4.92101247,-0.125362,SN II,0.5800,0.353990
SIM05609,43.778698,4.50567214,3.29360239,-0.340221,AGN flare,0.6700,0.337945
SIM05610,2.061854,0.02554643,0.02027730,-0.250800,kilonova,0.7200,0.459400
SIM05611,30.797110,1.95806302,1.40696412,-0.358859,SN II,0.5800,0.224120
SIM05612,5.262900,0.45948378,0.60820553,0.304450,SN II,0.5800,0.554995
SIM05613,30.739006,7.38404309,9.61057117,0.286137,AGN flare,0.6700,0.620299
SIM05614,27.048224,5.77526289,4.89733737,-0.179029,SN II,0.5800,0.549635
SIM05615,42.919287,2.08966517,2.40331950,0.151837,SN II,0.5800,0.882425
SIM05616,17.372988,1.39937212,1.92122425,0.344112,SN Ia,0.9100,0.717563
SIM05617,9.911129,1.10318585,1.23489674,0.122455,SN II,0.5800,0.220974
SIM05618,23.383608,4.96940338,5.03950724,0.015210,SN Ia,0.9100,0.887990
SIM05619,6.784038,0.76622237,0.88120553,0.151806,SN II,0.5800,0.482880
SIM05620,33.435193,2.00264115,2.23435339,0.118872,SN II,0.5800,0.111277
SIM05621,22.941996,1.76806942,2.34173379,0.305096,SN Ia,0.9100,0.737455
SIM05622,3.550529,0.14959037,0.11890745,-0.249236,SN II,0.5800,0.889273
SIM05623,41.839223,2.45809599,2.24516243,-0.098378,SN II,0.5800,0.271651
SIM05624,36.614076,2.29061607,3.00833560,0.295935,SN II,0.5800,0.652386
SIM05625,30.733197,3.19345623,4.37584554,0.342003,AGN flare,0.6700,0.157009
SIM05626,17.357426,1.48346632,1.76471906,0.188495,SN Ia,0.9100,0.459966
SIM05627,35.736223,2.61601126,2.13648858,-0.219848,SN II,0.5800,0.863343
SIM05628,27.576675,0.78765924,0.57761983,-0.336741,SN II,0.5800,0.267344
SIM05629,32.775966,2.47019503,2.47973651,0.004186,SN II,0.5800,0.650168
SIM05630,32.557437,6.55654838,8.69481195,0.306462,AGN flare,0.6700,0.671803
SIM05631,43.375490,3.12152073,2.39134581,-0.289310,SN II,0.5800,0.799535
SIM05632,9.712759,0.96479261,0.72132115,-0.315763,SN II,0.5800,0.724100
SIM05633,15.770891,4.54638523,3.48014550,-0.290172,SN II,0.5800,0.027779
SIM05634,27.819119,6.71645770,6.36343454,-0.058622,SN II,0.5800,0.801525
SIM05635,5.579959,0.28790567,0.25976192,-0.111687,SN II,0.5800,0.335898
SIM05636,26.920547,2.52884870,2.05855642,-0.223400,SN II,0.5800,0.051375
SIM05637,12.265781,2.23685663,2.38503503,0.069642,SN Ia,0.9100,0.248642
SIM05638,19.467902,4.40886613,4.64178359,0.055895,SN Ia,0.9100,0.172273
SIM05639,23.326053,6.16542432,4.78866721,-0.274371,SN II,0.5800,0.368442
SIM05640,3.106226,0.08794796,0.11202509,0.262724,SN II,0.5800,0.629710
SIM05641,43.698728,1.72389342,1.48088983,-0.164969,SN II,0.5800,0.640138
SIM05642,15.227876,0.38393398,0.28347149,-0.329368,SN II,0.5800,0.505741
SIM05643,6.144072,0.35500203,0.30780937,-0.154872,SN II,0.5800,0.083345
SIM05644,37.970092,2.99287903,2.91535461,-0.028494,SN II,0.5800,0.698942
SIM05645,19.595805,4.61505223,3.44602845,-0.317144,SN II,0.5800,0.536396
SIM05646,37.401735,3.75556965,2.72348348,-0.348878,SN II,0.5800,0.360274
SIM05647,22.410874,1.09241544,1.32209270,0.207185,SN Ia,0.9100,0.040700
SIM05648,22.354613,2.50671600,2.81507550,0.125962,SN Ia,0.9100,0.613801
SIM05649,18.232020,2.00704993,1.54061539,-0.287160,SN II,0.5800,0.260715
SIM05650,38.328550,2.98562807,2.51575168,-0.185920,SN II,0.5800,0.220312
SIM05651,39.250089,2.31388540,3.10583461,0.319591,SN II,0.5800,0.826524
SIM05652,13.293523,0.61575249,0.49289465,-0.241630,SN II,0.5800,0.108960
SIM05653,39.091449,3.73251281,4.01899965,0.080292,AGN flare,0.6700,0.344325
SIM05654,2.854077,0.04187105,0.04343671,0.039858,kilonova,0.7200,0.704423
SIM05655,39.896561,4.40424424,4.75187516,0.082484,AGN flare,0.6700,0.611477
SIM05656,43.195780,2.45171218,2.42392493,-0.012376,SN II,0.5800,0.759668
SIM05657,15.573016,4.83241381,3.46104418,-0.362392,SN II,0.5800,0.879296
SIM05658,22.063580,1.43492257,1.29467044,-0.111673,SN Ia,0.9100,0.855355
SIM05659,18.697357,4.04162230,4.31393140,0.070794,SN Ia,0.9100,0.806341
SIM05660,40.882009,1.83365808,2.48320838,0.329237,SN II,0.5800,0.264540
SIM05661,24.797043,1.45622424,2.01930029,0.354932,SN Ia,0.9100,0.099213
SIM05662,39.845854,5.09921658,6.57364123,0.275756,AGN flare,0.6700,0.604976
SIM05663,4.127433,0.22289031,0.24921798,0.121220,SN II,0.5800,0.778888
SIM05664,42.316392,5.48759079,7.61903040,0.356295,AGN flare,0.6700,0.148652
SIM05665,1.117742,0.00862084,0.00891661,0.036626,kilonova,0.7200,0.028067
SIM05666,24.643220,1.56144558,1.50172737,-0.042339,SN Ia,0.9100,0.661252
SIM05667,25.428964,2.57379881,2.31156212,-0.116673,SN II,0.5800,0.575852
SIM05668,13.673082,1.02766866,1.09756957,0.071447,SN Ia,0.9100,0.359459
SIM05669,1.502129,0.02510443,0.03364977,0.318079,SN II,0.5800,0.164587
SIM05670,17.141914,1.71632709,1.97976310,0.155033,SN Ia,0.9100,0.668841
SIM05671,38.951213,2.89960127,3.85600333,0.309498,SN II,0.5800,0.715122
SIM05672,17.394416,2.39666337,2.05425456,-0.167382,SN Ia,0.9100,0.337144
SIM05673,25.093112,5.47376746,4.78087981,-0.146946,SN II,0.5800,0.051447
SIM05674,28.915429,1.55376423,1.62066082,0.045768,SN II,0.5800,0.454858
SIM05675,25.152407,2.41752219,3.17079393,0.294494,SN II,0.5800,0.579457
SIM05676,23.290137,1.76261856,1.51648148,-0.163303,SN Ia,0.9100,0.273580
SIM05677,36.102743,5.33434344,6.06905679,0.140101,AGN flare,0.6700,0.255243
SIM05678,29.202530,2.30605030,2.24845267,-0.027463,SN II,0.5800,0.720052
SIM05679,3.588814,0.20407948,0.28281527,0.354259,SN II,0.5800,0.624265
SIM05680,11.959395,1.06607274,0.97355004,-0.098571,SN II,0.5800,0.672446
SIM05681,15.657765,4.52172156,3.69253102,-0.219949,SN II,0.5800,0.654950
SIM05682,2.789664,0.06578787,0.07593189,0.155696,SN II,0.5800,0.296903
SIM05683,3.604216,0.30486755,0.39029951,0.268217,SN II,0.5800,0.124454
SIM05684,7.887083,1.13223541,1.32256528,0.168701,SN II,0.5800,0.726324
SIM05685,42.810530,3.20263943,2.89207031,-0.110748,SN II,0.5800,0.794357
SIM05686,3.306772,0.12962400,0.16317130,0.249896,SN II,0.5800,0.518201
SIM05687,36.101218,2.81974196,2.38955064,-0.179733,SN II,0.5800,0.062334
SIM05688,10.351730,0.74767560,0.87853771,0.175118,SN II,0.5800,0.278274
SIM05689,27.723739,2.00890738,2.01488370,0.003225,SN II,0.5800,0.984983
SIM05690,36.814186,3.43476637,2.59491484,-0.304435,SN II,0.5800,0.404011
SIM05691,40.150776,4.07915707,4.31360650,0.060675,AGN flare,0.6700,0.309271
SIM05692,35.069008,1.17639015,1.31665017,0.122298,SN II,0.5800,0.945209
SIM05693,1.577257,0.02662356,0.02789587,0.050685,kilonova,0.7200,0.065447
SIM05694,24.597018,2.29617026,2.17346882,-0.059627,SN Ia,0.9100,0.920946
SIM05695,12.771716,1.59940680,1.70007087,0.066270,SN Ia,0.9100,0.409751
SIM05696,32.404952,1.19684509,1.15960388,-0.034321,SN II,0.5800,0.023405
SIM05697,14.545480,3.47902278,3.15997338,-0.104435,SN Ia,0.9100,0.412967
SIM05698,18.767297,1.90566977,2.57330649,0.326110,SN Ia,0.9100,0.351272
SIM05699,42.928522,4.04171021,5.53660367,0.341696,AGN flare,0.6700,0.082561
SIM05700,39.069713,1.35366457,1.35593896,0.001823,SN II,0.5800,0.034409
SIM05701,13.592373,0.49468705,0.62410929,0.252325,SN Ia,0.9100,0.407155
SIM05702,12.901857,1.28188191,0.99640503,-0.273530,SN II,0.5800,0.099919
SIM05703,38.779611,2.43204983,3.25640029,0.316913,SN II,0.5800,0.870081
SIM05704,2.222676,0.03772639,0.04587394,0.212302,SN II,0.5800,0.091807
SIM05705,3.370007,0.03545610,0.04885962,0.348148,SN II,0.5800,0.791647
SIM05706,34.462201,3.25152119,2.65082388,-0.221764,SN II,0.5800,0.151071
SIM05707,14.245298,0.51636632,0.46780051,-0.107243,SN Ia,0.9100,0.767632
SIM05708,24.273206,2.40736926,2.93898246,0.216636,SN Ia,0.9100,0.518080
SIM05709,2.773628,0.13055062,0.12118834,-0.080795,kilonova,0.7200,0.556931
SIM05710,2.836808,0.05708180,0.04860135,-0.174623,kilonova,0.7200,0.146509
SIM05711,15.742600,5.13164601,6.16510545,0.199210,SN Ia,0.9100,0.327002
SIM05712,31.731850,3.29016578,3.55433406,0.083851,SN II,0.5800,0.574501
SIM05713,8.077955,0.30161788,0.41349634,0.342536,SN II,0.5800,0.065452
SIM05714,36.257402,2.73901281,3.10648769,0.136689,SN II,0.5800,0.580450
SIM05715,9.877632,0.97581320,0.71173933,-0.342614,SN II,0.5800,0.760076
SIM05716,2.781718,0.07666077,0.07801821,0.019057,kilonova,0.7200,0.049518
SIM05717,8.769384,1.31078448,1.28765925,-0.019326,SN II,0.5800,0.382714
SIM05718,18.105016,4.22816362,5.82697394,0.348228,SN Ia,0.9100,0.975255
SIM05719,30.236750,5.89417212,5.69352214,-0.037605,AGN flare,0.6700,0.144392
SIM05720,21.386461,2.35536896,2.08314303,-0.133350,SN Ia,0.9100,0.298597
SIM05721,30.529604,2.57585206,2.93417218,0.141412,SN II,0.5800,0.708224
SIM05722,24.669327,1.66379581,2.07376272,0.239148,SN Ia,0.9100,0.410227
SIM05723,34.821101,2.36187410,3.02758114,0.269598,SN II,0.5800,0.829594
SIM05724,8.969733,2.13418193,2.48357517,0.164615,SN II,0.5800,0.159657
SIM05725,9.473679,1.16703721,1.02817834,-0.137541,SN II,0.5800,0.466362
SIM05726,32.361923,1.45190655,1.28444486,-0.133058,SN II,0.5800,0.185589
SIM05727,28.278022,5.83906276,8.03180904,0.346176,SN II,0.5800,0.295052
SIM05728,4.137559,0.22216676,0.16324816,-0.334577,SN II,0.5800,0.691324
SIM05729,17.370950,1.87467515,2.22226810,0.184676,SN Ia,0.9100,0.019055
SIM05730,23.664370,4.65791248,4.52593859,-0.031207,SN Ia,0.9100,0.894765
SIM05731,16.010045,5.10670336,4.11086739,-0.235518,SN II,0.5800,0.881225
SIM05732,36.103879,1.98818033,2.58089163,0.283285,SN II,0.5800,0.310518
SIM05733,6.362702,0.33025262,0.27962686,-0.180668,SN II,0.5800,0.664133
SIM05734,40.661633,5.52897663,4.17199947,-0.305751,AGN flare,0.6700,0.931059
SIM05735,24.509382,2.69260103,2.31017540,-0.166318,SN Ia,0.9100,0.170167
SIM05736,37.010016,2.55334070,3.56137598,0.361273,SN II,0.5800,0.754687
SIM05737,15.987308,4.21571284,3.80830631,-0.110348,SN Ia,0.9100,0.511445
SIM05738,9.640758,0.96652236,0.85315987,-0.135454,SN II,0.5800,0.520429
SIM05739,11.509069,0.83554048,1.02424143,0.221087,SN II,0.5800,0.373520
SIM05740,8.784936,0.89647843,1.09416878,0.216361,SN II,0.5800,0.846896
SIM05741,16.739026,2.85555694,2.42470193,-0.177581,SN Ia,0.9100,0.605829
SIM05742,5.988031,0.22113738,0.24728808,0.121353,SN II,0.5800,0.756054
SIM05743,29.767429,1.81638833,2.29598336,0.254400,SN II,0.5800,0.235523
SIM05744,27.801059,5.22996760,3.94440826,-0.306293,SN II,0.5800,0.498582
SIM05745,30.891622,4.93939515,5.32637666,0.081895,AGN flare,0.6700,0.036003
SIM05746,36.252556,2.99528614,2.45743016,-0.214893,SN II,0.5800,0.852577
SIM05747,17.170093,1.83082551,1.62733020,-0.127928,SN Ia,0.9100,0.128578
SIM05748,25.072528,3.12844682,2.27353659,-0.346567,SN II,0.5800,0.813976
SIM05749,39.622854,2.48193454,2.92756159,0.179289,SN II,0.5800,0.399635
SIM05750,14.008241,0.64079770,0.46416690,-0.350117,SN II,0.5800,0.289893
SIM05751,40.185578,3.77471825,3.13978552,-0.199961,SN II,0.5800,0.300543
SIM05752,17.556537,1.70043551,1.63590461,-0.042005,SN Ia,0.9100,0.999514
SIM05753,23.517227,1.95044510,1.99471666,0.024369,SN Ia,0.9100,0.294472
SIM05754,21.716415,3.40066258,4.20747746,0.231146,SN Ia,0.9100,0.815308
SIM05755,41.078247,2.70913190,2.43686801,-0.114995,SN II,0.5800,0.789499
SIM05756,29.979208,5.65959395,6.91139081,0.216950,SN II,0.5800,0.622989
SIM05757,15.733489,2.42647999,2.86187973,0.179187,SN Ia,0.9100,0.081699
SIM05758,36.926951,3.76176538,4.77207713,0.258289,AGN flare,0.6700,0.454820
SIM05759,27.640796,2.96966824,2.15710741,-0.347090,SN II,0.5800,0.751459
SIM05760,28.858787,2.89922966,3.70969769,0.267640,SN II,0.5800,0.343807
SIM05761,34.728786,1.40633710,1.65971249,0.179859,SN II,0.5800,0.220597
SIM05762,29.491144,2.41412283,2.01526301,-0.196069,SN II,0.5800,0.354482
SIM05763,43.155189,4.44027600,5.72144506,0.275239,AGN flare,0.6700,0.005176
SIM05764,30.811608,2.64197108,2.65000418,0.003296,SN II,0.5800,0.881097
SIM05765,11.374204,0.92470739,0.76623003,-0.204113,SN II,0.5800,0.946009
SIM05766,32.863067,2.27297984,2.49444939,0.100948,SN II,0.5800,0.844757
SIM05767,5.263269,0.81297613,1.05763638,0.285646,SN II,0.5800,0.222611
SIM05768,11.447369,2.11683580,2.47839672,0.171209,SN II,0.5800,0.469911
SIM05769,21.041124,3.89543343,5.06931071,0.285983,SN Ia,0.9100,0.359851
SIM05770,6.153546,0.37694979,0.44658225,0.184045,SN II,0.5800,0.231403
SIM05771,1.877240,0.03629727,0.03693718,0.018974,kilonova,0.7200,0.808483
SIM05772,34.455508,5.32882383,7.39482076,0.355741,AGN flare,0.6700,0.222518
SIM05773,31.456493,7.87596466,5.89928866,-0.313760,AGN flare,0.6700,0.163064
SIM05774,21.138913,1.80195583,2.04063827,0.135055,SN Ia,0.9100,0.928350
SIM05775,38.420919,2.89480623,3.96263964,0.340913,SN II,0.5800,0.767024
SIM05776,14.797482,1.66825500,1.87764478,0.128377,SN Ia,0.9100,0.737582
SIM05777,24.925577,3.25847952,4.23450414,0.284469,SN Ia,0.9100,0.766830
SIM05778,37.297152,6.37854021,8.17659134,0.269627,AGN flare,0.6700,0.283151
SIM05779,22.848389,1.65203354,1.35680913,-0.213750,SN II,0.5800,0.482931
SIM05780,8.201508,1.06716737,1.44763610,0.331067,SN II,0.5800,0.552540
SIM05781,29.924160,4.24222785,5.36016422,0.253960,SN II,0.5800,0.880096
SIM05782,31.921664,2.09994030,1.71121989,-0.222253,SN II,0.5800,0.228095
SIM05783,41.999242,3.64815724,3.12679524,-0.167435,SN II,0.5800,0.004688
SIM05784,34.764686,2.47445989,2.98542456,0.203814,SN II,0.5800,0.601612
SIM05785,32.565439,5.77701504,5.73759879,-0.007433,AGN flare,0.6700,0.593454
SIM05786,39.565375,4.77292602,5.24733769,0.102886,AGN flare,0.6700,0.859828
SIM05787,41.585668,3.41631225,3.46196816,0.014414,SN II,0.5800,0.316337
SIM05788,36.815762,5.09988681,5.64808430,0.110852,AGN flare,0.6700,0.075733
SIM05789,35.156800,7.45672090,5.26651200,-0.377562,AGN flare,0.6700,0.551663
SIM05790,38.158659,2.26332939,2.96018109,0.291426,SN II,0.5800,0.448134
SIM05791,24.863872,5.53462038,7.21095608,0.287263,SN Ia,0.9100,0.854145
SIM05792,24.969849,2.85207354,3.79389123,0.309810,SN Ia,0.9100,0.227889
SIM05793,7.182126,0.17968412,0.22816658,0.259356,SN II,0.5800,0.116684
SIM05794,11.353941,0.59236115,0.67757606,0.145929,SN II,0.5800,0.201441
SIM05795,39.904683,2.69206301,3.70325496,0.346246,SN II,0.5800,0.285692
SIM05796,41.081571,1.26581392,1.39489444,0.105429,SN II,0.5800,0.892147
SIM05797,18.357101,1.20849698,1.60183876,0.305933,SN Ia,0.9100,0.258424
SIM05798,41.456802,2.19923360,2.15719589,-0.020954,SN II,0.5800,0.177159
SIM05799,27.722294,1.52536165,1.08216300,-0.372700,SN II,0.5800,0.950042
SIM05800,38.776023,2.76268446,2.30468583,-0.196799,SN II,0.5800,0.640489
SIM05801,13.997656,1.97852420,1.90408563,-0.041637,SN Ia,0.9100,0.364886
SIM05802,33.869659,1.54032405,1.80527141,0.172326,SN II,0.5800,0.406189
SIM05803,10.399562,1.78079378,2.10201130,0.180054,SN II,0.5800,0.984671
SIM05804,42.320263,0.71179047,0.50811157,-0.365983,SN II,0.5800,0.600489
SIM05805,11.228673,2.72437284,3.16080114,0.161327,SN II,0.5800,0.472359
SIM05806,9.038048,1.15382554,1.01292365,-0.141409,SN II,0.5800,0.641323
SIM05807,35.117549,6.95558397,9.27413762,0.312350,AGN flare,0.6700,0.887657
SIM05808,30.809276,2.08922839,2.18550800,0.048916,SN II,0.5800,0.623955
SIM05809,27.224267,7.43204362,8.00052155,0.080025,SN II,0.5800,0.602711
SIM05810,24.281552,1.39230282,1.00254421,-0.356575,SN II,0.5800,0.821577
SIM05811,28.759565,3.24692117,4.01134469,0.229546,SN II,0.5800,0.348804
SIM05812,28.651786,1.27542887,1.67963214,0.298895,SN II,0.5800,0.697709
SIM05813,29.029947,1.62086374,1.36231203,-0.188675,SN II,0.5800,0.718943
SIM05814,11.613190,1.67457043,1.22319574,-0.341019,SN II,0.5800,0.913382
SIM05815,30.899582,8.25585024,11.19181758,0.330347,AGN flare,0.6700,0.857299
SIM05816,32.933329,1.31086794,1.19836209,-0.097427,SN II,0.5800,0.081480
SIM05817,31.849380,4.20301593,3.81489346,-0.105197,AGN flare,0.6700,0.979338
SIM05818,18.452344,3.42270743,2.85907444,-0.195361,SN Ia,0.9100,0.875788
SIM05819,29.224983,2.73797968,2.92495313,0.071722,SN II,0.5800,0.642607
SIM05820,3.773342,0.06595050,0.06718399,0.020119,SN II,0.5800,0.589047
SIM05821,5.346361,0.36238883,0.32802388,-0.108173,SN II,0.5800,0.699579
SIM05822,2.531122,0.05023266,0.06425821,0.267356,SN II,0.5800,0.519463
SIM05823,13.711051,2.29952694,2.63377104,0.147349,SN Ia,0.9100,0.062534
SIM05824,29.679727,2.81085724,2.66605121,-0.057426,SN II,0.5800,0.058514
SIM05825,3.055129,0.16483577,0.16594281,0.007267,SN II,0.5800,0.588780
SIM05826,34.588121,2.80222913,3.73232808,0.311190,SN II,0.5800,0.263099
SIM05827,33.749603,2.08148156,2.60461631,0.243428,SN II,0.5800,0.512730
SIM05828,8.016799,1.24280701,1.26341783,0.017858,SN II,0.5800,0.439414
SIM05829,12.857228,1.10791912,0.90213926,-0.223086,SN II,0.5800,0.622114
SIM05830,9.219957,0.91746922,0.84182401,-0.093425,SN II,0.5800,0.052657
SIM05831,17.370458,3.14990792,2.30453964,-0.339284,SN II,0.5800,0.892012
SIM05832,15.365863,2.51289962,3.19631399,0.261186,SN Ia,0.9100,0.387705
SIM05833,41.209056,1.62411809,2.16565462,0.312429,SN II,0.5800,0.546593
SIM05834,16.199911,2.49968584,2.21326516,-0.132130,SN Ia,0.9100,0.307488
SIM05835,40.095786,3.28835303,4.35878028,0.305966,AGN flare,0.6700,0.583711
SIM05836,27.055421,2.61923882,3.30983656,0.254079,SN II,0.5800,0.349730
SIM05837,17.122341,0.48928238,0.67759343,0.353524,SN Ia,0.9100,0.367574
SIM05838,2.159640,0.02414476,0.02895297,0.197175,SN II,0.5800,0.137677
SIM05839,39.122674,3.57445424,3.03607244,-0.177244,SN II,0.5800,0.429193
SIM05840,15.447267,0.58202033,0.59596137,0.025700,SN Ia,0.9100,0.336746
SIM05841,7.737870,0.46860655,0.59826120,0.265206,SN II,0.5800,0.718190
SIM05842,42.122229,6.67414009,6.90056287,0.036223,AGN flare,0.6700,0.675280
SIM05843,6.812500,0.87494928,0.77806905,-0.127412,SN II,0.5800,0.803239
SIM05844,32.407623,1.00563473,0.97359769,-0.035152,SN II,0.5800,0.239066
SIM05845,8.392970,1.20025760,1.61587187,0.322831,SN II,0.5800,0.937482
SIM05846,28.777893,3.78369450,4.91988570,0.285097,SN II,0.5800,0.110840
SIM05847,43.125271,2.54113282,3.24882921,0.266749,SN II,0.5800,0.894874
SIM05848,42.994712,5.15824287,5.56386856,0.082188,AGN flare,0.6700,0.763888
SIM05849,33.589639,2.75384521,3.38490198,0.224016,SN II,0.5800,0.671905
SIM05850,37.130775,1.40030851,1.29484745,-0.085013,SN II,0.5800,0.023052
SIM05851,14.409567,1.23219745,0.93685992,-0.297514,SN II,0.5800,0.185213
SIM05852,34.535140,4.63664820,5.42836243,0.171162,AGN flare,0.6700,0.149381
SIM05853,15.276462,2.98047809,4.05275522,0.333661,SN Ia,0.9100,0.577385
SIM05854,34.291581,3.13850664,2.68382134,-0.169924,SN II,0.5800,0.442793
SIM05855,14.843143,0.89506326,1.20677671,0.324433,SN Ia,0.9100,0.018696
SIM05856,31.938001,1.59878219,1.61388447,0.010208,SN II,0.5800,0.272745
SIM05857,32.188431,2.26682519,2.36899647,0.047866,SN II,0.5800,0.534273
SIM05858,32.580805,3.95951985,4.76250422,0.200482,AGN flare,0.6700,0.854877
SIM05859,44.865334,2.76388022,3.64787945,0.301303,SN II,0.5800,0.287936
SIM05860,22.727343,2.51062062,3.32046310,0.303544,SN Ia,0.9100,0.461450
SIM05861,30.308805,4.97765104,5.50421942,0.109178,AGN flare,0.6700,0.726893
SIM05862,39.027640,4.66499090,3.35310684,-0.358509,AGN flare,0.6700,0.183338
SIM05863,41.826811,1.89816711,2.49795606,0.298126,SN II,0.5800,0.997645
SIM05864,2.184590,0.04739135,0.06284798,0.306481,SN II,0.5800,0.952273
SIM05865,16.136717,1.05213545,0.95919403,-0.100413,SN Ia,0.9100,0.283471
SIM05866,8.946686,0.42882813,0.31672504,-0.329002,SN II,0.5800,0.079658
SIM05867,26.813801,3.87870086,4.67755394,0.203331,SN II,0.5800,0.350275
SIM05868,30.940386,3.65125451,3.47442922,-0.053897,SN II,0.5800,0.570888
SIM05869,22.613569,0.99371032,0.83486045,-0.189115,SN Ia,0.9100,0.104721
SIM05870,40.156889,0.99201045,0.98159155,-0.011464,SN II,0.5800,0.544804
SIM05871,41.136772,2.67274125,3.33501019,0.240351,SN II,0.5800,0.906994
SIM05872,6.330980,0.13719619,0.09740104,-0.371946,SN II,0.5800,0.120007
SIM05873,25.624795,5.12756510,6.38559033,0.238225,SN II,0.5800,0.743132
SIM05874,42.650318,3.13219454,3.16253197,0.010465,SN II,0.5800,0.657203
SIM05875,21.717006,3.96897121,2.99664042,-0.305108,SN II,0.5800,0.338246
SIM05876,44.889236,2.55384720,2.67604240,0.050745,SN II,0.5800,0.625694
SIM05877,42.747976,2.09608103,2.69749480,0.273881,SN II,0.5800,0.831866
SIM05878,38.719693,2.39004975,2.02236628,-0.181368,SN II,0.5800,0.270180
SIM05879,32.762062,3.75359838,2.81839279,-0.311116,SN II,0.5800,0.599114
SIM05880,11.213221,3.04598167,2.81022804,-0.087464,SN II,0.5800,0.946975
SIM05881,17.018290,1.64883606,1.66037388,0.007571,SN Ia,0.9100,0.578614
SIM05882,30.219501,3.06360946,3.10215280,0.013574,SN II,0.5800,0.850792
SIM05883,22.252968,1.57765175,1.36936101,-0.153733,SN Ia,0.9100,0.787972
SIM05884,24.043045,2.11304595,2.93839277,0.358002,SN Ia,0.9100,0.234567
SIM05885,19.693081,3.53052642,2.94909351,-0.195377,SN Ia,0.9100,0.562034
SIM05886,42.697756,2.61199336,2.76377942,0.061328,SN II,0.5800,0.611303
SIM05887,28.027528,6.89381444,9.25686529,0.320011,SN II,0.5800,0.589458
SIM05888,40.940857,3.94979710,4.34098652,0.102534,AGN flare,0.6700,0.892128
SIM05889,18.900904,2.31642001,2.22145204,-0.045451,SN Ia,0.9100,0.571287
SIM05890,3.168874,0.27666322,0.25038152,-0.108373,SN II,0.5800,0.753215
SIM05891,14.161938,0.59804713,0.44951829,-0.309970,SN II,0.5800,0.417022
SIM05892,29.998684,4.00958840,2.85389495,-0.369155,SN II,0.5800,0.499913
SIM05893,29.618331,3.85622577,4.16501680,0.083636,SN II,0.5800,0.613656
SIM05894,36.740234,2.43285966,1.78068994,-0.338822,SN II,0.5800,0.572544
SIM05895,35.758117,1.57586519,1.54342711,-0.022582,SN II,0.5800,0.737964
SIM05896,37.997875,5.28112571,4.87363902,-0.087183,AGN flare,0.6700,0.643181
SIM05897,27.013293,6.66243668,9.01446780,0.328267,SN II,0.5800,0.517374
SIM05898,19.317219,1.32234119,1.82103117,0.347435,SN Ia,0.9100,0.459637
SIM05899,5.723570,0.52537599,0.40005323,-0.295881,SN II,0.5800,0.642199
SIM05900,31.649307,2.90784462,3.90887614,0.321202,SN II,0.5800,0.479338
SIM05901,26.971888,3.69517841,4.66410403,0.252832,SN II,0.5800,0.392360
SIM05902,31.517013,1.44650659,1.07402913,-0.323261,SN II,0.5800,0.476249
SIM05903,37.110017,7.16416396,7.20709670,0.006487,AGN flare,0.6700,0.762806
SIM05904,27.333813,1.61756003,1.72007057,0.066715,SN II,0.5800,0.641785
SIM05905,13.498144,1.83971949,1.63312297,-0.129332,SN Ia,0.9100,0.280690
SIM05906,10.597844,0.49496482,0.59046997,0.191559,SN II,0.5800,0.157307
SIM05907,3.236210,0.08911344,0.09940003,0.118608,SN II,0.5800,0.908112
SIM05908,43.760514,2.49922348,3.05109465,0.216626,SN II,0.5800,0.363331
SIM05909,22.324358,3.13298409,4.35249156,0.356949,SN Ia,0.9100,0.550566
SIM05910,26.456834,1.73168233,1.82487357,0.056911,SN II,0.5800,0.813954
SIM05911,43.722434,4.39042353,5.75190676,0.293264,AGN flare,0.6700,0.643703
SIM05912,31.253628,4.84352207,6.27131869,0.280494,AGN flare,0.6700,0.988484
SIM05913,30.620857,1.84201190,1.42543236,-0.278365,SN II,0.5800,0.395591
SIM05914,39.289038,1.86970583,2.49845180,0.314744,SN II,0.5800,0.135323
SIM05915,22.970822,1.76912049,2.47596600,0.364968,SN Ia,0.9100,0.903879
SIM05916,32.446994,1.29080385,1.59943204,0.232764,SN II,0.5800,0.689492
SIM05917,41.135361,1.75375329,1.91088658,0.093166,SN II,0.5800,0.242410
SIM05918,5.939523,0.53195297,0.55643123,0.048846,SN II,0.5800,0.318658
SIM05919,4.665907,0.10831607,0.10870697,0.003911,SN II,0.5800,0.418799
SIM05920,25.225195,4.66498281,4.83898518,0.039761,SN II,0.5800,0.201298
SIM05921,25.250459,2.90733622,3.16585726,0.092490,SN II,0.5800,0.081548
SIM05922,25.175873,1.53476595,2.08743448,0.333927,SN II,0.5800,0.122717
SIM05923,17.997456,3.59562114,4.50665354,0.245201,SN Ia,0.9100,0.596166
SIM05924,43.509945,3.29553839,3.28145418,-0.004650,SN II,0.5800,0.048791
SIM05925,25.474450,6.69287381,9.33977255,0.361809,SN II,0.5800,0.563655
SIM05926,9.838028,1.38768345,1.47569432,0.066765,SN II,0.5800,0.096044
SIM05927,16.566975,4.08371400,2.92535833,-0.362191,SN II,0.5800,0.076311
SIM05928,37.529954,4.29024185,3.17913626,-0.325432,AGN flare,0.6700,0.011259
SIM05929,35.175124,5.08258906,6.18902587,0.213843,AGN flare,0.6700,0.977471
SIM05930,13.662557,2.61610277,3.41593361,0.289637,SN Ia,0.9100,0.325324
SIM05931,25.956934,4.02374534,4.52717342,0.127992,SN II,0.5800,0.665615
SIM05932,31.872248,2.52878183,2.53186868,0.001325,SN II,0.5800,0.381182
SIM05933,6.026465,0.26955468,0.22600261,-0.191334,SN II,0.5800,0.241304
SIM05934,44.339132,2.93917546,3.58321124,0.215117,SN II,0.5800,0.369823
SIM05935,38.962241,3.90360985,3.03260376,-0.274127,SN II,0.5800,0.016018
SIM05936,33.492472,2.96924719,2.36143233,-0.248677,SN II,0.5800,0.043990
SIM05937,35.082429,2.68576678,2.09102544,-0.271772,SN II,0.5800,0.571539
SIM05938,5.300764,0.40927324,0.52451306,0.269357,SN II,0.5800,0.397638
SIM05939,16.245254,3.95150327,3.57963322,-0.107310,SN Ia,0.9100,0.670982
SIM05940,2.459958,0.10507733,0.13475228,0.270068,SN II,0.5800,0.047375
SIM05941,26.390411,1.19767543,1.11514265,-0.077522,SN II,0.5800,0.150763
SIM05942,33.418462,2.01679523,2.41467585,0.195493,SN II,0.5800,0.764904
SIM05943,8.489080,1.62135732,1.33163894,-0.213731,SN II,0.5800,0.944469
SIM05944,9.217937,0.43929658,0.45414289,0.036087,SN II,0.5800,0.248809
SIM05945,33.849912,1.51925353,1.58616569,0.046796,SN II,0.5800,0.819196
SIM05946,41.258369,3.23426683,2.59171356,-0.240472,SN II,0.5800,0.830685
SIM05947,24.532532,1.34486609,1.33175603,-0.010636,SN Ia,0.9100,0.708808
SIM05948,19.601140,2.42934287,2.85441283,0.175070,SN Ia,0.9100,0.497419
SIM05949,41.237691,1.37539603,1.29819545,-0.062719,SN II,0.5800,0.699468
SIM05950,26.599794,1.48458297,1.60104616,0.081998,SN II,0.5800,0.527584
SIM05951,38.572357,2.30871354,2.46435714,0.070834,SN II,0.5800,0.818669
SIM05952,41.012172,2.69924100,2.60209955,-0.039794,SN II,0.5800,0.457499
SIM05953,6.429594,0.35747231,0.38739883,0.087290,SN II,0.5800,0.585790
SIM05954,8.747038,0.89232078,1.13634981,0.262478,SN II,0.5800,0.516580
SIM05955,5.448565,0.22097167,0.29773832,0.323745,SN II,0.5800,0.129261
SIM05956,5.086242,0.28761286,0.37004386,0.273612,SN II,0.5800,0.744944
SIM05957,38.884828,4.88301161,3.66385923,-0.311872,AGN flare,0.6700,0.302488
SIM05958,33.793546,1.67473159,1.18594039,-0.374706,SN II,0.5800,0.167307
SIM05959,9.635381,0.81432991,0.99859583,0.221473,SN II,0.5800,0.983023
SIM05960,5.596051,0.46884465,0.44312011,-0.061269,SN II,0.5800,0.802213
SIM05961,6.124077,0.28841626,0.40120533,0.358367,SN II,0.5800,0.138166
SIM05962,4.352594,0.13087561,0.09979435,-0.294382,SN II,0.5800,0.884360
SIM05963,12.227309,0.51178623,0.49801803,-0.029609,SN Ia,0.9100,0.024839
SIM05964,3.100236,0.21359998,0.16647752,-0.270614,SN II,0.5800,0.483371
SIM05965,13.521716,1.24128645,1.17974173,-0.055213,SN Ia,0.9100,0.690977
SIM05966,18.108588,0.58406704,0.61974691,0.064379,SN Ia,0.9100,0.837268
SIM05967,14.600094,1.08308060,1.43786614,0.307644,SN Ia,0.9100,0.643633
SIM05968,1.778231,0.04569802,0.03758629,-0.212170,kilonova,0.7200,0.810100
SIM05969,23.328345,5.04325885,6.83532819,0.330120,SN Ia,0.9100,0.470500
SIM05970,16.760422,0.77619742,0.64845042,-0.195239,SN Ia,0.9100,0.405726
SIM05971,36.357315,6.16563203,6.57912051,0.070476,AGN flare,0.6700,0.686027
SIM05972,3.043366,0.06859117,0.07842135,0.145415,SN II,0.5800,0.139006
SIM05973,10.167969,0.98530565,0.94305957,-0.047580,SN II,0.5800,0.499941
SIM05974,3.182674,0.03690469,0.03289729,-0.124804,SN II,0.5800,0.185889
SIM05975,20.051072,3.22675104,4.30164446,0.312173,SN Ia,0.9100,0.398047
SIM05976,39.153411,3.95511641,3.17888716,-0.237210,SN II,0.5800,0.456972
SIM05977,44.276384,3.38461029,3.00151836,-0.130419,SN II,0.5800,0.781337
SIM05978,24.982342,4.82408262,5.80006649,0.200046,SN Ia,0.9100,0.652336
SIM05979,28.524546,3.50622726,2.83465635,-0.230849,SN II,0.5800,0.259007
SIM05980,38.510553,5.80607622,7.93893716,0.339699,AGN flare,0.6700,0.832255
SIM05981,5.582387,0.18070924,0.20589337,0.141655,SN II,0.5800,0.299058
SIM05982,41.654205,5.29456856,6.08141835,0.150436,AGN flare,0.6700,0.101451
SIM05983,6.057295,0.84600470,1.05909615,0.243907,SN II,0.5800,0.375386
SIM05984,34.521133,4.46517163,4.28901763,-0.043701,AGN flare,0.6700,0.751063
SIM05985,41.506481,3.27988922,2.81762188,-0.164941,SN II,0.5800,0.191463
SIM05986,5.576319,0.30734895,0.36096975,0.174598,SN II,0.5800,0.563384
SIM05987,31.208710,1.43438216,1.07210017,-0.316074,SN II,0.5800,0.624147
SIM05988,4.268100,0.16448891,0.21542508,0.292899,SN II,0.5800,0.967662
SIM05989,3.448983,0.28335526,0.22701747,-0.240680,SN II,0.5800,0.439805
SIM05990,29.194393,6.82666934,6.01097183,-0.138160,SN II,0.5800,0.060641
SIM05991,27.808615,6.76667883,9.35201712,0.351324,SN II,0.5800,0.763628
SIM05992,20.880148,2.35569598,2.04162318,-0.155359,SN Ia,0.9100,0.910083
SIM05993,40.214491,5.51119322,4.47577303,-0.225944,AGN flare,0.6700,0.196727
SIM05994,1.432321,0.06048421,0.04849839,-0.239787,kilonova,0.7200,0.644795
SIM05995,11.119772,2.39595437,2.29203645,-0.048143,SN II,0.5800,0.299853
SIM05996,11.347276,1.74992795,2.04886493,0.171233,SN II,0.5800,0.273233
SIM05997,24.640725,2.56532819,2.01505842,-0.262138,SN II,0.5800,0.736355
SIM05998,25.446339,2.42206565,2.41045009,-0.005219,SN II,0.5800,0.017977
SIM05999,10.826921,0.61363896,0.82113421,0.316253,SN II,0.5800,0.169685
SIM06000,43.663463,0.82504859,1.15152193,0.361982,SN II,0.5800,0.843400
SIM06001,3.358832,0.22190454,0.17397125,-0.264222,SN II,0.5800,0.196764
SIM06002,12.796689,2.42806603,2.15799703,-0.128024,SN Ia,0.9100,0.363326
SIM06003,32.496500,2.55634399,2.82976905,0.110329,SN II,0.5800,0.586371
SIM06004,5.722234,0.24624018,0.22187887,-0.113107,SN II,0.5800,0.106341
SIM06005,27.463604,4.57151230,4.11452572,-0.114350,SN II,0.5800,0.818995
SIM06006,2.716111,0.11449938,0.13010387,0.138718,kilonova,0.7200,0.717973
SIM06007,7.303335,0.30378540,0.37620343,0.232140,SN II,0.5800,0.227395
SIM06008,14.600766,3.43769899,4.16862035,0.209311,SN Ia,0.9100,0.959870
SIM06009,31.023552,1.20499273,1.61745105,0.319617,SN II,0.5800,0.966482
SIM06010,5.995837,0.13201947,0.10694297,-0.228714,SN II,0.5800,0.228145
SIM06011,43.247356,2.33417458,2.87886323,0.227719,SN II,0.5800,0.225926
SIM06012,33.116331,6.50441220,8.98785944,0.351121,AGN flare,0.6700,0.951973
SIM06013,31.347533,2.62014184,3.05099708,0.165292,SN II,0.5800,0.440811
SIM06014,14.253518,0.92582580,1.28356040,0.354718,SN Ia,0.9100,0.223711
SIM06015,26.381273,4.68292725,6.33384319,0.327875,SN II,0.5800,0.834552
SIM06016,25.135262,1.07025963,1.41844843,0.305811,SN II,0.5800,0.399006
SIM06017,6.389577,0.51159261,0.56052878,0.099184,SN II,0.5800,0.009507
SIM06018,36.941455,1.53890379,1.74624811,0.137236,SN II,0.5800,0.881883
SIM06019,8.676411,0.39011355,0.29982858,-0.285795,SN II,0.5800,0.322476
SIM06020,21.354268,4.10805401,4.76048733,0.160038,SN Ia,0.9100,0.898148
SIM06021,35.235086,4.35600507,3.39570100,-0.270397,AGN flare,0.6700,0.484037
SIM06022,13.392967,1.08118166,1.31307674,0.210979,SN Ia,0.9100,0.908537
SIM06023,4.786899,0.22644287,0.20047914,-0.132224,SN II,0.5800,0.791332
SIM06024,15.044510,1.63484033,1.69719351,0.040640,SN Ia,0.9100,0.888488
SIM06025,43.331882,2.22094237,2.58765208,0.165921,SN II,0.5800,0.125111
SIM06026,39.608868,0.70729203,0.50138421,-0.373570,SN II,0.5800,0.774691
SIM06027,43.150057,6.88003859,5.65302511,-0.213275,AGN flare,0.6700,0.853232
SIM06028,20.889441,1.64055078,1.31623571,-0.239140,SN II,0.5800,0.554591
SIM06029,33.005240,6.59562058,7.93636619,0.200915,AGN flare,0.6700,0.502609
SIM06030,9.589711,0.33626038,0.44831776,0.312276,SN II,0.5800,0.282977
SIM06031,13.926310,2.06728424,2.05831217,-0.004722,SN Ia,0.9100,0.137744
SIM06032,44.921640,1.94527538,1.89100700,-0.030720,SN II,0.5800,0.124989
SIM06033,11.430999,1.15965553,1.43983368,0.234958,SN II,0.5800,0.216776
SIM06034,16.985037,2.45421871,2.16142727,-0.137932,SN Ia,0.9100,0.985805
SIM06035,18.759072,2.14630801,1.83481188,-0.170251,SN Ia,0.9100,0.814900
SIM06036,29.522164,1.57242783,1.83589458,0.168193,SN II,0.5800,0.648195
SIM06037,44.274286,1.01719863,1.38243301,0.333096,SN II,0.5800,0.633324
SIM06038,44.132322,1.76811039,1.69820972,-0.043795,SN II,0.5800,0.710386
SIM06039,2.649938,0.03341785,0.03622783,0.087660,kilonova,0.7200,0.506299
SIM06040,37.716614,4.25891032,4.89335827,0.150771,AGN flare,0.6700,0.997053
SIM06041,2.505681,0.06703585,0.09298968,0.355319,SN II,0.5800,0.002664
SIM06042,36.174260,2.42744862,1.77342018,-0.340846,SN II,0.5800,0.386438
SIM06043,19.280596,1.27853338,1.00795282,-0.258180,SN II,0.5800,0.868642
SIM06044,16.844419,1.61870001,2.24158452,0.353472,SN Ia,0.9100,0.917154
SIM06045,22.816949,0.93718594,1.15918722,0.230820,SN Ia,0.9100,0.743743
SIM06046,35.353798,1.78411367,1.68037242,-0.065042,SN II,0.5800,0.929879
SIM06047,18.427658,4.52156146,3.48382921,-0.283079,SN II,0.5800,0.358562
SIM06048,38.379941,2.07556715,2.55293404,0.224757,SN II,0.5800,0.163460
SIM06049,30.887832,1.81301340,1.75823566,-0.033310,SN II,0.5800,0.857972
SIM06050,42.427015,4.26440785,4.21069444,-0.013763,AGN flare,0.6700,0.945537
SIM06051,17.246797,3.43002452,2.40307031,-0.386327,SN II,0.5800,0.529794
SIM06052,40.017668,3.88491288,4.74658056,0.217499,AGN flare,0.6700,0.856079
SIM06053,23.452854,1.07621784,1.23030676,0.145283,SN Ia,0.9100,0.156479
SIM06054,32.726214,7.42267577,5.74333217,-0.278491,AGN flare,0.6700,0.824955
SIM06055,28.461312,3.76368196,3.94052944,0.049854,SN II,0.5800,0.151972
SIM06056,35.135968,2.82933480,3.52478526,0.238621,SN II,0.5800,0.058326
SIM06057,26.403341,2.38555545,2.81022048,0.177877,SN II,0.5800,0.192385
SIM06058,28.326311,3.60991774,4.12691412,0.145320,SN II,0.5800,0.679007
SIM06059,37.521732,2.74792866,3.13773136,0.144026,SN II,0.5800,0.039766
SIM06060,17.152086,4.59791809,5.40338528,0.175262,SN Ia,0.9100,0.979920
SIM06061,2.198925,0.01663148,0.01813594,0.094023,kilonova,0.7200,0.918755
SIM06062,5.029251,0.16352057,0.21736843,0.309060,SN II,0.5800,0.812819
SIM06063,24.271903,1.39880908,1.40944521,0.008224,SN Ia,0.9100,0.631922
SIM06064,8.339424,1.94722955,2.35267346,0.205361,SN II,0.5800,0.869298
SIM06065,37.694237,1.43106371,1.51874010,0.064561,SN II,0.5800,0.415804
SIM06066,28.787633,1.00486204,1.15969324,0.155592,SN II,0.5800,0.252873
SIM06067,6.296694,0.36023468,0.40015772,0.114114,SN II,0.5800,0.546686
SIM06068,29.557861,3.44191859,2.64598663,-0.285532,SN II,0.5800,0.890143
SIM06069,3.593165,0.16736769,0.12003165,-0.360940,SN II,0.5800,0.674135
SIM06070,34.623011,3.91434626,4.27415956,0.095479,AGN flare,0.6700,0.156372
SIM06071,9.850773,0.36822136,0.43513657,0.181292,SN II,0.5800,0.164743
SIM06072,28.105323,1.12228223,1.30835599,0.166560,SN II,0.5800,0.340760
SIM06073,2.404488,0.16787078,0.15779114,-0.067231,kilonova,0.7200,0.992124
SIM06074,43.496462,1.69362142,1.33210136,-0.260698,SN II,0.5800,0.475717
SIM06075,10.737381,1.12913311,1.45498666,0.275285,SN II,0.5800,0.168228
SIM06076,27.542270,2.61213751,2.47030906,-0.060612,SN II,0.5800,0.395349
SIM06077,14.680738,3.60987460,4.78558351,0.306107,SN Ia,0.9100,0.756099
SIM06078,5.719791,0.33694204,0.32508414,-0.038899,SN II,0.5800,0.182383
SIM06079,26.359006,1.47182952,2.02880613,0.348458,SN II,0.5800,0.498422
SIM06080,24.283965,3.95977090,4.10697664,0.039630,SN Ia,0.9100,0.912822
SIM06081,34.740156,4.88005870,3.83851827,-0.260654,AGN flare,0.6700,0.295485
SIM06082,19.604808,0.75544038,0.83207019,0.104899,SN Ia,0.9100,0.840051
SIM06083,19.557817,3.51332033,4.02998934,0.148965,SN Ia,0.9100,0.784414
SIM06084,3.690449,0.26182875,0.27053025,0.035496,SN II,0.5800,0.830893
SIM06085,13.992376,1.94252367,1.61811221,-0.198394,SN Ia,0.9100,0.475215
SIM06086,27.552063,1.63581903,1.38545848,-0.180354,SN II,0.5800,0.501403
SIM06087,27.270661,1.88402905,1.38338658,-0.335360,SN II,0.5800,0.421615
SIM06088,39.371981,1.95690905,1.41914581,-0.348859,SN II,0.5800,0.573232
SIM06089,20.915497,1.17001966,0.96963743,-0.203959,SN II,0.5800,0.628182
SIM06090,29.894364,3.58958052,2.97725797,-0.203068,SN II,0.5800,0.514151
SIM06091,42.086715,6.68755237,7.72160038,0.156100,AGN flare,0.6700,0.913750
SIM06092,14.101330,3.18940498,4.16073359,0.288651,SN Ia,0.9100,0.420798
SIM06093,3.227130,0.10697184,0.10869979,0.017398,SN II,0.5800,0.439356
SIM06094,31.307921,4.05996960,4.85709500,0.194635,AGN flare,0.6700,0.451673
SIM06095,21.217744,3.21462544,3.19008247,-0.008321,SN Ia,0.9100,0.054659
SIM06096,28.018282,7.42702140,7.41478578,-0.001790,SN II,0.5800,0.297116
SIM06097,27.716455,1.41305722,1.63827962,0.160571,SN II,0.5800,0.468638
SIM06098,43.343073,1.95749940,2.50595087,0.268177,SN II,0.5800,0.553748
SIM06099,20.878400,1.69912825,1.89318618,0.117418,SN Ia,0.9100,0.873139
SIM06100,5.609236,0.24722880,0.26155381,0.061155,SN II,0.5800,0.014265
SIM06101,23.794365,2.34514861,3.05530798,0.287212,SN Ia,0.9100,0.920186
SIM06102,9.767970,0.68982181,0.76763739,0.116048,SN II,0.5800,0.075816
SIM06103,20.462175,6.08072316,6.45931836,0.065579,SN Ia,0.9100,0.190490
SIM06104,12.973419,2.95084113,2.38138054,-0.232793,SN II,0.5800,0.998615
SIM06105,31.414895,1.53075342,1.14161112,-0.318468,SN II,0.5800,0.367448
SIM06106,44.237741,3.68644064,4.81396734,0.289740,AGN flare,0.6700,0.121025
SIM06107,21.863980,2.07267506,2.77272059,0.315937,SN Ia,0.9100,0.447892
SIM06108,43.422466,1.55766859,1.94964474,0.243701,SN II,0.5800,0.182312
SIM06109,35.637914,2.55458814,2.91451367,0.143113,SN II,0.5800,0.907649
SIM06110,39.046577,4.60267535,6.36796383,0.352476,AGN flare,0.6700,0.545405
SIM06111,18.229636,0.81900963,0.64820062,-0.253949,SN II,0.5800,0.457828
SIM06112,36.921625,0.72081536,0.68603361,-0.053697,SN II,0.5800,0.797775
SIM06113,10.985532,2.72029172,2.89611448,0.068001,SN II,0.5800,0.524529
SIM06114,14.011291,1.99255817,2.64341750,0.306887,SN Ia,0.9100,0.978169
SIM06115,3.997011,0.16359552,0.22757801,0.358397,SN II,0.5800,0.666879
SIM06116,20.371585,3.44735333,4.04133170,0.172597,SN Ia,0.9100,0.023448
SIM06117,13.417774,2.70703613,2.01774015,-0.319072,SN II,0.5800,0.558238
SIM06118,28.898052,3.71292046,3.92663892,0.060763,SN II,0.5800,0.325898
SIM06119,42.150426,2.20514123,2.55276396,0.158936,SN II,0.5800,0.255440
SIM06120,25.702355,0.67391213,0.60903557,-0.109902,SN II,0.5800,0.997931
SIM06121,3.658882,0.21823393,0.15902583,-0.343636,SN II,0.5800,0.556189
SIM06122,40.242968,2.14452727,1.77475741,-0.205481,SN II,0.5800,0.085940
SIM06123,10.098601,1.66428815,2.27248210,0.338180,SN II,0.5800,0.469641
SIM06124,9.278813,0.63159956,0.84731293,0.319005,SN II,0.5800,0.336650
SIM06125,1.970914,0.08813099,0.11307858,0.270629,SN II,0.5800,0.776026
SIM06126,20.714810,4.38470243,3.96569454,-0.109052,SN Ia,0.9100,0.740199
SIM06127,44.641090,2.57099678,2.81678644,0.099131,SN II,0.5800,0.068547
SIM06128,8.117381,0.62425512,0.61370739,-0.018502,SN II,0.5800,0.811653
SIM06129,24.400472,2.22785396,2.07564090,-0.076836,SN Ia,0.9100,0.416256
SIM06130,16.501181,0.95080828,1.00968129,0.065228,SN Ia,0.9100,0.489470
SIM06131,28.746087,0.66517143,0.47705170,-0.360920,SN II,0.5800,0.171790
SIM06132,10.756209,2.42226691,2.32311677,-0.045377,SN II,0.5800,0.113571
SIM06133,38.041843,4.45575534,4.70487415,0.059067,AGN flare,0.6700,0.273769
SIM06134,20.118490,0.78117996,0.89796586,0.151272,SN Ia,0.9100,0.462915
SIM06135,8.533300,0.86303985,0.85513826,-0.009986,SN II,0.5800,0.807727
SIM06136,16.443645,1.83549601,2.44177535,0.309881,SN Ia,0.9100,0.589640
SIM06137,22.700206,2.75446485,2.51415538,-0.099113,SN Ia,0.9100,0.478433
SIM06138,6.947618,1.31072392,1.02394700,-0.268084,SN II,0.5800,0.883891
SIM06139,3.517600,0.15491022,0.15867236,0.026053,SN II,0.5800,0.953260
SIM06140,9.750778,0.30078492,0.35873841,0.191305,SN II,0.5800,0.249044
SIM06141,29.177144,3.76973889,2.85954475,-0.300036,SN II,0.5800,0.259938
SIM06142,35.153672,3.96047656,5.03813989,0.261307,AGN flare,0.6700,0.511465
SIM06143,19.779810,0.53614519,0.65031090,0.209597,SN Ia,0.9100,0.608454
SIM06144,9.158569,1.26169733,1.11659696,-0.132647,SN II,0.5800,0.836622
SIM06145,7.742109,1.14905618,1.50911134,0.295950,SN II,0.5800,0.733606
SIM06146,2.739283,0.07293708,0.07047461,-0.037289,kilonova,0.7200,0.799254
SIM06147,17.823960,4.24393753,5.02143709,0.182648,SN Ia,0.9100,0.086905
SIM06148,23.761697,6.47442236,4.69245766,-0.349502,SN II,0.5800,0.305896
SIM06149,27.884315,0.77711159,0.89806328,0.157059,SN II,0.5800,0.568144
SIM06150,11.980153,0.56145919,0.48617079,-0.156323,SN II,0.5800,0.374852
SIM06151,43.314970,3.84619824,3.32957167,-0.156608,SN II,0.5800,0.578723
SIM06152,25.657285,3.94877941,4.47263857,0.135252,SN II,0.5800,0.114659
SIM06153,23.877183,0.51703224,0.51861331,0.003315,SN Ia,0.9100,0.260308
SIM06154,2.514340,0.12893981,0.14230304,0.107068,kilonova,0.7200,0.867509
SIM06155,21.477633,3.48367711,4.41727885,0.257792,SN Ia,0.9100,0.907672
SIM06156,20.726922,1.80282530,1.84322453,0.024061,SN Ia,0.9100,0.165958
SIM06157,35.299196,1.69739508,1.61745715,-0.052375,SN II,0.5800,0.347935
SIM06158,4.488680,0.06361748,0.05165568,-0.226146,SN II,0.5800,0.763229
SIM06159,30.208170,3.54999238,4.35412388,0.221683,AGN flare,0.6700,0.323346
SIM06160,20.235728,4.86735714,5.97016971,0.221734,SN Ia,0.9100,0.384752
SIM06161,22.739042,0.91015625,0.64662906,-0.371152,SN II,0.5800,0.299056
SIM06162,3.488351,0.13970273,0.10600122,-0.299735,SN II,0.5800,0.134114
SIM06163,38.133524,3.46621764,4.18794555,0.205363,AGN flare,0.6700,0.692358
SIM06164,29.517582,6.68247567,5.33668816,-0.244164,SN II,0.5800,0.745868
SIM06165,15.786662,2.17256685,1.96002955,-0.111776,SN Ia,0.9100,0.333653
SIM06166,12.522230,1.20785341,1.64013208,0.332161,SN Ia,0.9100,0.966512
SIM06167,9.275088,1.82874752,2.00790348,0.101473,SN II,0.5800,0.100565
SIM06168,36.285378,4.32836126,5.34595460,0.229254,AGN flare,0.6700,0.310880
SIM06169,9.490836,0.36739927,0.43428118,0.181582,SN II,0.5800,0.691729
SIM06170,15.212239,4.22917124,3.29781961,-0.270071,SN II,0.5800,0.976170
SIM06171,10.289016,0.75968655,0.93356904,0.223780,SN II,0.5800,0.750597
SIM06172,25.561605,4.79958174,5.97928614,0.238615,SN II,0.5800,0.732660
SIM06173,8.717480,1.02652005,1.38908050,0.328400,SN II,0.5800,0.377332
SIM06174,43.159387,1.34541049,1.41638865,0.055819,SN II,0.5800,0.631627
SIM06175,9.731388,0.69688447,0.62207480,-0.123295,SN II,0.5800,0.092602
SIM06176,8.422994,0.33478198,0.31784977,-0.056350,SN II,0.5800,0.959029
SIM06177,17.857898,4.30372553,4.02555963,-0.072546,SN Ia,0.9100,0.897889
SIM06178,39.112206,7.21570508,5.40859935,-0.312985,AGN flare,0.6700,0.902156
SIM06179,35.216999,3.73335005,3.42195900,-0.094560,SN II,0.5800,0.403088
SIM06180,41.090950,4.15971587,5.24188903,0.251060,AGN flare,0.6700,0.533383
SIM06181,38.271991,6.54924378,5.56486956,-0.176840,AGN flare,0.6700,0.810498
SIM06182,29.379125,3.61892546,4.19498370,0.160377,SN II,0.5800,0.285338
SIM06183,33.294883,2.46925447,1.75179121,-0.372709,SN II,0.5800,0.166459
SIM06184,21.499251,4.44348407,6.13215412,0.349724,SN Ia,0.9100,0.887677
SIM06185,23.882384,3.43735832,3.58469381,0.045568,SN Ia,0.9100,0.265390
SIM06186,11.456065,1.60051874,2.05064612,0.269075,SN II,0.5800,0.769974
SIM06187,31.174523,4.12718032,4.63699406,0.126458,AGN flare,0.6700,0.756418
SIM06188,20.894835,1.65757868,2.29602536,0.353756,SN Ia,0.9100,0.681853
SIM06189,19.219672,1.85593366,2.22894970,0.198845,SN Ia,0.9100,0.864817
SIM06190,43.260927,3.12602402,3.00263940,-0.043723,SN II,0.5800,0.698584
SIM06191,16.202314,4.33797239,5.71192851,0.298740,SN Ia,0.9100,0.790463
SIM06192,30.963654,3.85773089,5.08604605,0.300121,AGN flare,0.6700,0.684326
SIM06193,44.813330,3.09744037,3.90867993,0.252568,SN II,0.5800,0.480741
SIM06194,21.802053,1.26158869,1.18445161,-0.068501,SN Ia,0.9100,0.363524
SIM06195,4.681054,0.36800938,0.44184177,0.198520,SN II,0.5800,0.949763
SIM06196,10.078656,0.31390534,0.27454659,-0.145457,SN II,0.5800,0.173724
SIM06197,9.389762,0.76129670,0.58479934,-0.286368,SN II,0.5800,0.912238
SIM06198,14.712201,0.99831167,0.89206342,-0.122176,SN Ia,0.9100,0.253735
SIM06199,24.694439,2.10381533,2.00440447,-0.052556,SN Ia,0.9100,0.987962
SIM06200,26.331468,4.40336434,5.11915628,0.163534,SN II,0.5800,0.748870
SIM06201,1.464434,0.03014519,0.02744276,-0.101975,kilonova,0.7200,0.176414
SIM06202,14.437034,1.17338228,1.09619732,-0.073877,SN Ia,0.9100,0.964860
SIM06203,26.779643,5.61586763,5.79423225,0.033948,SN II,0.5800,0.213887
SIM06204,3.125647,0.08169706,0.10063997,0.226410,SN II,0.5800,0.806054
SIM06205,16.376234,1.34987200,1.34711225,-0.002222,SN Ia,0.9100,0.217429
SIM06206,26.818201,2.93032099,3.46876522,0.183149,SN II,0.5800,0.150927
SIM06207,13.106239,2.76652156,2.63343764,-0.053528,SN Ia,0.9100,0.395407
SIM06208,39.744151,3.95407328,5.14263493,0.285352,AGN flare,0.6700,0.745876
SIM06209,7.683747,1.10088566,0.79942513,-0.347411,SN II,0.5800,0.937110
SIM06210,41.780371,1.13394950,1.01527518,-0.120025,SN II,0.5800,0.719847
SIM06211,7.136361,0.52979895,0.66014352,0.238818,SN II,0.5800,0.197981
SIM06212,7.589238,0.38742021,0.39631156,0.024636,SN II,0.5800,0.419710
SIM06213,20.143034,0.87073465,0.96992792,0.117134,SN Ia,0.9100,0.317293
SIM06214,44.280425,1.73082935,1.70419515,-0.016837,SN II,0.5800,0.383272
SIM06215,11.088843,0.90788927,1.07945463,0.187929,SN II,0.5800,0.041662
SIM06216,29.934514,2.60688216,3.07217858,0.178313,SN II,0.5800,0.316885
SIM06217,42.182125,1.02365082,1.21654100,0.187437,SN II,0.5800,0.096090
SIM06218,38.006881,4.55326228,5.38566829,0.182292,AGN flare,0.6700,0.235087
SIM06219,26.620600,4.91382657,6.61632310,0.322992,SN II,0.5800,0.534271
SIM06220,43.459705,3.36356569,2.66661693,-0.252098,SN II,0.5800,0.733831
SIM06221,13.243485,1.62435561,1.46652197,-0.110981,SN Ia,0.9100,0.157896
SIM06222,33.571868,2.58239117,1.97472008,-0.291291,SN II,0.5800,0.364497
SIM06223,7.645675,1.15120819,1.46310610,0.260305,SN II,0.5800,0.025435
SIM06224,35.192374,2.66938814,2.20363807,-0.208179,SN II,0.5800,0.147656
SIM06225,33.107550,6.44547610,8.24511539,0.267354,AGN flare,0.6700,0.110713
SIM06226,38.987319,5.15545395,5.44225872,0.058781,AGN flare,0.6700,0.261044
SIM06227,28.586513,1.55255981,1.14958463,-0.326268,SN II,0.5800,0.292442
SIM06228,13.026703,0.83200692,0.81352034,-0.024396,SN Ia,0.9100,0.052864
SIM06229,19.248338,5.39063254,5.94982257,0.107161,SN Ia,0.9100,0.406120
SIM06230,36.326759,2.43031576,2.02472687,-0.198241,SN II,0.5800,0.214278
SIM06231,41.089900,2.41672078,2.37573327,-0.018572,SN II,0.5800,0.524868
SIM06232,18.822747,4.15493273,3.68432986,-0.130514,SN Ia,0.9100,0.965400
SIM06233,35.314872,2.91695181,3.17865133,0.093284,SN II,0.5800,0.602154
SIM06234,3.641658,0.09855518,0.08094501,-0.213723,SN II,0.5800,0.763736
SIM06235,38.497136,5.82645602,4.37830596,-0.310246,AGN flare,0.6700,0.655865
SIM06236,6.304914,0.63675064,0.53697771,-0.185033,SN II,0.5800,0.907578
SIM06237,4.115736,0.38257788,0.30137109,-0.259046,SN II,0.5800,0.737772
SIM06238,30.332227,6.39614894,5.07528894,-0.251144,AGN flare,0.6700,0.701512
SIM06239,11.797155,1.74296330,1.79383186,0.031234,SN II,0.5800,0.697973
SIM06240,34.316334,2.25318013,1.62504875,-0.354824,SN II,0.5800,0.074123
SIM06241,7.203777,0.98197463,1.25384311,0.265357,SN II,0.5800,0.858697
SIM06242,31.140617,4.98417880,4.45526474,-0.121800,AGN flare,0.6700,0.879910
SIM06243,8.029216,0.89933108,0.80033119,-0.126625,SN II,0.5800,0.396594
SIM06244,29.650580,2.47259621,2.74091339,0.111855,SN II,0.5800,0.214997
SIM06245,16.858573,4.60536425,4.31026455,-0.071900,SN Ia,0.9100,0.576691
SIM06246,37.711913,4.44095244,4.65398061,0.050871,AGN flare,0.6700,0.008245
SIM06247,18.133510,2.30125215,2.45913183,0.072044,SN Ia,0.9100,0.939183
SIM06248,27.105619,0.90700664,0.68493061,-0.304910,SN II,0.5800,0.101171
SIM06249,10.838950,1.10406962,0.82639948,-0.314516,SN II,0.5800,0.271890
SIM06250,2.281725,0.03350463,0.04646907,0.355148,SN II,0.5800,0.674459
SIM06251,27.259586,2.14237794,2.76453457,0.276815,SN II,0.5800,0.251521
SIM06252,8.155573,0.34768177,0.32673035,-0.067481,SN II,0.5800,0.946098
SIM06253,37.321058,3.18438978,3.47593218,0.095113,SN II,0.5800,0.979698
SIM06254,34.233534,2.40671343,1.97587364,-0.214163,SN II,0.5800,0.132912
SIM06255,3.173946,0.21360968,0.24400831,0.144459,SN II,0.5800,0.748723
SIM06256,40.630466,1.52380363,1.86605908,0.219991,SN II,0.5800,0.685796
SIM06257,21.930999,2.39387356,2.58624935,0.083923,SN Ia,0.9100,0.899167
SIM06258,42.558429,2.39043582,2.55225436,0.071117,SN II,0.5800,0.179712
SIM06259,8.584600,0.29391089,0.28722335,-0.024990,SN II,0.5800,0.813980
SIM06260,42.583134,3.49220885,3.53443643,0.013050,SN II,0.5800,0.248407
SIM06261,6.333497,0.12732137,0.12198700,-0.046469,SN II,0.5800,0.635476
SIM06262,13.385607,2.06428241,2.31019216,0.122197,SN Ia,0.9100,0.131189
SIM06263,11.526415,0.57244184,0.60755689,0.064639,SN II,0.5800,0.117938
SIM06264,38.825444,1.53619886,1.47658608,-0.042972,SN II,0.5800,0.551909
SIM06265,19.666913,1.90741035,2.19492499,0.152439,SN Ia,0.9100,0.250783
SIM06266,19.454139,2.20902020,2.89953610,0.295322,SN Ia,0.9100,0.253701
SIM06267,9.944316,1.27827489,0.97535654,-0.293652,SN II,0.5800,0.847644
SIM06268,41.471820,4.47744075,3.37498296,-0.306896,AGN flare,0.6700,0.201087
SIM06269,7.896285,1.12263500,0.83882623,-0.316416,SN II,0.5800,0.356128
SIM06270,13.957489,1.34840352,1.15735056,-0.165887,SN Ia,0.9100,0.140012
SIM06271,25.794786,2.69895629,1.93079551,-0.363649,SN II,0.5800,0.084912
SIM06272,14.195987,2.03177039,2.36459969,0.164708,SN Ia,0.9100,0.842845
SIM06273,44.377712,1.97847390,2.43075417,0.223527,SN II,0.5800,0.872529
SIM06274,41.076803,1.39891438,1.17052163,-0.193529,SN II,0.5800,0.747264
SIM06275,8.682022,0.73553120,0.67016916,-0.101042,SN II,0.5800,0.426237
SIM06276,2.772515,0.06675193,0.07171959,0.077935,kilonova,0.7200,0.218696
SIM06277,18.684930,2.17360224,2.13912713,-0.017359,SN Ia,0.9100,0.892670
SIM06278,24.585315,1.93447314,2.51442765,0.284691,SN Ia,0.9100,0.235584
SIM06279,44.769728,1.37270741,1.04483318,-0.296328,SN II,0.5800,0.268985
SIM06280,17.713496,0.45573853,0.47464299,0.044128,SN Ia,0.9100,0.079165
SIM06281,21.166230,0.87259622,0.65384264,-0.313350,SN II,0.5800,0.665769
SIM06282,32.618804,3.02032419,2.35357464,-0.270814,SN II,0.5800,0.002482
SIM06283,39.161226,2.62132813,3.29274644,0.247592,SN II,0.5800,0.276410
SIM06284,37.647738,5.64442475,6.00475486,0.067189,AGN flare,0.6700,0.330165
SIM06285,29.412645,7.09430343,5.68368865,-0.240699,SN II,0.5800,0.712188
SIM06286,11.552788,1.11328663,0.92718022,-0.198607,SN II,0.5800,0.647243
SIM06287,4.823929,0.24215403,0.25268393,0.046215,SN II,0.5800,0.440032
SIM06288,8.778778,1.75814112,2.02215234,0.151900,SN II,0.5800,0.887559
SIM06289,7.161829,0.36880712,0.29538592,-0.241024,SN II,0.5800,0.144747
SIM06290,20.245745,4.67654868,4.84065630,0.037447,SN Ia,0.9100,0.289312
SIM06291,43.694996,5.59447967,3.92137068,-0.385805,AGN flare,0.6700,0.168340
SIM06292,17.367452,2.25307059,2.34334797,0.042655,SN Ia,0.9100,0.528833
SIM06293,4.460028,0.19762861,0.23126030,0.170628,SN II,0.5800,0.005267
SIM06294,12.930484,3.14578938,2.82133802,-0.118186,SN Ia,0.9100,0.222712
SIM06295,22.851493,1.71967697,1.79526640,0.046705,SN Ia,0.9100,0.422705
SIM06296,33.642111,3.99736721,4.86206473,0.212617,AGN flare,0.6700,0.236520
SIM06297,33.123029,5.20951784,6.92250133,0.308664,AGN flare,0.6700,0.254827
SIM06298,17.336411,0.89020031,1.01523888,0.142701,SN Ia,0.9100,0.071803
SIM06299,35.295727,3.35113815,4.65544593,0.356922,AGN flare,0.6700,0.513104
SIM06300,39.071872,6.65268157,7.03762151,0.061073,AGN flare,0.6700,0.535257
SIM06301,33.752482,2.52998782,3.31006913,0.291797,SN II,0.5800,0.584294
SIM06302,30.536762,4.94375731,5.14860606,0.044081,AGN flare,0.6700,0.310054
SIM06303,5.961929,0.40717056,0.56148364,0.348902,SN II,0.5800,0.007750
SIM06304,14.767300,3.89111358,5.14238155,0.302726,SN Ia,0.9100,0.176597
SIM06305,18.017879,3.60939355,4.04598231,0.123974,SN Ia,0.9100,0.540097
SIM06306,43.439078,4.49535821,5.09198981,0.135308,AGN flare,0.6700,0.517675
SIM06307,32.861530,2.78465381,3.19361001,0.148777,SN II,0.5800,0.607643
SIM06308,17.174772,1.25498897,1.14577951,-0.098847,SN Ia,0.9100,0.553391
SIM06309,22.566652,3.88835287,2.73795374,-0.380849,SN II,0.5800,0.783216
SIM06310,37.110270,3.18629246,3.73692168,0.173071,SN II,0.5800,0.873103
SIM06311,44.788293,3.69098306,4.67669924,0.256993,AGN flare,0.6700,0.044755
SIM06312,42.782279,4.28309386,3.52033333,-0.212935,AGN flare,0.6700,0.976917
SIM06313,35.452934,1.19390618,1.61727710,0.329536,SN II,0.5800,0.665486
SIM06314,31.695183,3.05182952,2.25232217,-0.329824,SN II,0.5800,0.919919
SIM06315,42.856427,3.65067985,4.52778169,0.233779,AGN flare,0.6700,0.026729
SIM06316,1.069619,0.01001720,0.01350606,0.324456,SN II,0.5800,0.319219
SIM06317,6.568151,0.56035322,0.75104441,0.318009,SN II,0.5800,0.519709
SIM06318,28.184680,3.13096671,2.96756818,-0.058194,SN II,0.5800,0.880219
SIM06319,17.977710,0.98435523,1.34523883,0.339119,SN Ia,0.9100,0.291475
SIM06320,19.390471,2.65297324,2.45533061,-0.084057,SN Ia,0.9100,0.987463
SIM06321,37.021379,5.96698640,5.48383845,-0.091676,AGN flare,0.6700,0.496172
SIM06322,25.910351,3.36098581,3.85822441,0.149802,SN II,0.5800,0.973662
SIM06323,2.317252,0.15314121,0.18103687,0.181687,SN II,0.5800,0.330779
SIM06324,24.444195,2.70679116,2.97599687,0.102944,SN Ia,0.9100,0.448047
SIM06325,4.773012,0.35997761,0.48487758,0.323392,SN II,0.5800,0.941040
SIM06326,25.905434,5.71225769,4.40756453,-0.281523,SN II,0.5800,0.601827
SIM06327,26.715442,2.84707591,2.09090146,-0.335164,SN II,0.5800,0.544666
SIM06328,1.977071,0.04593416,0.06323589,0.347070,SN II,0.5800,0.843307
SIM06329,9.498459,1.74610352,1.23598089,-0.375146,SN II,0.5800,0.310810
SIM06330,12.289579,3.36944486,3.56028667,0.059817,SN Ia,0.9100,0.214728
SIM06331,29.483922,4.89160129,6.15009992,0.248578,SN II,0.5800,0.378149
SIM06332,8.731506,0.63683139,0.49565814,-0.272106,SN II,0.5800,0.591509
SIM06333,2.068056,0.14821920,0.19049181,0.272430,SN II,0.5800,0.146331
SIM06334,13.471241,0.94286110,1.05991755,0.127061,SN Ia,0.9100,0.461782
SIM06335,6.416874,1.04419174,1.17255985,0.125887,SN II,0.5800,0.479928
SIM06336,11.760609,1.20615840,1.08788120,-0.112057,SN II,0.5800,0.483847
SIM06337,5.733524,0.74334595,0.96587475,0.284325,SN II,0.5800,0.327216
SIM06338,42.131684,1.99278262,1.58760991,-0.246790,SN II,0.5800,0.791756
SIM06339,21.183774,4.28009880,3.77281939,-0.136969,SN Ia,0.9100,0.159733
SIM06340,42.030834,2.25297256,3.14762896,0.363069,SN II,0.5800,0.370053
SIM06341,41.158443,3.01366968,3.95019764,0.293808,SN II,0.5800,0.428276
SIM06342,18.327150,4.79233266,4.01032424,-0.193419,SN Ia,0.9100,0.367655
SIM06343,41.617927,4.04878999,4.39500726,0.089086,AGN flare,0.6700,0.377577
SIM06344,30.723359,5.16044786,5.13043282,-0.006333,AGN flare,0.6700,0.601568
SIM06345,24.166682,5.86562431,4.25618935,-0.348233,SN II,0.5800,0.206815
SIM06346,41.929008,4.13308678,3.77998240,-0.096962,AGN flare,0.6700,0.438812
SIM06347,39.462116,0.92911775,1.21575457,0.291938,SN II,0.5800,0.232530
SIM06348,30.296605,4.29672538,5.04413084,0.174122,AGN flare,0.6700,0.450452
SIM06349,32.518802,1.80345332,1.89920175,0.056165,SN II,0.5800,0.173379
SIM06350,38.912225,2.33114186,1.95000211,-0.193834,SN II,0.5800,0.764364
SIM06351,33.082051,1.29171018,0.95788322,-0.324631,SN II,0.5800,0.868720
SIM06352,24.821314,2.05262570,2.57708718,0.247048,SN Ia,0.9100,0.343673
SIM06353,1.995785,0.04195633,0.03547933,-0.182055,kilonova,0.7200,0.036749
SIM06354,20.612704,3.78073715,3.55609180,-0.066509,SN Ia,0.9100,0.640519
SIM06355,44.327006,4.13574805,3.13637845,-0.300314,AGN flare,0.6700,0.073952
SIM06356,13.972778,2.28920551,2.40120465,0.051861,SN Ia,0.9100,0.448539
SIM06357,31.809070,4.47815438,4.39673738,-0.019921,AGN flare,0.6700,0.747767
SIM06358,12.605660,1.55333039,1.78635942,0.151763,SN Ia,0.9100,0.955101
SIM06359,21.328056,3.12238398,4.28393988,0.343393,SN Ia,0.9100,0.160612
SIM06360,34.217368,5.68343425,6.08710154,0.074499,AGN flare,0.6700,0.723346
SIM06361,7.053591,0.57258026,0.62692406,0.098446,SN II,0.5800,0.238707
SIM06362,12.097270,0.80944624,0.64431877,-0.247718,SN II,0.5800,0.523005
SIM06363,22.601470,3.00355332,4.18466755,0.360064,SN Ia,0.9100,0.577929
SIM06364,44.847734,2.90245331,3.92019362,0.326356,SN II,0.5800,0.338789
SIM06365,35.149280,2.18833525,2.44138857,0.118808,SN II,0.5800,0.058581
SIM06366,36.703341,1.43454927,1.96593952,0.342137,SN II,0.5800,0.409434
SIM06367,30.242672,2.90227623,2.34999714,-0.229179,SN II,0.5800,0.186399
SIM06368,35.817132,4.32437289,5.43633411,0.248458,AGN flare,0.6700,0.659221
SIM06369,28.080047,1.41912667,1.89302239,0.312836,SN II,0.5800,0.552364
SIM06370,31.054736,3.77750406,3.52498911,-0.075118,SN II,0.5800,0.830561
SIM06371,9.737098,0.82682220,1.01445368,0.222050,SN II,0.5800,0.763717
SIM06372,14.839081,3.68825321,4.04239083,0.099544,SN Ia,0.9100,0.965045
SIM06373,39.626143,2.95086468,3.64830231,0.230354,SN II,0.5800,0.139253
SIM06374,41.116299,1.00234032,0.99962216,-0.002948,SN II,0.5800,0.899337
SIM06375,36.871698,4.88726706,6.67430786,0.338350,AGN flare,0.6700,0.645578
SIM06376,2.450454,0.07278195,0.08495506,0.167914,SN II,0.5800,0.480821
SIM06377,5.002062,0.17440220,0.23751893,0.335366,SN II,0.5800,0.812261
SIM06378,23.418399,5.08052522,4.59099228,-0.110005,SN Ia,0.9100,0.542254
SIM06379,44.435828,2.43692732,1.76022359,-0.353187,SN II,0.5800,0.649628
SIM06380,4.158921,0.09542948,0.06806267,-0.366934,SN II,0.5800,0.499458
SIM06381,35.769926,2.39270927,2.87595427,0.199730,SN II,0.5800,0.990678
SIM06382,8.968498,0.62912507,0.64875241,0.033355,SN II,0.5800,0.116154
SIM06383,8.654894,0.65704880,0.52903042,-0.235292,SN II,0.5800,0.139227
SIM06384,13.394047,3.32253297,3.79392625,0.144049,SN Ia,0.9100,0.187151
SIM06385,43.137839,2.28280679,3.18630192,0.362044,SN II,0.5800,0.046851
SIM06386,11.001017,1.09812710,1.15968978,0.059223,SN II,0.5800,0.208108
SIM06387,14.843629,3.40490303,4.36502757,0.269706,SN Ia,0.9100,0.964956
SIM06388,10.413552,0.51532353,0.45303095,-0.139880,SN II,0.5800,0.225802
SIM06389,42.685317,4.46952531,3.46878156,-0.275211,AGN flare,0.6700,0.270167
SIM06390,14.036003,2.46223928,1.80725787,-0.335775,SN II,0.5800,0.713745
SIM06391,6.337131,0.57591524,0.62063543,0.081195,SN II,0.5800,0.401383
SIM06392,39.477010,5.41187370,5.47748222,0.013083,AGN flare,0.6700,0.414540
SIM06393,16.809563,0.85968641,1.15747859,0.322932,SN Ia,0.9100,0.011374
SIM06394,14.682210,3.77155324,3.85355702,0.023354,SN Ia,0.9100,0.697228
SIM06395,44.971152,2.31306510,3.01269001,0.286916,SN II,0.5800,0.247917
SIM06396,19.444025,1.02710764,1.40318323,0.338746,SN Ia,0.9100,0.507997
SIM06397,1.923975,0.03082669,0.02942913,-0.050374,kilonova,0.7200,0.342084
SIM06398,17.236216,4.14621818,5.68783154,0.343236,SN Ia,0.9100,0.578443
SIM06399,41.831743,2.91486230,3.79647281,0.286906,SN II,0.5800,0.319182
SIM06400,23.367476,3.55353095,3.61123495,0.017489,SN Ia,0.9100,0.767613
SIM06401,27.266988,5.73602773,5.58335173,-0.029291,SN II,0.5800,0.067252
SIM06402,17.477790,4.61708663,6.01525851,0.287216,SN Ia,0.9100,0.665898
SIM06403,23.860136,4.20885020,5.39574066,0.269719,SN Ia,0.9100,0.134010
SIM06404,27.160440,4.22542868,4.16059573,-0.016788,SN II,0.5800,0.608493
SIM06405,42.114549,3.39577197,4.04242660,0.189259,AGN flare,0.6700,0.895610
SIM06406,31.827930,2.10810665,2.71328249,0.274006,SN II,0.5800,0.721602
SIM06407,27.041973,4.82717266,6.52143225,0.326625,SN II,0.5800,0.929606
SIM06408,5.401322,0.27536037,0.35073856,0.262705,SN II,0.5800,0.557509
SIM06409,22.431974,2.69481241,2.12296897,-0.258962,SN II,0.5800,0.531445
SIM06410,3.849206,0.06060688,0.08183207,0.326004,SN II,0.5800,0.127738
SIM06411,4.568096,0.22518204,0.28605558,0.259792,SN II,0.5800,0.497026
SIM06412,34.425673,3.89610677,3.29784503,-0.181002,SN II,0.5800,0.248268
SIM06413,11.548589,1.20992644,1.11842535,-0.085380,SN II,0.5800,0.103023
SIM06414,38.753120,3.78081786,2.76219322,-0.340829,SN II,0.5800,0.857983
SIM06415,26.301775,2.33227162,2.87316699,0.226454,SN II,0.5800,0.657684
SIM06416,2.323530,0.05625966,0.04195624,-0.318501,kilonova,0.7200,0.368812
SIM06417,14.330762,1.25237901,1.24763444,-0.004121,SN Ia,0.9100,0.195000
SIM06418,18.841845,2.96138739,2.56225340,-0.157183,SN Ia,0.9100,0.067187
SIM06419,2.578364,0.14626798,0.16952277,0.160197,SN II,0.5800,0.759426
SIM06420,21.228861,3.65805478,3.03923494,-0.201215,SN II,0.5800,0.790253
SIM06421,7.640074,0.50262096,0.41499911,-0.207984,SN II,0.5800,0.085877
SIM06422,42.247100,4.04773421,2.91427554,-0.356703,AGN flare,0.6700,0.057376
SIM06423,2.933590,0.17290752,0.14012425,-0.228251,kilonova,0.7200,0.743099
SIM06424,26.284437,2.71258085,2.33067309,-0.164753,SN II,0.5800,0.455303
SIM06425,24.156629,1.49907209,1.08627128,-0.349711,SN II,0.5800,0.579245
SIM06426,20.364570,3.14709391,3.11040634,-0.012731,SN Ia,0.9100,0.647035
SIM06427,28.065918,3.24017996,3.43145978,0.062274,SN II,0.5800,0.092025
SIM06428,38.224045,3.44995251,2.56590901,-0.321430,SN II,0.5800,0.143350
SIM06429,39.742873,3.17050626,3.00497593,-0.058219,SN II,0.5800,0.919113
SIM06430,3.886168,0.29822181,0.27177844,-0.100811,SN II,0.5800,0.223907
SIM06431,38.173550,4.63443381,3.88712428,-0.190921,AGN flare,0.6700,0.505930
SIM06432,42.842880,2.98673244,2.26588334,-0.299897,SN II,0.5800,0.699184
SIM06433,16.560242,1.43301822,1.06291033,-0.324388,SN II,0.5800,0.799595
SIM06434,23.921929,2.69158872,2.11755427,-0.260435,SN II,0.5800,0.781138
SIM06435,37.552997,2.32617456,1.75934959,-0.303225,SN II,0.5800,0.801401
SIM06436,33.126491,2.34324071,2.56237167,0.097063,SN II,0.5800,0.175655
SIM06437,27.849556,3.41347185,2.69458294,-0.256762,SN II,0.5800,0.201330
SIM06438,20.742018,2.86684136,2.01082005,-0.385076,SN II,0.5800,0.297356
SIM06439,18.187061,1.36928688,1.38348480,0.011200,SN Ia,0.9100,0.472062
SIM06440,15.706382,2.25284460,2.21617728,-0.017817,SN Ia,0.9100,0.486610
SIM06441,25.028906,4.20532947,5.13048924,0.215897,SN II,0.5800,0.091855
SIM06442,40.106514,3.89544257,4.00860352,0.031091,AGN flare,0.6700,0.190479
SIM06443,10.605951,0.64795443,0.76206861,0.176124,SN II,0.5800,0.485373
SIM06444,22.500440,0.99269228,1.29341504,0.287308,SN Ia,0.9100,0.102605
SIM06445,4.347681,0.36211967,0.48796127,0.323833,SN II,0.5800,0.256419
SIM06446,1.960976,0.09062819,0.10418878,0.151394,SN II,0.5800,0.686174
SIM06447,5.032494,0.58908990,0.54413772,-0.086182,SN II,0.5800,0.277767
SIM06448,44.173270,1.51297715,1.46684901,-0.033617,SN II,0.5800,0.034573
SIM06449,17.847985,2.05725666,2.31242388,0.126947,SN Ia,0.9100,0.309960
SIM06450,19.823676,4.27982945,4.02875460,-0.065639,SN Ia,0.9100,0.671011
SIM06451,10.623590,0.38302319,0.51717015,0.326021,SN II,0.5800,0.232679
SIM06452,6.684527,0.59269266,0.58101673,-0.021602,SN II,0.5800,0.635620
SIM06453,20.592095,3.93688329,3.83045964,-0.029754,SN Ia,0.9100,0.824084
SIM06454,39.525279,2.56186394,3.43789644,0.319342,SN II,0.5800,0.270309
SIM06455,2.174952,0.07943929,0.08887037,0.121804,kilonova,0.7200,0.660758
SIM06456,28.180043,2.38482070,2.56677250,0.079829,SN II,0.5800,0.581880
SIM06457,26.677257,2.57621680,2.45349500,-0.052993,SN II,0.5800,0.099198
SIM06458,5.220074,0.39540843,0.33300686,-0.186482,SN II,0.5800,0.083784
SIM06459,16.920052,5.69914718,5.44401452,-0.049726,SN Ia,0.9100,0.133203
SIM06460,29.144505,2.33816479,2.11808883,-0.107327,SN II,0.5800,0.651507
SIM06461,2.098752,0.08497508,0.11763099,0.353075,SN II,0.5800,0.818676
SIM06462,25.816223,3.01164032,2.15899740,-0.361377,SN II,0.5800,0.722015
SIM06463,39.989667,4.28625453,3.44041919,-0.238666,AGN flare,0.6700,0.958793
SIM06464,38.121842,4.18322555,4.86921750,0.164870,AGN flare,0.6700,0.937293
SIM06465,43.264428,1.84854966,1.77816816,-0.042146,SN II,0.5800,0.144359
SIM06466,38.960656,1.93075646,2.63602653,0.338056,SN II,0.5800,0.103214
SIM06467,3.745847,0.15467355,0.20642055,0.313342,SN II,0.5800,0.777869
SIM06468,31.331763,5.69299469,6.78600110,0.190683,AGN flare,0.6700,0.657352
SIM06469,22.877979,1.52949814,1.82537792,0.192010,SN Ia,0.9100,0.780073
SIM06470,42.979633,3.33438148,3.29644204,-0.012425,SN II,0.5800,0.180191
SIM06471,11.748066,1.66700364,1.77391695,0.067492,SN II,0.5800,0.235011
SIM06472,18.055270,4.77820666,4.97873977,0.044636,SN Ia,0.9100,0.502883
SIM06473,43.477715,0.79060182,0.87969216,0.115932,SN II,0.5800,0.563035
SIM06474,15.044681,3.04918440,2.71279215,-0.126918,SN Ia,0.9100,0.405973
SIM06475,23.408731,1.81051361,1.44376410,-0.245764,SN II,0.5800,0.067756
SIM06476,14.017694,2.05517569,2.02185586,-0.017747,SN Ia,0.9100,0.297437
SIM06477,24.834334,4.04952151,3.27157228,-0.231618,SN II,0.5800,0.585253
SIM06478,19.895650,4.11580715,4.34927005,0.059903,SN Ia,0.9100,0.461597
SIM06479,43.814454,4.49319556,4.57197620,0.018872,AGN flare,0.6700,0.885594
SIM06480,41.575821,5.43635691,6.39987804,0.177159,AGN flare,0.6700,0.762466
SIM06481,27.708222,2.20566504,2.73972168,0.235417,SN II,0.5800,0.794358
SIM06482,7.182566,1.01462757,1.00848612,-0.006592,SN II,0.5800,0.652775
SIM06483,32.290583,6.97830151,5.01651323,-0.358369,AGN flare,0.6700,0.371545
SIM06484,6.836044,0.57664645,0.61673400,0.072971,SN II,0.5800,0.249802
SIM06485,33.266114,5.97887676,4.62571833,-0.278601,AGN flare,0.6700,0.205881
SIM06486,34.868037,1.72139321,1.99873378,0.162187,SN II,0.5800,0.013575
SIM06487,28.401494,4.03705658,3.23625004,-0.240057,SN II,0.5800,0.170361
SIM06488,22.226903,1.14443845,1.04111671,-0.102733,SN Ia,0.9100,0.061193
SIM06489,15.754047,1.22815511,1.59095486,0.281012,SN Ia,0.9100,0.182895
SIM06490,42.969102,4.01642908,3.31998533,-0.206760,AGN flare,0.6700,0.143984
SIM06491,42.543676,0.70820680,0.80968451,0.145389,SN II,0.5800,0.876381
SIM06492,24.860807,2.75351426,2.88634360,0.051152,SN Ia,0.9100,0.219270
SIM06493,1.836041,0.07166853,0.07614656,0.065804,kilonova,0.7200,0.624213
SIM06494,28.512436,6.00793514,4.33393940,-0.354606,SN II,0.5800,0.393233
SIM06495,7.901224,0.56467818,0.53778504,-0.052981,SN II,0.5800,0.408030
SIM06496,9.565391,0.62678283,0.54935004,-0.143170,SN II,0.5800,0.792647
SIM06497,19.907625,0.73640251,0.53618633,-0.344499,SN II,0.5800,0.251379
SIM06498,5.612889,0.44986050,0.33067161,-0.334202,SN II,0.5800,0.306605
SIM06499,13.252098,3.36487501,2.65346038,-0.257891,SN II,0.5800,0.710395
SIM06500,36.249186,1.63707866,2.08537475,0.262786,SN II,0.5800,0.246608
SIM06501,12.378526,0.74726331,0.67967547,-0.102930,SN Ia,0.9100,0.216027
SIM06502,3.501977,0.13867232,0.14001711,0.010478,SN II,0.5800,0.724536
SIM06503,33.019022,1.19821066,1.17376175,-0.022383,SN II,0.5800,0.485297
SIM06504,12.338418,1.28636463,1.33693213,0.041863,SN Ia,0.9100,0.510199
SIM06505,6.260722,0.82895770,1.08885297,0.296092,SN II,0.5800,0.895829
SIM06506,32.225419,0.94388131,0.68236655,-0.352249,SN II,0.5800,0.148928
SIM06507,10.790607,1.40296040,1.02608750,-0.339653,SN II,0.5800,0.193260
SIM06508,24.328158,2.55871875,1.85363052,-0.349998,SN II,0.5800,0.459118
SIM06509,37.636796,3.78946289,4.21729756,0.116141,AGN flare,0.6700,0.679737
SIM06510,8.506045,1.91006114,1.74097876,-0.100634,SN II,0.5800,0.611439
SIM06511,38.713333,3.62042709,3.23059529,-0.123693,SN II,0.5800,0.130432
SIM06512,39.659303,1.62205355,1.66629599,0.029217,SN II,0.5800,0.529914
SIM06513,15.934512,2.15578939,2.36790445,0.101895,SN Ia,0.9100,0.456313
SIM06514,13.628607,2.84860621,2.19599299,-0.282504,SN II,0.5800,0.121909
SIM06515,8.262458,0.44432807,0.50834810,0.146144,SN II,0.5800,0.333082
SIM06516,15.413183,1.14945055,1.13339532,-0.015272,SN Ia,0.9100,0.458033
SIM06517,25.909574,2.44534829,2.25019628,-0.090301,SN II,0.5800,0.166173
SIM06518,3.576267,0.26846919,0.23014291,-0.167242,SN II,0.5800,0.236540
SIM06519,38.313651,5.52719621,7.02974929,0.261087,AGN flare,0.6700,0.665023
SIM06520,6.008712,1.06220630,1.47154172,0.353909,SN II,0.5800,0.758245
SIM06521,44.613945,2.24344235,2.12062381,-0.061128,SN II,0.5800,0.769048
SIM06522,20.081455,2.02291234,2.54508972,0.249315,SN Ia,0.9100,0.237276
SIM06523,1.997760,0.01862838,0.01648928,-0.132433,kilonova,0.7200,0.234742
SIM06524,5.616843,0.33244338,0.38992040,0.173146,SN II,0.5800,0.616911
SIM06525,17.684290,3.88651923,3.34120261,-0.164145,SN Ia,0.9100,0.678147
SIM06526,36.229187,1.39452565,1.00849459,-0.351882,SN II,0.5800,0.595360
SIM06527,10.633071,0.72960388,0.63173146,-0.156387,SN II,0.5800,0.047624
SIM06528,13.507847,0.82859741,1.00458877,0.209112,SN Ia,0.9100,0.089839
SIM06529,18.899775,2.42461955,3.01678025,0.237250,SN Ia,0.9100,0.815261
SIM06530,24.397934,2.23998300,2.47975130,0.110409,SN Ia,0.9100,0.149865
SIM06531,39.915319,4.41383496,4.64730098,0.055962,AGN flare,0.6700,0.380301
SIM06532,34.348402,2.09318151,1.50594133,-0.357497,SN II,0.5800,0.643769
SIM06533,5.109228,0.57819995,0.71940808,0.237243,SN II,0.5800,0.624268
SIM06534,36.396269,5.35879714,6.63243963,0.231515,AGN flare,0.6700,0.858460
SIM06535,3.968482,0.26481156,0.34433030,0.285096,SN II,0.5800,0.412479
SIM06536,18.484248,2.14362244,2.61964012,0.217733,SN Ia,0.9100,0.636731
SIM06537,20.343375,2.38985386,1.78691397,-0.315669,SN II,0.5800,0.579866
SIM06538,40.779662,2.19711853,1.67375581,-0.295403,SN II,0.5800,0.581440
SIM06539,5.867079,0.29944787,0.32963755,0.104289,SN II,0.5800,0.495175
SIM06540,19.328817,3.40824529,4.72221283,0.354037,SN Ia,0.9100,0.680401
SIM06541,21.602771,2.65958879,3.52940907,0.307219,SN Ia,0.9100,0.946619
SIM06542,3.204870,0.24855284,0.19605361,-0.257610,SN II,0.5800,0.540730
SIM06543,35.693404,4.10534564,5.37760756,0.293098,AGN flare,0.6700,0.665703
SIM06544,25.856401,3.97080821,3.60641628,-0.104508,SN II,0.5800,0.262151
SIM06545,31.950700,1.03285812,0.98191817,-0.054913,SN II,0.5800,0.653591
SIM06546,12.032339,1.74473198,1.71769477,-0.016957,SN Ia,0.9100,0.890069
SIM06547,29.914674,1.74952780,2.19990339,0.248707,SN II,0.5800,0.707545
SIM06548,10.792304,2.51763755,2.75500394,0.097823,SN II,0.5800,0.030086
SIM06549,34.648537,3.96070177,3.74204685,-0.061657,SN II,0.5800,0.500317
SIM06550,5.327803,0.25148188,0.23441245,-0.076315,SN II,0.5800,0.491447
SIM06551,19.190496,3.56165692,3.35920376,-0.063539,SN Ia,0.9100,0.836408
SIM06552,27.652832,2.94040538,3.22010202,0.098656,SN II,0.5800,0.110790
SIM06553,9.708235,2.20562675,1.59361727,-0.352870,SN II,0.5800,0.316275
SIM06554,26.285373,6.46563863,7.45923266,0.155207,SN II,0.5800,0.828149
SIM06555,4.719125,0.36834406,0.39834849,0.085024,SN II,0.5800,0.655044
SIM06556,42.081361,5.14180196,4.21744343,-0.215165,AGN flare,0.6700,0.961517
SIM06557,2.157176,0.09391215,0.10644164,0.135974,kilonova,0.7200,0.411260
SIM06558,18.209381,1.04144923,0.90583641,-0.151471,SN Ia,0.9100,0.325805
SIM06559,27.608793,1.59870054,1.40431597,-0.140756,SN II,0.5800,0.339463
SIM06560,25.466792,3.92992523,3.57024169,-0.104217,SN II,0.5800,0.073678
SIM06561,5.395954,0.22593733,0.16007903,-0.374134,SN II,0.5800,0.534662
SIM06562,38.188327,4.75741905,5.36156699,0.129801,AGN flare,0.6700,0.091581
SIM06563,20.384722,2.49788829,3.00809923,0.201798,SN Ia,0.9100,0.059850
SIM06564,16.621947,2.33823377,2.25270403,-0.040459,SN Ia,0.9100,0.750762
SIM06565,26.754611,2.76209622,3.11232237,0.129614,SN II,0.5800,0.173519
SIM06566,27.853062,2.43585728,2.91627110,0.195440,SN II,0.5800,0.923629
SIM06567,15.470082,3.78813191,3.56569603,-0.065702,SN Ia,0.9100,0.918442
SIM06568,26.552742,3.98286193,5.14604621,0.278196,SN II,0.5800,0.557416
SIM06569,9.284659,0.78602445,1.05419815,0.318715,SN II,0.5800,0.137004
SIM06570,20.776985,4.47211279,3.18734403,-0.367710,SN II,0.5800,0.376237
SIM06571,39.376388,1.56328862,1.90594282,0.215177,SN II,0.5800,0.695667
SIM06572,17.862015,4.50513831,6.29193509,0.362690,SN Ia,0.9100,0.055661
SIM06573,27.227489,0.61954084,0.47251686,-0.294132,SN II,0.5800,0.390268
SIM06574,42.475236,4.21581631,3.02621543,-0.359955,AGN flare,0.6700,0.543159
SIM06575,19.124498,1.80209828,1.57759571,-0.144457,SN Ia,0.9100,0.821708
SIM06576,36.609159,0.79479747,0.85090987,0.074068,SN II,0.5800,0.602145
SIM06577,8.576308,1.31078905,1.18120913,-0.113015,SN II,0.5800,0.262062
SIM06578,6.177529,0.52045124,0.54029689,0.040631,SN II,0.5800,0.791366
SIM06579,10.343449,0.55674827,0.74895798,0.321996,SN II,0.5800,0.135415
SIM06580,16.039774,0.74629774,0.96958478,0.284184,SN Ia,0.9100,0.084149
SIM06581,15.989730,4.53401157,3.46963600,-0.290497,SN II,0.5800,0.848162
SIM06582,4.907739,0.35441005,0.43305404,0.217590,SN II,0.5800,0.125507
SIM06583,12.752922,0.77948237,0.86555586,0.113722,SN Ia,0.9100,0.992619
SIM06584,44.200346,1.93252866,1.80818434,-0.072208,SN II,0.5800,0.116263
SIM06585,27.845938,3.23561062,2.60917117,-0.233634,SN II,0.5800,0.086544
SIM06586,5.622886,0.23367850,0.23555719,0.008694,SN II,0.5800,0.539151
SIM06587,15.534128,3.70117207,4.28567777,0.159201,SN Ia,0.9100,0.266990
SIM06588,23.831347,3.20411828,3.16822876,-0.012230,SN Ia,0.9100,0.805970
SIM06589,17.449544,1.13926913,1.16213885,0.021579,SN Ia,0.9100,0.377771
SIM06590,22.305296,3.34838245,4.11939347,0.224996,SN Ia,0.9100,0.854386
SIM06591,37.423054,1.85808117,2.41699113,0.285526,SN II,0.5800,0.225144
SIM06592,4.344609,0.20013331,0.25214728,0.250837,SN II,0.5800,0.564982
SIM06593,30.325947,5.64411586,5.10039203,-0.109981,AGN flare,0.6700,0.073197
SIM06594,38.693378,2.51871821,1.92156490,-0.293811,SN II,0.5800,0.679223
SIM06595,34.753442,2.20875113,2.07969717,-0.065367,SN II,0.5800,0.143411
SIM06596,27.032390,2.84935536,2.60740306,-0.096346,SN II,0.5800,0.561358
SIM06597,39.254253,2.63625715,2.89681970,0.102334,SN II,0.5800,0.766189
SIM06598,11.291143,1.31548541,1.21578357,-0.085574,SN II,0.5800,0.481592
SIM06599,13.003063,1.60601338,1.30250629,-0.227423,SN II,0.5800,0.353923
SIM06600,23.840081,0.53863323,0.64861252,0.201730,SN Ia,0.9100,0.045722
SIM06601,35.860915,2.51874129,3.05618359,0.209990,SN II,0.5800,0.995024
SIM06602,1.041357,0.01430119,0.01191074,-0.198583,kilonova,0.7200,0.526346
SIM06603,38.645514,3.32415406,4.57166729,0.345984,AGN flare,0.6700,0.596970
SIM06604,2.460203,0.16344423,0.13832573,-0.181167,kilonova,0.7200,0.789059
SIM06605,6.851174,0.89903935,0.79898163,-0.128105,SN II,0.5800,0.445097
SIM06606,34.854548,5.11217464,4.67279516,-0.097572,AGN flare,0.6700,0.983183
SIM06607,18.670672,1.74024602,1.85760655,0.070858,SN Ia,0.9100,0.536738
SIM06608,42.070423,1.67158034,1.91523198,0.147735,SN II,0.5800,0.422582
SIM06609,7.244975,0.63324618,0.81445281,0.273233,SN II,0.5800,0.977728
SIM06610,34.781461,4.64658447,5.63726213,0.209836,AGN flare,0.6700,0.961125
SIM06611,44.732048,1.64565870,1.34147362,-0.221894,SN II,0.5800,0.068992
SIM06612,2.004632,0.06102014,0.06613093,0.087329,kilonova,0.7200,0.692917
SIM06613,16.788245,1.64557356,2.07670295,0.252643,SN Ia,0.9100,0.501157
SIM06614,40.284145,2.27080670,2.11559561,-0.076869,SN II,0.5800,0.979665
SIM06615,17.884741,2.58318925,3.21280151,0.236819,SN Ia,0.9100,0.363981
SIM06616,16.203857,2.33424926,2.95398259,0.255652,SN Ia,0.9100,0.223423
SIM06617,26.428828,4.66039560,5.91438256,0.258717,SN II,0.5800,0.076800
SIM06618,16.319976,1.09536282,0.92290393,-0.186004,SN Ia,0.9100,0.135366
SIM06619,27.034828,0.81770008,1.02029559,0.240330,SN II,0.5800,0.799848
SIM06620,25.227445,1.33601208,1.82671398,0.339650,SN II,0.5800,0.116025
SIM06621,1.645386,0.02351623,0.03162439,0.321636,SN II,0.5800,0.254454
SIM06622,18.930801,1.78869458,2.11040393,0.179573,SN Ia,0.9100,0.973752
SIM06623,15.031264,0.78840138,0.95863586,0.212266,SN Ia,0.9100,0.884753
SIM06624,18.630025,4.24486104,5.19454821,0.219211,SN Ia,0.9100,0.158344
SIM06625,28.003970,1.94209449,2.20401441,0.137360,SN II,0.5800,0.732350
SIM06626,25.471601,5.39582750,5.42355596,0.005565,SN II,0.5800,0.485079
SIM06627,32.032725,2.29441522,3.20755736,0.363756,SN II,0.5800,0.258628
SIM06628,42.173362,3.68685504,3.48303448,-0.061746,SN II,0.5800,0.167413
SIM06629,2.486298,0.05196696,0.03760859,-0.351101,kilonova,0.7200,0.189468
SIM06630,20.599035,3.26907584,3.98333262,0.214554,SN Ia,0.9100,0.280186
SIM06631,4.444883,0.16340463,0.13394439,-0.215850,SN II,0.5800,0.434578
SIM06632,18.578524,0.73453180,0.52514307,-0.364332,SN II,0.5800,0.892097
SIM06633,38.236171,2.33002905,1.68058077,-0.354755,SN II,0.5800,0.912320
SIM06634,33.616321,1.72502903,2.05512605,0.190105,SN II,0.5800,0.007689
SIM06635,23.177834,1.65278885,1.33840634,-0.229073,SN II,0.5800,0.025317
SIM06636,4.166035,0.48941991,0.56745452,0.160624,SN II,0.5800,0.844034
SIM06637,31.315756,1.92312070,2.11546428,0.103498,SN II,0.5800,0.270348
SIM06638,28.535833,2.34883146,3.00063058,0.265902,SN II,0.5800,0.939786
SIM06639,42.283927,4.84155599,4.05549039,-0.192354,AGN flare,0.6700,0.497543
SIM06640,16.029882,2.60477789,2.57280650,-0.013409,SN Ia,0.9100,0.144767
SIM06641,3.646641,0.44134771,0.35701939,-0.230223,SN II,0.5800,0.917996
SIM06642,32.985836,2.41534613,3.14945942,0.288142,SN II,0.5800,0.882937
SIM06643,8.984908,1.08263867,1.26240845,0.166791,SN II,0.5800,0.868086
SIM06644,24.276555,2.65724795,3.48910749,0.295706,SN Ia,0.9100,0.476756
SIM06645,32.487660,3.49889583,4.71275236,0.323359,AGN flare,0.6700,0.049261
SIM06646,5.107459,0.54875714,0.54017438,-0.017115,SN II,0.5800,0.345176
SIM06647,28.792809,3.58064104,4.70289718,0.296012,SN II,0.5800,0.899944
SIM06648,33.626155,1.61668945,1.41250789,-0.146589,SN II,0.5800,0.398194
SIM06649,14.559049,1.66005120,2.16395081,0.287815,SN Ia,0.9100,0.243298
SIM06650,10.046060,1.78021040,1.82653853,0.027894,SN II,0.5800,0.812694
SIM06651,9.508179,0.79497882,0.96130573,0.206265,SN II,0.5800,0.395222
SIM06652,42.871408,4.10569235,4.48100554,0.094973,AGN flare,0.6700,0.800289
SIM06653,24.058349,2.25665931,2.37053975,0.053453,SN Ia,0.9100,0.347682
SIM06654,24.035449,2.08731815,2.78318380,0.312383,SN Ia,0.9100,0.424453
SIM06655,2.397323,0.15069864,0.18834654,0.242121,SN II,0.5800,0.850798
SIM06656,1.284367,0.01401211,0.01293736,-0.086644,kilonova,0.7200,0.956886
SIM06657,38.707024,1.22731501,1.43811218,0.172092,SN II,0.5800,0.189828
SIM06658,41.430090,4.31088856,3.34709837,-0.274746,AGN flare,0.6700,0.549376
SIM06659,30.885531,3.89357849,4.30128144,0.108122,AGN flare,0.6700,0.988970
SIM06660,44.139556,1.04540829,1.30894325,0.244087,SN II,0.5800,0.434120
SIM06661,27.424162,3.40086839,4.26075654,0.244742,SN II,0.5800,0.516588
SIM06662,9.359475,0.82058810,0.64241089,-0.265781,SN II,0.5800,0.698893
SIM06663,5.273091,0.42066917,0.43634188,0.039716,SN II,0.5800,0.127815
SIM06664,32.954284,1.13477109,0.80894940,-0.367467,SN II,0.5800,0.126489
SIM06665,25.570852,3.09093111,2.43395121,-0.259444,SN II,0.5800,0.297154
SIM06666,27.491875,5.10131566,6.29198134,0.227763,SN II,0.5800,0.279521
SIM06667,8.727325,0.57891653,0.45295982,-0.266391,SN II,0.5800,0.434360
SIM06668,19.134341,3.12168073,3.12877456,0.002464,SN Ia,0.9100,0.442353
SIM06669,14.605896,1.22129485,1.49262443,0.217825,SN Ia,0.9100,0.103798
SIM06670,19.191308,1.16392350,1.45316578,0.240977,SN Ia,0.9100,0.443564
SIM06671,43.945780,2.24270605,2.95115318,0.298048,SN II,0.5800,0.537031
SIM06672,32.640204,5.14611176,4.81045286,-0.073233,AGN flare,0.6700,0.861674
SIM06673,31.053479,2.06073480,2.75834663,0.316567,SN II,0.5800,0.443767
SIM06674,16.203596,0.99592093,0.93156945,-0.072524,SN Ia,0.9100,0.047959
SIM06675,18.363325,3.71046968,4.23021334,0.142333,SN Ia,0.9100,0.861680
SIM06676,9.989645,1.35592337,1.51670244,0.121663,SN II,0.5800,0.624154
SIM06677,9.872891,1.28439818,0.94911302,-0.328454,SN II,0.5800,0.820804
SIM06678,44.856338,3.03865131,2.33686995,-0.285116,SN II,0.5800,0.008432
SIM06679,39.279619,6.04547235,7.27450349,0.200933,AGN flare,0.6700,0.772778
SIM06680,34.532489,3.83190032,3.49791263,-0.099013,SN II,0.5800,0.777237
SIM06681,17.964609,1.29009022,1.22039686,-0.060298,SN Ia,0.9100,0.138577
SIM06682,3.881853,0.15067061,0.16357011,0.089188,SN II,0.5800,0.566022
SIM06683,12.773614,0.54843010,0.46132638,-0.187782,SN Ia,0.9100,0.047703
SIM06684,27.055657,5.06021383,5.44835265,0.080241,SN II,0.5800,0.914379
SIM06685,8.508007,0.97105891,0.85811017,-0.134256,SN II,0.5800,0.497900
SIM06686,7.097367,0.92079216,0.97607133,0.063300,SN II,0.5800,0.870239
SIM06687,17.471817,2.65275689,1.99743125,-0.308064,SN II,0.5800,0.416326
SIM06688,14.341808,2.28451360,2.61731260,0.147655,SN Ia,0.9100,0.195490
SIM06689,2.787856,0.06761849,0.08452993,0.242363,SN II,0.5800,0.175836
SIM06690,41.434286,2.00190061,2.42162117,0.206659,SN II,0.5800,0.193574
SIM06691,44.705712,3.63318251,3.74526456,0.032988,SN II,0.5800,0.875352
SIM06692,19.297641,1.73703616,1.93738892,0.118520,SN Ia,0.9100,0.128755
SIM06693,21.411075,2.63708162,3.60467877,0.339357,SN Ia,0.9100,0.192230
SIM06694,23.622347,1.24365681,1.39379964,0.123749,SN Ia,0.9100,0.509562
SIM06695,27.771828,3.00938054,3.24230944,0.080943,SN II,0.5800,0.795727
SIM06696,42.081945,4.18055643,4.96403924,0.186503,AGN flare,0.6700,0.914344
SIM06697,1.514040,0.03759888,0.02690594,-0.363317,kilonova,0.7200,0.956673
SIM06698,11.423675,0.34003382,0.40672853,0.194456,SN II,0.5800,0.174036
SIM06699,25.777100,5.83886037,5.77157571,-0.012584,SN II,0.5800,0.360282
SIM06700,35.106024,4.04359475,4.16326193,0.031665,AGN flare,0.6700,0.286102
SIM06701,5.114121,0.14870009,0.16533214,0.115115,SN II,0.5800,0.763783
SIM06702,20.889541,1.57975174,1.57606932,-0.002534,SN Ia,0.9100,0.486829
SIM06703,44.648391,4.04575239,4.23889348,0.050633,AGN flare,0.6700,0.519331
SIM06704,24.910511,4.88923472,6.66171535,0.335863,SN Ia,0.9100,0.500706
SIM06705,29.118254,3.33192520,3.11009827,-0.074803,SN II,0.5800,0.589622
SIM06706,18.459973,3.15061397,2.56269209,-0.224247,SN II,0.5800,0.184007
SIM06707,9.568701,1.68100357,1.30454725,-0.275272,SN II,0.5800,0.176412
SIM06708,22.412675,2.11556092,2.88419558,0.336498,SN Ia,0.9100,0.023427
SIM06709,35.332532,3.68537120,3.97409195,0.081892,SN II,0.5800,0.594993
SIM06710,8.838996,1.05931911,1.39661425,0.300124,SN II,0.5800,0.867030
SIM06711,26.354454,2.92426156,2.34036612,-0.241831,SN II,0.5800,0.577952
SIM06712,21.433506,1.66412287,1.31213230,-0.258019,SN II,0.5800,0.891196
SIM06713,34.996433,3.00047638,3.90366018,0.285704,SN II,0.5800,0.714236
SIM06714,32.911724,2.29350364,2.03065979,-0.132156,SN II,0.5800,0.252540
SIM06715,8.715224,1.83942278,2.02420170,0.103931,SN II,0.5800,0.479541
SIM06716,15.066349,2.05141863,2.48225661,0.206981,SN Ia,0.9100,0.691844
SIM06717,24.326583,1.01621218,0.71908739,-0.375507,SN II,0.5800,0.919124
SIM06718,18.303443,2.55650107,2.22837501,-0.149144,SN Ia,0.9100,0.380093
SIM06719,17.327471,0.81070548,1.00281412,0.230893,SN Ia,0.9100,0.893265
SIM06720,20.597041,1.89032383,2.60204377,0.346946,SN Ia,0.9100,0.897789
SIM06721,40.254479,2.19699282,2.54019963,0.157598,SN II,0.5800,0.600132
SIM06722,28.557297,4.49675395,4.56202028,0.015645,SN II,0.5800,0.669529
SIM06723,22.732289,3.67842337,3.75592364,0.022638,SN Ia,0.9100,0.470240
SIM06724,37.506917,2.23039268,2.56251534,0.150713,SN II,0.5800,0.314774
SIM06725,41.661749,2.30041369,2.42561903,0.057542,SN II,0.5800,0.445730
SIM06726,30.665974,2.31426349,1.85579471,-0.239707,SN II,0.5800,0.703635
SIM06727,42.908523,2.07426376,2.81161895,0.330231,SN II,0.5800,0.139223
SIM06728,25.040978,1.62812327,1.87203970,0.151569,SN II,0.5800,0.812003
SIM06729,20.951957,5.51931028,7.46607269,0.328019,SN Ia,0.9100,0.025297
SIM06730,15.127484,3.86907272,3.30730347,-0.170332,SN Ia,0.9100,0.121568
SIM06731,20.375094,3.51062411,4.47564801,0.263679,SN Ia,0.9100,0.854857
SIM06732,15.587744,2.44760907,3.08328015,0.250677,SN Ia,0.9100,0.220054
SIM06733,28.240490,3.84226527,4.25809614,0.111570,SN II,0.5800,0.753497
SIM06734,5.996748,0.30971822,0.39032851,0.251159,SN II,0.5800,0.348920
SIM06735,24.405842,5.14338334,5.36998712,0.046811,SN Ia,0.9100,0.763334
SIM06736,22.440153,4.80378459,6.58329378,0.342149,SN Ia,0.9100,0.520931
SIM06737,24.096506,1.53910171,1.08844895,-0.376148,SN II,0.5800,0.109193
SIM06738,40.787925,4.55286819,4.75594246,0.047379,AGN flare,0.6700,0.690744
SIM06739,29.451829,3.15706008,2.25151625,-0.367019,SN II,0.5800,0.441781
SIM06740,22.377062,1.28856168,1.35218548,0.052328,SN Ia,0.9100,0.045576
SIM06741,28.208679,4.54914945,5.25861109,0.157352,SN II,0.5800,0.098141
SIM06742,11.487024,1.21392480,0.91775519,-0.303662,SN II,0.5800,0.670007
SIM06743,3.042338,0.04811896,0.05962124,0.232712,SN II,0.5800,0.098365
SIM06744,24.367966,6.13329590,6.07331341,-0.010671,SN Ia,0.9100,0.587955
SIM06745,16.056071,3.27204350,2.94597186,-0.113976,SN Ia,0.9100,0.875912
SIM06746,42.017944,3.44936531,4.46072596,0.279166,AGN flare,0.6700,0.460585
SIM06747,40.527348,3.65972475,4.14076227,0.134080,AGN flare,0.6700,0.756269
SIM06748,12.581512,2.17949591,2.97871113,0.339181,SN Ia,0.9100,0.889314
SIM06749,10.914360,2.82487963,2.45793500,-0.151074,SN II,0.5800,0.079248
SIM06750,20.410271,4.23658870,4.93844288,0.166434,SN Ia,0.9100,0.906819
SIM06751,42.585374,1.02332860,1.12956594,0.107241,SN II,0.5800,0.443758
SIM06752,1.711930,0.03158086,0.03361964,0.067923,kilonova,0.7200,0.883005
SIM06753,3.647723,0.14688215,0.19305579,0.296785,SN II,0.5800,0.934500
SIM06754,16.458848,0.80206556,0.58309452,-0.346177,SN II,0.5800,0.583361
SIM06755,12.693700,1.37010899,1.71741684,0.245302,SN Ia,0.9100,0.784413
SIM06756,8.923942,0.41336480,0.55378469,0.317519,SN II,0.5800,0.922716
SIM06757,42.441937,3.07666161,3.38993301,0.105278,SN II,0.5800,0.267026
SIM06758,28.837484,1.55342483,1.58134533,0.019341,SN II,0.5800,0.601301
SIM06759,3.881930,0.35946602,0.40703339,0.134930,SN II,0.5800,0.376462
SIM06760,1.775558,0.02117635,0.02358910,0.117151,kilonova,0.7200,0.796152
SIM06761,16.486680,4.16234609,4.87322599,0.171196,SN Ia,0.9100,0.737705
SIM06762,35.060249,2.73908226,3.70666738,0.328446,SN II,0.5800,0.490681
SIM06763,13.773571,2.73360904,3.02781908,0.110984,SN Ia,0.9100,0.735520
SIM06764,18.279457,2.48658294,2.34836871,-0.062092,SN Ia,0.9100,0.692795
SIM06765,34.355661,3.03197952,3.13642194,0.036771,SN II,0.5800,0.110133
SIM06766,35.195295,1.24092480,1.00449999,-0.229489,SN II,0.5800,0.874367
SIM06767,21.576712,4.62392280,4.84969687,0.051760,SN Ia,0.9100,0.768554
SIM06768,23.987842,1.26081470,1.21161001,-0.043221,SN Ia,0.9100,0.303579
SIM06769,6.407592,0.68698573,0.57010403,-0.202484,SN II,0.5800,0.581264
SIM06770,4.346379,0.36576737,0.49143986,0.320664,SN II,0.5800,0.625017
SIM06771,17.270339,2.94572785,4.07895237,0.353390,SN Ia,0.9100,0.268592
SIM06772,10.805344,2.55078820,3.42307410,0.319355,SN II,0.5800,0.460085
SIM06773,23.405325,3.56089275,3.47598910,-0.026201,SN Ia,0.9100,0.831378
SIM06774,22.466352,3.48422446,3.83499373,0.104146,SN Ia,0.9100,0.059467
SIM06775,2.664286,0.07749538,0.07702919,-0.006551,kilonova,0.7200,0.945813
SIM06776,30.832531,2.04163786,2.09068009,0.025772,SN II,0.5800,0.322730
SIM06777,15.430099,2.79583029,3.19347989,0.144383,SN Ia,0.9100,0.176940
SIM06778,39.230940,6.24464687,6.88972252,0.106735,AGN flare,0.6700,0.291018
SIM06779,3.439735,0.13107122,0.13756798,0.052525,SN II,0.5800,0.008114
SIM06780,32.901858,1.28359616,1.40068266,0.094778,SN II,0.5800,0.844583
SIM06781,7.824387,0.90472249,1.11877193,0.230565,SN II,0.5800,0.184433
SIM06782,29.185596,1.63847712,1.52609959,-0.077144,SN II,0.5800,0.919547
SIM06783,42.663197,2.23019749,1.60719062,-0.355690,SN II,0.5800,0.279709
SIM06784,19.398260,3.23168631,4.12273005,0.264389,SN Ia,0.9100,0.575056
SIM06785,5.119341,0.10815672,0.12192291,0.130080,SN II,0.5800,0.653547
SIM06786,30.021610,7.26073589,8.92887618,0.224540,AGN flare,0.6700,0.487337
SIM06787,1.194709,0.01028308,0.00752123,-0.339586,kilonova,0.7200,0.152289
SIM06788,11.151933,1.74996991,2.22330301,0.259920,SN II,0.5800,0.503050
SIM06789,18.689265,2.83682287,2.73677748,-0.038982,SN Ia,0.9100,0.980331
SIM06790,15.479296,3.50044439,3.27545033,-0.072130,SN Ia,0.9100,0.587103
SIM06791,31.799587,1.14938899,1.12051964,-0.027619,SN II,0.5800,0.984203
SIM06792,6.582440,0.55740278,0.52883989,-0.057112,SN II,0.5800,0.122648
SIM06793,9.070105,1.60656225,1.63167056,0.016837,SN II,0.5800,0.666068
SIM06794,7.702968,1.67104119,1.61792922,-0.035069,SN II,0.5800,0.432013
SIM06795,33.269230,3.80704060,4.22499973,0.113098,AGN flare,0.6700,0.305938
SIM06796,5.807177,0.27489304,0.20763615,-0.304652,SN II,0.5800,0.371018
SIM06797,43.618712,2.52714666,2.78670533,0.106152,SN II,0.5800,0.148368
SIM06798,41.326659,2.04727445,2.67057971,0.288574,SN II,0.5800,0.562799
SIM06799,41.435760,5.35129286,4.90366148,-0.094846,AGN flare,0.6700,0.193958
SIM06800,33.186933,8.10560494,9.23803313,0.141985,AGN flare,0.6700,0.279170
SIM06801,42.020295,2.15396903,3.00224073,0.360515,SN II,0.5800,0.904230
SIM06802,31.068791,7.23649134,6.22205697,-0.163985,AGN flare,0.6700,0.563282
SIM06803,21.119754,3.16636378,4.02960355,0.261754,SN Ia,0.9100,0.730177
SIM06804,1.279558,0.00950749,0.01242219,0.290330,SN II,0.5800,0.651671
SIM06805,27.910246,1.62955872,1.43033809,-0.141578,SN II,0.5800,0.412085
SIM06806,17.543011,3.30841653,3.56314758,0.080534,SN Ia,0.9100,0.601229
SIM06807,2.622298,0.19139809,0.25946002,0.330332,SN II,0.5800,0.549883
SIM06808,31.827879,6.90787540,5.06964093,-0.335918,AGN flare,0.6700,0.821521
SIM06809,17.877110,1.14539962,0.81092777,-0.374937,SN II,0.5800,0.941039
SIM06810,30.451845,5.04493295,5.06730250,0.004804,AGN flare,0.6700,0.769312
SIM06811,17.233929,5.60477233,6.50159123,0.161154,SN Ia,0.9100,0.455030
SIM06812,29.831604,1.04464529,0.73684844,-0.378977,SN II,0.5800,0.884049
SIM06813,35.492089,1.96993625,2.75574876,0.364469,SN II,0.5800,0.487130
SIM06814,2.505665,0.09196643,0.11109643,0.205177,SN II,0.5800,0.791994
SIM06815,13.882230,3.61405268,4.92199337,0.335366,SN Ia,0.9100,0.931926
SIM06816,35.155207,3.45922036,2.49104704,-0.356491,SN II,0.5800,0.381969
SIM06817,27.507447,1.67262171,1.72816969,0.035472,SN II,0.5800,0.631267
SIM06818,16.800555,2.14865606,2.12905791,-0.009949,SN Ia,0.9100,0.112111
SIM06819,36.464374,1.59705657,1.52980066,-0.046714,SN II,0.5800,0.901096
SIM06820,33.695932,3.15517076,2.70713243,-0.166283,SN II,0.5800,0.714606
SIM06821,43.028635,1.18724812,1.33150676,0.124505,SN II,0.5800,0.882025
SIM06822,3.621118,0.26551134,0.20901485,-0.259765,SN II,0.5800,0.120776
SIM06823,7.831527,0.76125646,0.61127893,-0.238229,SN II,0.5800,0.453081
SIM06824,25.795262,4.66397003,4.98445144,0.072154,SN II,0.5800,0.581462
SIM06825,12.026057,2.43646811,2.48444937,0.021174,SN Ia,0.9100,0.514958
SIM06826,37.273443,1.53118877,1.79218790,0.170887,SN II,0.5800,0.318670
SIM06827,6.164828,1.11978024,1.26733807,0.134399,SN II,0.5800,0.229267
SIM06828,2.271647,0.12415843,0.11472555,-0.085790,kilonova,0.7200,0.298564
SIM06829,36.835342,4.25485190,4.76972248,0.124022,AGN flare,0.6700,0.106079
SIM06830,25.285272,1.81174649,1.35808134,-0.312929,SN II,0.5800,0.376789
SIM06831,31.420426,5.26446791,3.71453943,-0.378624,AGN flare,0.6700,0.688156
SIM06832,36.732781,1.25223329,1.62261868,0.281328,SN II,0.5800,0.170860
SIM06833,21.068831,1.89583334,2.60576546,0.345338,SN Ia,0.9100,0.433545
SIM06834,6.612737,0.81394121,0.59277390,-0.344260,SN II,0.5800,0.707141
SIM06835,2.130963,0.03346861,0.04415900,0.300954,SN II,0.5800,0.004848
SIM06836,27.504719,0.75120204,1.00843130,0.319724,SN II,0.5800,0.204166
SIM06837,41.393915,0.65199840,0.84632381,0.283225,SN II,0.5800,0.766327
SIM06838,32.590350,1.94568509,1.87716062,-0.038928,SN II,0.5800,0.333311
SIM06839,11.114870,0.66871396,0.57496997,-0.163988,SN II,0.5800,0.561450
SIM06840,28.823031,3.50529820,4.28195324,0.217292,SN II,0.5800,0.896483
SIM06841,42.876031,4.95063803,4.40817993,-0.126005,AGN flare,0.6700,0.505937
SIM06842,27.543872,6.20915474,4.93694075,-0.248936,SN II,0.5800,0.933302
SIM06843,10.019242,0.47126348,0.38536412,-0.218481,SN II,0.5800,0.256003
SIM06844,34.381208,0.84215200,0.82458344,-0.022890,SN II,0.5800,0.396919
SIM06845,9.238969,1.45207408,1.67737349,0.156603,SN II,0.5800,0.849319
SIM06846,1.285577,0.01186315,0.01456490,0.222769,SN II,0.5800,0.438752
SIM06847,20.124864,3.69247233,3.73813571,0.013345,SN Ia,0.9100,0.979059
SIM06848,21.841130,3.79527479,3.03912231,-0.241238,SN II,0.5800,0.226178
SIM06849,34.034621,1.02411979,1.04546944,0.022401,SN II,0.5800,0.464849
SIM06850,39.545902,2.46434180,2.62126573,0.067025,SN II,0.5800,0.692033
SIM06851,32.928773,3.98368899,5.11087188,0.270524,AGN flare,0.6700,0.529189
SIM06852,44.085076,4.56757994,3.53272619,-0.278940,AGN flare,0.6700,0.156671
SIM06853,30.488358,5.74872136,6.92341969,0.201874,AGN flare,0.6700,0.687431
SIM06854,13.705557,1.32609768,1.66813933,0.249142,SN Ia,0.9100,0.895710
SIM06855,23.220237,1.66765210,2.26878165,0.334218,SN Ia,0.9100,0.437214
SIM06856,2.474265,0.14532018,0.19495034,0.318995,SN II,0.5800,0.682070
SIM06857,37.527874,2.69133914,2.35889557,-0.143149,SN II,0.5800,0.008190
SIM06858,9.801504,0.62399718,0.51734036,-0.203516,SN II,0.5800,0.368601
SIM06859,3.989572,0.04833730,0.05758484,0.190064,SN II,0.5800,0.200387
SIM06860,1.386485,0.05549961,0.06647365,0.195899,SN II,0.5800,0.202991
SIM06861,4.522140,0.20133572,0.26781917,0.309802,SN II,0.5800,0.593365
SIM06862,44.234234,2.82002218,3.75480561,0.310837,SN II,0.5800,0.308510
SIM06863,38.319737,6.39742846,7.52163558,0.175767,AGN flare,0.6700,0.240711
SIM06864,14.283392,2.65524362,3.29105538,0.233077,SN Ia,0.9100,0.483492
SIM06865,1.608217,0.05395848,0.06310744,0.170052,SN II,0.5800,0.383765
SIM06866,16.953849,2.12544998,1.77055985,-0.198351,SN Ia,0.9100,0.174743
SIM06867,40.081594,4.84822752,6.72165468,0.354733,AGN flare,0.6700,0.213415
SIM06868,5.676991,0.10758549,0.13035802,0.208460,SN II,0.5800,0.714127
SIM06869,17.336415,1.33097137,1.74703493,0.295332,SN Ia,0.9100,0.917814
SIM06870,23.527092,2.77352974,3.16298074,0.142659,SN Ia,0.9100,0.553540
SIM06871,10.070319,0.82938329,0.95781373,0.156314,SN II,0.5800,0.718124
SIM06872,4.780761,0.12462940,0.15042332,0.204237,SN II,0.5800,0.918698
SIM06873,32.541982,2.16706020,2.67311498,0.227867,SN II,0.5800,0.211547
SIM06874,29.965691,6.26653080,6.15122843,-0.020163,SN II,0.5800,0.595138
SIM06875,24.854719,2.93400876,3.25319983,0.112123,SN Ia,0.9100,0.134827
SIM06876,32.749620,1.26216594,1.46332881,0.160564,SN II,0.5800,0.474422
SIM06877,3.396149,0.08686675,0.10384840,0.193866,SN II,0.5800,0.876910
SIM06878,22.434625,1.04758540,1.19634292,0.144166,SN Ia,0.9100,0.211249
SIM06879,39.421431,5.57676482,5.66889059,0.017789,AGN flare,0.6700,0.061938
SIM06880,33.461029,3.07648114,3.39879089,0.108175,SN II,0.5800,0.240249
SIM06881,34.680325,6.05924881,7.15044547,0.179786,AGN flare,0.6700,0.807828
SIM06882,21.905320,3.18041382,2.40158468,-0.304964,SN II,0.5800,0.564569
SIM06883,25.001653,1.54250974,1.76398012,0.145664,SN II,0.5800,0.551872
SIM06884,37.879950,2.75500359,3.35077882,0.212559,SN II,0.5800,0.124517
SIM06885,3.495886,0.11936478,0.15666661,0.295251,SN II,0.5800,0.396081
SIM06886,38.290240,3.60758908,4.40380708,0.216528,AGN flare,0.6700,0.170369
SIM06887,16.079275,3.04744009,3.62809025,0.189357,SN Ia,0.9100,0.496724
SIM06888,18.180852,5.28783280,4.56971596,-0.158471,SN Ia,0.9100,0.348940
SIM06889,27.350773,5.38877855,7.49509022,0.358216,SN II,0.5800,0.716542
SIM06890,25.119298,1.65971373,1.71039144,0.032656,SN II,0.5800,0.316939
SIM06891,30.385762,3.50201201,3.67935941,0.053636,SN II,0.5800,0.443927
SIM06892,12.647142,1.01627594,0.90766842,-0.122711,SN Ia,0.9100,0.613741
SIM06893,8.834259,0.66422741,0.74638008,0.126608,SN II,0.5800,0.373761
SIM06894,17.959810,1.87311382,2.59912874,0.355659,SN Ia,0.9100,0.043084
SIM06895,33.397693,2.14183227,2.55978037,0.193543,SN II,0.5800,0.192951
SIM06896,43.187544,3.06061878,2.58117701,-0.184979,SN II,0.5800,0.395632
SIM06897,5.397507,0.50792209,0.56566782,0.116911,SN II,0.5800,0.782806
SIM06898,9.931176,1.69996621,1.52893590,-0.115128,SN II,0.5800,0.164055
SIM06899,43.535318,3.47258455,4.83694777,0.359796,AGN flare,0.6700,0.375166
SIM06900,17.826733,1.03481662,0.83818280,-0.228812,SN II,0.5800,0.915347
SIM06901,2.355409,0.07632824,0.08315190,0.092967,kilonova,0.7200,0.521265
SIM06902,4.443023,0.29246859,0.29707946,0.016983,SN II,0.5800,0.552454
SIM06903,15.537955,2.48945867,3.26178826,0.293377,SN Ia,0.9100,0.700900
SIM06904,22.982711,4.45724162,4.20792638,-0.062495,SN Ia,0.9100,0.498154
SIM06905,23.937931,2.43551518,2.48463041,0.021677,SN Ia,0.9100,0.819060
SIM06906,27.671896,3.30470182,3.44122327,0.043951,SN II,0.5800,0.716764
SIM06907,8.565866,1.03144201,1.18305383,0.148899,SN II,0.5800,0.953596
SIM06908,31.819112,3.89813455,4.18927795,0.078206,AGN flare,0.6700,0.046177
SIM06909,2.833288,0.07637327,0.09876927,0.279201,SN II,0.5800,0.204353
SIM06910,34.397146,2.49287424,2.66185364,0.071210,SN II,0.5800,0.901220
SIM06911,19.081010,1.72941383,1.51000731,-0.147300,SN Ia,0.9100,0.819570
SIM06912,31.914805,1.90643749,2.01207099,0.058552,SN II,0.5800,0.810776
SIM06913,22.988356,1.11205998,1.17538680,0.060131,SN Ia,0.9100,0.135537
SIM06914,36.571261,5.71235493,6.66557537,0.167556,AGN flare,0.6700,0.090830
SIM06915,12.397900,2.62279486,2.07897036,-0.252290,SN II,0.5800,0.355215
SIM06916,28.139714,4.48132913,4.31120104,-0.042021,SN II,0.5800,0.524028
SIM06917,36.482017,1.57843400,1.70190337,0.081771,SN II,0.5800,0.954578
SIM06918,37.523913,2.66770613,3.31721789,0.236590,SN II,0.5800,0.991046
SIM06919,28.997098,1.89195906,1.79152238,-0.059224,SN II,0.5800,0.714032
SIM06920,18.073155,2.17968826,2.91643483,0.316145,SN Ia,0.9100,0.735109
SIM06921,28.639631,3.29817615,2.41114004,-0.340129,SN II,0.5800,0.667217
SIM06922,30.808344,1.43646711,1.89419596,0.300323,SN II,0.5800,0.602523
SIM06923,40.270033,1.97559366,1.52527575,-0.280873,SN II,0.5800,0.559101
SIM06924,23.665408,1.91352480,1.59500857,-0.197678,SN Ia,0.9100,0.873132
SIM06925,35.813963,4.59777310,4.25524825,-0.084057,AGN flare,0.6700,0.489454
SIM06926,32.866494,2.01471792,1.43894761,-0.365423,SN II,0.5800,0.968068
SIM06927,13.462429,2.26506187,2.89532085,0.266542,SN Ia,0.9100,0.204515
SIM06928,24.583603,1.31936029,1.21842782,-0.086409,SN Ia,0.9100,0.714801
SIM06929,4.349280,0.27447664,0.29315474,0.071479,SN II,0.5800,0.186019
SIM06930,25.073373,4.94863625,4.22571041,-0.171465,SN II,0.5800,0.429901
SIM06931,9.781908,1.05440538,1.47311661,0.363074,SN II,0.5800,0.007266
SIM06932,27.367464,1.81539169,1.57964643,-0.151026,SN II,0.5800,0.953022
SIM06933,18.468493,3.25584232,3.54720446,0.093057,SN Ia,0.9100,0.969641
SIM06934,6.080531,0.57163685,0.65682451,0.150823,SN II,0.5800,0.064282
SIM06935,33.501499,2.03655755,2.66863059,0.293479,SN II,0.5800,0.681040
SIM06936,10.455023,1.41076294,1.01593326,-0.356472,SN II,0.5800,0.732907
SIM06937,39.443397,1.86807101,1.55670581,-0.197967,SN II,0.5800,0.938393
SIM06938,25.754213,4.26423250,4.32279061,0.014808,SN II,0.5800,0.723168
SIM06939,1.963971,0.07958293,0.07048839,-0.131756,kilonova,0.7200,0.505938
SIM06940,36.452350,3.42876707,4.78658832,0.362220,AGN flare,0.6700,0.425719
SIM06941,14.913425,2.90598832,3.30626018,0.140108,SN Ia,0.9100,0.414496
SIM06942,3.348499,0.15203668,0.11631441,-0.290787,SN II,0.5800,0.685079
SIM06943,32.641287,2.04390112,2.33024065,0.142352,SN II,0.5800,0.902452
SIM06944,7.683885,0.61741062,0.63113248,0.023866,SN II,0.5800,0.747122
SIM06945,33.647954,2.28146865,2.37733287,0.044689,SN II,0.5800,0.945602
SIM06946,34.870346,0.68317389,0.55570978,-0.224208,SN II,0.5800,0.388458
SIM06947,39.546706,5.53127144,5.67620079,0.028082,AGN flare,0.6700,0.092414
SIM06948,34.124396,2.56034982,2.09275066,-0.218955,SN II,0.5800,0.021892
SIM06949,18.870331,3.34312715,3.41633716,0.023520,SN Ia,0.9100,0.737367
SIM06950,29.927944,2.49627162,2.22631262,-0.124264,SN II,0.5800,0.955816
SIM06951,43.261922,4.45337876,3.57793866,-0.237642,AGN flare,0.6700,0.955391
SIM06952,41.144994,1.58021335,2.03582847,0.275064,SN II,0.5800,0.239539
SIM06953,33.734778,2.72775341,2.40749566,-0.135599,SN II,0.5800,0.464027
SIM06954,12.224444,1.57365634,2.01647797,0.269209,SN Ia,0.9100,0.941234
SIM06955,37.866933,4.08942275,5.02273837,0.223196,AGN flare,0.6700,0.971807
SIM06956,18.202574,4.59335513,5.20616242,0.135969,SN Ia,0.9100,0.689833
SIM06957,12.138066,1.91140874,2.05168003,0.076890,SN Ia,0.9100,0.999131
SIM06958,38.462404,2.27421485,2.94997134,0.282466,SN II,0.5800,0.292017
SIM06959,4.002530,0.41164704,0.32077993,-0.270795,SN II,0.5800,0.190531
SIM06960,15.538149,3.84421560,3.67494265,-0.048893,SN Ia,0.9100,0.125919
SIM06961,19.580416,3.98761688,4.37247260,0.100034,SN Ia,0.9100,0.976660
SIM06962,42.727738,3.88113194,3.27557444,-0.184177,SN II,0.5800,0.367660
SIM06963,42.081862,2.51810003,2.33500290,-0.081964,SN II,0.5800,0.300931
SIM06964,9.244105,1.72621647,1.30521471,-0.303533,SN II,0.5800,0.022991
SIM06965,25.182640,1.11284781,1.51216717,0.332910,SN II,0.5800,0.097960
SIM06966,36.102870,2.81135671,3.05811029,0.091343,SN II,0.5800,0.300476
SIM06967,16.410340,0.68697891,0.89049589,0.281721,SN Ia,0.9100,0.479835
SIM06968,15.966401,4.33549796,5.75540372,0.307592,SN Ia,0.9100,0.999936
SIM06969,11.992259,0.83940577,0.70350153,-0.191767,SN II,0.5800,0.584901
SIM06970,32.498881,6.47307187,5.18494189,-0.240916,AGN flare,0.6700,0.112952
SIM06971,18.524285,1.77980156,1.50559491,-0.181659,SN Ia,0.9100,0.321875
SIM06972,25.907915,2.82384753,2.79154038,-0.012493,SN II,0.5800,0.317780
SIM06973,20.850069,2.28681131,1.97116887,-0.161266,SN Ia,0.9100,0.074068
SIM06974,17.881678,1.06234525,1.21395754,0.144845,SN Ia,0.9100,0.727839
SIM06975,15.912576,0.82399468,0.60851830,-0.329127,SN II,0.5800,0.177356
SIM06976,30.786211,4.25236990,4.24904242,-0.000850,AGN flare,0.6700,0.897273
SIM06977,2.466512,0.10176883,0.07540935,-0.325474,kilonova,0.7200,0.558490
SIM06978,16.174962,1.93738243,1.37331936,-0.373610,SN II,0.5800,0.572752
SIM06979,27.603546,2.09773378,1.85348589,-0.134403,SN II,0.5800,0.070273
SIM06980,6.291988,0.42221253,0.51092833,0.207072,SN II,0.5800,0.086121
SIM06981,25.047429,6.26750681,8.68890439,0.354676,SN II,0.5800,0.753238
SIM06982,7.166931,0.97615969,0.93003282,-0.052556,SN II,0.5800,0.965541
SIM06983,20.829925,2.71013315,2.57613744,-0.055054,SN Ia,0.9100,0.854046
SIM06984,27.838519,3.03975503,2.68619717,-0.134252,SN II,0.5800,0.640938
SIM06985,19.666413,3.57459738,4.53397821,0.258131,SN Ia,0.9100,0.387039
SIM06986,44.005508,1.87960032,2.35035647,0.242671,SN II,0.5800,0.970759
SIM06987,20.490436,1.61472210,2.09843911,0.284496,SN Ia,0.9100,0.434849
SIM06988,17.014574,3.33392090,4.34492393,0.287567,SN Ia,0.9100,0.261262
SIM06989,26.919782,2.35425007,2.99745470,0.262250,SN II,0.5800,0.311752
SIM06990,6.630653,0.65163967,0.70026944,0.078144,SN II,0.5800,0.603198
SIM06991,37.392248,3.06732483,3.05536100,-0.004243,SN II,0.5800,0.946256
SIM06992,42.317070,4.96235199,5.87824670,0.183901,AGN flare,0.6700,0.328803
SIM06993,44.768893,2.03547618,2.50691589,0.226184,SN II,0.5800,0.901426
SIM06994,33.537064,6.32474671,8.35817148,0.302670,AGN flare,0.6700,0.668305
SIM06995,11.907568,1.62419027,1.83318954,0.131426,SN II,0.5800,0.624264
SIM06996,39.609705,5.35483107,6.39653085,0.192997,AGN flare,0.6700,0.671108
SIM06997,33.803163,5.63343074,5.79302154,0.030330,AGN flare,0.6700,0.738282
SIM06998,7.502665,0.63386952,0.69132335,0.094203,SN II,0.5800,0.515596
SIM06999,38.881565,4.68336011,4.79639879,0.025894,AGN flare,0.6700,0.265836
SIM07000,8.039362,0.87691657,1.22466220,0.362645,SN II,0.5800,0.341895
SIM07001,37.751503,2.73940261,3.74601289,0.339784,SN II,0.5800,0.837021
SIM07002,18.905937,1.80298916,2.28861175,0.258948,SN Ia,0.9100,0.734141
SIM07003,37.179740,1.49145683,1.99155876,0.313956,SN II,0.5800,0.201385
SIM07004,26.468074,1.30250012,1.75892965,0.326177,SN II,0.5800,0.319212
SIM07005,5.875368,0.58112794,0.70163244,0.204595,SN II,0.5800,0.575633
SIM07006,14.457373,2.39518991,2.15909600,-0.112670,SN Ia,0.9100,0.730166
SIM07007,24.934359,7.15086605,6.13639620,-0.166113,SN Ia,0.9100,0.442791
SIM07008,5.210086,0.34176400,0.40018455,0.171335,SN II,0.5800,0.206959
SIM07009,19.591401,1.04447244,1.26059435,0.204196,SN Ia,0.9100,0.800268
SIM07010,25.160565,4.61886265,5.97124545,0.278825,SN II,0.5800,0.182681
SIM07011,31.115600,2.04062793,2.85382422,0.364158,SN II,0.5800,0.563833
SIM07012,35.715244,2.10070276,2.51949205,0.197371,SN II,0.5800,0.796350
SIM07013,28.383851,5.12054824,6.14489520,0.197995,SN II,0.5800,0.786885
SIM07014,5.743554,0.53264067,0.73945431,0.356193,SN II,0.5800,0.150679
SIM07015,30.177251,0.96250918,0.82421239,-0.168414,SN II,0.5800,0.612323
SIM07016,18.051179,3.24683271,4.17156623,0.272098,SN Ia,0.9100,0.827109
SIM07017,8.195135,1.40655149,1.52849705,0.090272,SN II,0.5800,0.543452
SIM07018,16.635599,1.98925606,2.57578495,0.280547,SN Ia,0.9100,0.406627
SIM07019,28.362953,2.73111644,2.44984954,-0.118002,SN II,0.5800,0.320996
SIM07020,44.490977,2.56986497,3.13059757,0.214292,SN II,0.5800,0.774499
SIM07021,2.621501,0.03133137,0.03572084,0.142356,kilonova,0.7200,0.751918
SIM07022,31.579520,3.65086669,3.47875714,-0.052430,SN II,0.5800,0.549959
SIM07023,15.020925,1.97937605,2.13877964,0.084094,SN Ia,0.9100,0.166106
SIM07024,36.067919,1.52906779,2.09497070,0.341878,SN II,0.5800,0.403693
SIM07025,40.858046,2.46192148,2.28633497,-0.080336,SN II,0.5800,0.956160
SIM07026,15.438274,3.42847602,2.70576615,-0.257027,SN II,0.5800,0.675492
SIM07027,40.665824,6.43831598,8.35903162,0.283459,AGN flare,0.6700,0.124931
SIM07028,1.688604,0.07341326,0.07524214,0.026717,kilonova,0.7200,0.422284
SIM07029,2.094474,0.04386156,0.05171580,0.178848,SN II,0.5800,0.262009
SIM07030,6.289532,0.44777704,0.52146993,0.165419,SN II,0.5800,0.092682
SIM07031,13.701081,2.55142809,3.41222978,0.315637,SN Ia,0.9100,0.496148
SIM07032,39.665256,4.51747054,4.92790390,0.094417,AGN flare,0.6700,0.244427
SIM07033,3.302323,0.10229519,0.14299114,0.363635,SN II,0.5800,0.728575
SIM07034,35.329637,3.65681104,3.15316387,-0.160890,SN II,0.5800,0.172528
SIM07035,29.203586,7.14487010,6.17961296,-0.157583,SN II,0.5800,0.090625
SIM07036,9.146651,0.58472073,0.62233945,0.067697,SN II,0.5800,0.541313
SIM07037,11.451225,1.57998343,1.41870231,-0.116903,SN II,0.5800,0.432305
SIM07038,14.515901,1.90451859,1.61668422,-0.177900,SN Ia,0.9100,0.143342
SIM07039,2.056201,0.03454138,0.03280861,-0.055880,kilonova,0.7200,0.583974
SIM07040,23.925942,1.26184648,0.88995314,-0.379098,SN II,0.5800,0.182884
SIM07041,35.467653,4.61292621,5.18856011,0.127676,AGN flare,0.6700,0.925537
SIM07042,40.783947,7.18743774,7.89369516,0.101766,AGN flare,0.6700,0.703782
SIM07043,37.755490,1.50562923,1.18802359,-0.257232,SN II,0.5800,0.410636
SIM07044,12.669803,2.62611120,1.92708705,-0.336029,SN II,0.5800,0.711249
SIM07045,35.996151,2.86240986,2.65858317,-0.080204,SN II,0.5800,0.054676
SIM07046,30.183810,7.29767213,8.85594212,0.210126,AGN flare,0.6700,0.849696
SIM07047,12.785343,0.67781074,0.67792602,0.000185,SN Ia,0.9100,0.994801
SIM07048,27.516608,2.27182682,2.71267975,0.192558,SN II,0.5800,0.254649
SIM07049,8.577995,0.75779993,0.79307842,0.049404,SN II,0.5800,0.945418
SIM07050,19.813999,4.87888821,5.07315003,0.042392,SN Ia,0.9100,0.086565
SIM07051,3.562585,0.10042896,0.09602836,-0.048649,SN II,0.5800,0.314823
SIM07052,19.808026,2.22907232,2.43869082,0.097581,SN Ia,0.9100,0.813484
SIM07053,1.665455,0.03840932,0.03748800,-0.026361,kilonova,0.7200,0.756547
SIM07054,37.370426,2.45343128,2.68867146,0.099410,SN II,0.5800,0.539703
SIM07055,22.943573,4.05268434,4.40069345,0.089446,SN Ia,0.9100,0.821148
SIM07056,23.307665,1.61354865,1.55908514,-0.037281,SN Ia,0.9100,0.860262
SIM07057,22.212712,1.58565896,1.22494066,-0.280237,SN II,0.5800,0.191063
SIM07058,21.377724,2.06580554,1.67558341,-0.227308,SN II,0.5800,0.405976
SIM07059,14.186571,2.25845620,1.59587065,-0.377035,SN II,0.5800,0.122936
SIM07060,22.978164,2.00437651,1.71618109,-0.168540,SN Ia,0.9100,0.137860
SIM07061,42.086440,2.57874631,2.54647104,-0.013675,SN II,0.5800,0.086935
SIM07062,43.257912,1.33222917,1.60060740,0.199265,SN II,0.5800,0.302907
SIM07063,26.519707,4.52585364,5.48111037,0.207920,SN II,0.5800,0.899496
SIM07064,20.388302,3.46916918,4.05510015,0.169440,SN Ia,0.9100,0.167920
SIM07065,40.547747,3.21724285,2.81410018,-0.145361,SN II,0.5800,0.331208
SIM07066,33.499431,2.71537903,2.50812944,-0.086201,SN II,0.5800,0.573432
SIM07067,27.224979,1.88959793,1.42297175,-0.307933,SN II,0.5800,0.284790
SIM07068,4.459001,0.34524262,0.40160099,0.164176,SN II,0.5800,0.519260
SIM07069,3.218536,0.11914908,0.13690997,0.150861,SN II,0.5800,0.546506
SIM07070,2.783324,0.04823290,0.05287139,0.099693,kilonova,0.7200,0.458122
SIM07071,19.023351,1.45061310,1.01619231,-0.386439,SN II,0.5800,0.484876
SIM07072,2.254290,0.04693179,0.04218024,-0.115895,kilonova,0.7200,0.408262
SIM07073,27.786154,2.06631235,1.49377197,-0.352279,SN II,0.5800,0.387670
SIM07074,28.313767,5.27099557,5.25448570,-0.003406,SN II,0.5800,0.961281
SIM07075,11.767676,1.04265898,1.27821421,0.221153,SN II,0.5800,0.957557
SIM07076,23.824376,5.47131780,7.36525985,0.322740,SN Ia,0.9100,0.078994
SIM07077,6.806787,0.66867533,0.59418440,-0.128235,SN II,0.5800,0.381023
SIM07078,25.694551,1.88599536,1.95637534,0.039779,SN II,0.5800,0.123629
SIM07079,36.266638,1.67482903,1.58946790,-0.056797,SN II,0.5800,0.576847
SIM07080,42.594070,2.53193813,2.77460218,0.099369,SN II,0.5800,0.547042
SIM07081,12.000227,2.32622623,2.86329963,0.225537,SN Ia,0.9100,0.219508
SIM07082,14.805793,0.62096820,0.62758761,0.011513,SN Ia,0.9100,0.891286
SIM07083,30.744317,5.29497810,4.17760943,-0.257341,AGN flare,0.6700,0.429737
SIM07084,1.351133,0.01166876,0.00991315,-0.177033,kilonova,0.7200,0.896394
SIM07085,12.856202,0.76884533,0.83960334,0.095588,SN Ia,0.9100,0.666760
SIM07086,16.683303,4.32084129,3.23936197,-0.312772,SN II,0.5800,0.725495
SIM07087,7.864786,0.59222495,0.48429913,-0.218433,SN II,0.5800,0.056182
SIM07088,5.043053,0.43698494,0.40508043,-0.082313,SN II,0.5800,0.725507
SIM07089,22.371867,3.95180038,3.83407864,-0.032835,SN Ia,0.9100,0.118238
SIM07090,14.401040,1.26402466,1.22774859,-0.031615,SN Ia,0.9100,0.633240
SIM07091,3.930846,0.18596076,0.20633979,0.112904,SN II,0.5800,0.562875
SIM07092,16.968533,0.64791634,0.50847040,-0.263133,SN II,0.5800,0.961589
SIM07093,20.476220,3.37901041,3.28330064,-0.031197,SN Ia,0.9100,0.376610
SIM07094,38.975501,1.34173865,1.74937914,0.288040,SN II,0.5800,0.151002
SIM07095,40.858490,2.01338744,2.31304803,0.150643,SN II,0.5800,0.348282
SIM07096,8.788827,1.30278503,1.50233029,0.154732,SN II,0.5800,0.150565
SIM07097,30.256602,3.33672391,3.11507540,-0.074629,SN II,0.5800,0.028130
SIM07098,2.610814,0.09815255,0.13497563,0.345884,SN II,0.5800,0.531454
SIM07099,20.163243,2.69376595,3.46534081,0.273465,SN Ia,0.9100,0.502563
SIM07100,4.789194,0.36110583,0.46558131,0.275903,SN II,0.5800,0.275492
SIM07101,1.352760,0.03435588,0.04530842,0.300445,SN II,0.5800,0.640126
SIM07102,35.285416,4.54973146,4.36169731,-0.045826,AGN flare,0.6700,0.866363
SIM07103,37.740477,6.02202806,6.06238664,0.007252,AGN flare,0.6700,0.538651
SIM07104,25.151627,4.20112206,3.38280806,-0.235220,SN II,0.5800,0.868108
SIM07105,38.502456,3.07819490,3.49866812,0.139017,SN II,0.5800,0.765987
SIM07106,44.736604,2.38341580,1.75146940,-0.334493,SN II,0.5800,0.496697
SIM07107,30.595822,2.34387548,2.43072528,0.039503,SN II,0.5800,0.773559
SIM07108,26.168711,6.77038880,6.80866131,0.006120,SN II,0.5800,0.312586
SIM07109,7.282406,0.57867276,0.65854351,0.140379,SN II,0.5800,0.068396
SIM07110,30.958889,3.97244680,3.75827135,-0.060175,SN II,0.5800,0.468781
SIM07111,11.292940,0.47040009,0.57474254,0.217515,SN II,0.5800,0.189968
SIM07112,4.441589,0.53584361,0.47449483,-0.132016,SN II,0.5800,0.377485
SIM07113,8.503874,0.65654862,0.77458873,0.179511,SN II,0.5800,0.847114
SIM07114,16.646742,3.00550785,3.02053336,0.005414,SN Ia,0.9100,0.612194
SIM07115,20.938475,5.63362607,6.39787429,0.138119,SN Ia,0.9100,0.604876
SIM07116,42.651256,1.47277136,1.57266607,0.071253,SN II,0.5800,0.679443
SIM07117,10.128988,0.74274237,0.83557027,0.127862,SN II,0.5800,0.889534
SIM07118,44.540044,5.57117840,6.84948354,0.224277,AGN flare,0.6700,0.749863
SIM07119,28.986437,1.21038653,0.95539449,-0.256853,SN II,0.5800,0.763510
SIM07120,18.463539,2.40525725,2.00134802,-0.199597,SN Ia,0.9100,0.940436
SIM07121,32.662046,5.40625197,6.01402269,0.115672,AGN flare,0.6700,0.019684
SIM07122,9.880318,1.05915985,1.05744110,-0.001763,SN II,0.5800,0.297811
SIM07123,27.794190,7.22308266,7.42390010,0.029774,SN II,0.5800,0.950695
SIM07124,25.620760,7.07681866,5.67473184,-0.239732,SN II,0.5800,0.637521
SIM07125,10.425910,1.58588183,1.89336208,0.192407,SN II,0.5800,0.672079
SIM07126,23.513315,3.56197064,3.11139615,-0.146838,SN Ia,0.9100,0.316384
SIM07127,32.736730,4.37460977,5.39388786,0.227406,AGN flare,0.6700,0.190939
SIM07128,36.709143,2.53635853,3.37543590,0.310298,SN II,0.5800,0.085960
SIM07129,28.064827,7.30574500,7.20772890,-0.014665,SN II,0.5800,0.056355
SIM07130,39.565048,2.41029996,1.72394704,-0.363868,SN II,0.5800,0.704510
SIM07131,44.553784,2.16326159,1.61714953,-0.315897,SN II,0.5800,0.229142
SIM07132,16.698880,3.45384990,3.47079915,0.005315,SN Ia,0.9100,0.427650
SIM07133,5.347530,0.41690348,0.35999334,-0.159353,SN II,0.5800,0.644715
SIM07134,44.232922,2.27457711,2.48364223,0.095471,SN II,0.5800,0.984654
SIM07135,23.579775,4.14230679,4.01341575,-0.034320,SN Ia,0.9100,0.618059
SIM07136,18.261431,1.18544383,1.48982957,0.248139,SN Ia,0.9100,0.456485
SIM07137,15.937227,0.84448456,0.95223127,0.130377,SN Ia,0.9100,0.160090
SIM07138,12.856153,2.13259792,2.92101385,0.341562,SN Ia,0.9100,0.761310
SIM07139,5.203767,0.34081554,0.24685657,-0.350187,SN II,0.5800,0.686265
SIM07140,42.226087,5.58882388,5.72122970,0.025422,AGN flare,0.6700,0.421531
SIM07141,23.177812,2.07657636,2.03303839,-0.023006,SN Ia,0.9100,0.305525
SIM07142,41.200647,2.63857746,2.96233691,0.125662,SN II,0.5800,0.196776
SIM07143,25.401311,2.78345424,2.46942158,-0.129972,SN II,0.5800,0.487000
SIM07144,15.284217,1.85307463,2.02476918,0.096207,SN Ia,0.9100,0.945383
SIM07145,8.551061,1.19216981,0.83523612,-0.386322,SN II,0.5800,0.511322
SIM07146,32.942507,1.64224962,1.47302467,-0.118073,SN II,0.5800,0.475034
SIM07147,24.239412,5.63020914,7.52619498,0.315127,SN Ia,0.9100,0.195068
SIM07148,34.511362,2.02318489,2.78781796,0.348072,SN II,0.5800,0.008044
SIM07149,16.376901,3.35517380,2.71391845,-0.230296,SN II,0.5800,0.547827
SIM07150,38.380579,3.49282786,4.42820483,0.257626,AGN flare,0.6700,0.876233
SIM07151,39.321113,2.14555946,1.61578008,-0.307896,SN II,0.5800,0.966354
SIM07152,27.034143,4.79649553,4.68932488,-0.024534,SN II,0.5800,0.900936
SIM07153,39.666634,3.47806641,3.66693450,0.057413,SN II,0.5800,0.099108
SIM07154,13.865827,1.03806535,0.81591802,-0.261445,SN II,0.5800,0.125705
SIM07155,23.627926,2.93357316,3.16923300,0.083893,SN Ia,0.9100,0.632637
SIM07156,40.227519,6.11454410,7.86857060,0.273829,AGN flare,0.6700,0.162879
SIM07157,22.482463,2.18995539,2.18548588,-0.002218,SN Ia,0.9100,0.984387
SIM07158,14.957440,2.87636201,3.81436503,0.306447,SN Ia,0.9100,0.392420
SIM07159,24.548071,6.89393673,6.34688271,-0.089767,SN Ia,0.9100,0.007874
SIM07160,2.192614,0.13173599,0.14067047,0.071246,kilonova,0.7200,0.572970
SIM07161,25.991588,1.78333449,2.44934118,0.344541,SN II,0.5800,0.980051
SIM07162,36.001215,6.68095799,8.23514864,0.227082,AGN flare,0.6700,0.373985
SIM07163,13.635327,2.83063213,2.03156203,-0.360133,SN II,0.5800,0.274643
SIM07164,11.356139,1.14360975,1.45423570,0.260892,SN II,0.5800,0.140608
SIM07165,14.372767,2.44526503,2.83503333,0.160581,SN Ia,0.9100,0.849615
SIM07166,11.173292,1.01176255,1.26706721,0.244303,SN II,0.5800,0.819522
SIM07167,2.907468,0.22039718,0.18060947,-0.216164,kilonova,0.7200,0.345134
SIM07168,25.206300,2.08702868,2.13732126,0.025853,SN II,0.5800,0.864978
SIM07169,5.268408,0.50461922,0.41115813,-0.222387,SN II,0.5800,0.671837
SIM07170,22.386568,1.40657456,1.56501174,0.115887,SN Ia,0.9100,0.586522
SIM07171,13.146155,2.30740468,2.20809632,-0.047764,SN Ia,0.9100,0.009282
SIM07172,18.172380,1.06175370,1.48241939,0.362368,SN Ia,0.9100,0.065446
SIM07173,23.341793,4.08262459,3.24335998,-0.249861,SN II,0.5800,0.856937
SIM07174,26.053179,1.75150058,1.97147770,0.128454,SN II,0.5800,0.296500
SIM07175,10.127214,0.83276376,0.92927707,0.119059,SN II,0.5800,0.338132
SIM07176,18.717971,3.52026390,2.82483410,-0.238956,SN II,0.5800,0.862961
SIM07177,42.849824,1.82539865,1.95875167,0.076554,SN II,0.5800,0.842075
SIM07178,3.940883,0.20086310,0.21436876,0.070653,SN II,0.5800,0.998808
SIM07179,34.098277,2.03109425,1.65606846,-0.221629,SN II,0.5800,0.339063
SIM07180,25.449303,2.56004264,2.23329054,-0.148255,SN II,0.5800,0.056963
SIM07181,11.426422,1.33079674,0.99876864,-0.311617,SN II,0.5800,0.684648
SIM07182,19.313473,1.84869310,2.53165451,0.341349,SN Ia,0.9100,0.566738
SIM07183,33.254451,2.61657390,2.19795471,-0.189286,SN II,0.5800,0.487885
SIM07184,36.076971,1.01925620,1.21522823,0.190936,SN II,0.5800,0.214261
SIM07185,26.574134,2.27117807,2.70927999,0.191507,SN II,0.5800,0.268983
SIM07186,21.930379,4.43585659,5.17718568,0.167791,SN Ia,0.9100,0.559369
SIM07187,27.075886,6.75220833,7.85107191,0.163708,SN II,0.5800,0.481298
SIM07188,26.387280,1.96791423,1.79725672,-0.098490,SN II,0.5800,0.187578
SIM07189,3.711652,0.16867774,0.15160202,-0.115882,SN II,0.5800,0.497768
SIM07190,14.807724,1.00890380,1.28361999,0.261467,SN Ia,0.9100,0.404644
SIM07191,40.036041,6.18238185,4.68410057,-0.301324,AGN flare,0.6700,0.691129
SIM07192,12.340624,1.02627171,0.92618936,-0.111406,SN Ia,0.9100,0.841942
SIM07193,31.636996,5.69859757,6.46313640,0.136688,AGN flare,0.6700,0.514158
SIM07194,41.518655,3.02522991,3.64662937,0.202833,SN II,0.5800,0.106878
SIM07195,27.557199,6.17961635,8.55948594,0.353715,SN II,0.5800,0.335042
SIM07196,38.981496,0.94747361,1.06154431,0.123428,SN II,0.5800,0.473277
SIM07197,15.824075,2.94087329,3.46928899,0.179410,SN Ia,0.9100,0.407944
SIM07198,11.672328,2.05933541,2.85146738,0.353353,SN II,0.5800,0.960818
SIM07199,33.017881,2.01711933,2.49053747,0.228904,SN II,0.5800,0.629228
SIM07200,3.037917,0.08866408,0.10188209,0.150875,SN II,0.5800,0.629499
SIM07201,43.167583,1.93558603,2.24255161,0.159825,SN II,0.5800,0.153196
SIM07202,41.946894,5.06681622,5.87916829,0.161452,AGN flare,0.6700,0.541199
SIM07203,40.861366,2.04594164,1.55307063,-0.299255,SN II,0.5800,0.881156
SIM07204,6.546623,0.63001993,0.60026110,-0.052535,SN II,0.5800,0.616218
SIM07205,7.463705,0.16881090,0.20817635,0.227577,SN II,0.5800,0.865304
SIM07206,36.077252,2.11533289,2.24023103,0.062285,SN II,0.5800,0.877833
SIM07207,27.584895,5.86179092,4.41638055,-0.307410,SN II,0.5800,0.743820
SIM07208,44.692964,1.49248919,1.78707252,0.195577,SN II,0.5800,0.543942
SIM07209,10.192751,0.72402846,0.94349251,0.287457,SN II,0.5800,0.431826
SIM07210,17.084770,3.47586227,3.55564174,0.024639,SN Ia,0.9100,0.086682
SIM07211,22.346326,1.77759698,2.01603863,0.136664,SN Ia,0.9100,0.712487
SIM07212,4.534742,0.17168622,0.23468486,0.339374,SN II,0.5800,0.755182
SIM07213,30.094443,5.50672639,6.10221184,0.111484,AGN flare,0.6700,0.222989
SIM07214,42.676409,2.65355631,2.81717123,0.064962,SN II,0.5800,0.520977
SIM07215,35.006697,4.60629726,4.94104385,0.076167,AGN flare,0.6700,0.985658
SIM07216,30.920126,1.85407336,1.84012537,-0.008199,SN II,0.5800,0.874120
SIM07217,16.000537,1.73009346,2.18873511,0.255309,SN Ia,0.9100,0.174321
SIM07218,9.531394,1.11320431,1.11641302,0.003125,SN II,0.5800,0.703956
SIM07219,16.766326,4.58826209,4.70866306,0.028123,SN Ia,0.9100,0.115801
SIM07220,16.102439,2.04508038,2.08696881,0.022014,SN Ia,0.9100,0.085811
SIM07221,41.712534,1.03823132,1.11959401,0.081916,SN II,0.5800,0.885798
SIM07222,14.738599,1.41757688,1.37546490,-0.032743,SN Ia,0.9100,0.386372
SIM07223,42.854123,2.03996835,1.92425660,-0.063401,SN II,0.5800,0.803215
SIM07224,23.086222,6.57883695,6.25695823,-0.054465,SN Ia,0.9100,0.773137
SIM07225,19.363133,3.67967548,2.85842866,-0.274205,SN II,0.5800,0.256147
SIM07226,2.735190,0.08689166,0.06662044,-0.288427,kilonova,0.7200,0.669645
SIM07227,30.134756,3.36351734,3.76065853,0.121176,SN II,0.5800,0.663429
SIM07228,5.377141,0.22917818,0.25861254,0.131191,SN II,0.5800,0.934554
SIM07229,10.290577,1.48081449,1.47274611,-0.005932,SN II,0.5800,0.999458
SIM07230,27.630320,1.70445102,1.28313401,-0.308281,SN II,0.5800,0.953209
SIM07231,15.725493,2.25169416,2.40583092,0.071889,SN Ia,0.9100,0.854758
SIM07232,8.843630,0.30394884,0.22225555,-0.339870,SN II,0.5800,0.165692
SIM07233,29.011761,2.34072916,1.84099582,-0.260746,SN II,0.5800,0.617044
SIM07234,26.015354,2.65978337,3.60870026,0.331261,SN II,0.5800,0.674680
SIM07235,4.527928,0.12066970,0.09377599,-0.273766,SN II,0.5800,0.774091
SIM07236,20.812412,3.44230942,2.65404069,-0.282356,SN II,0.5800,0.915777
SIM07237,22.350343,3.85694744,5.12107344,0.307793,SN Ia,0.9100,0.255364
SIM07238,22.590179,1.34139037,1.49360321,0.116700,SN Ia,0.9100,0.283310
SIM07239,39.470546,4.52843335,4.82822884,0.069600,AGN flare,0.6700,0.749341
SIM07240,20.873370,0.60742739,0.43529773,-0.361770,SN II,0.5800,0.554323
SIM07241,8.205827,0.29549980,0.23880145,-0.231301,SN II,0.5800,0.956516
SIM07242,6.131364,0.58167386,0.78579256,0.326571,SN II,0.5800,0.543794
SIM07243,35.718344,4.75824709,3.66608882,-0.283110,AGN flare,0.6700,0.029800
SIM07244,7.027565,0.72107308,0.52146520,-0.351885,SN II,0.5800,0.945121
SIM07245,11.747598,1.46019277,1.85745300,0.261269,SN II,0.5800,0.694474
SIM07246,21.929128,5.83821605,4.57424184,-0.264903,SN II,0.5800,0.938642
SIM07247,8.977531,1.13452556,1.07722131,-0.056273,SN II,0.5800,0.380939
SIM07248,20.460265,1.62339263,1.26719313,-0.268952,SN II,0.5800,0.087757
SIM07249,4.008888,0.26653527,0.19282418,-0.351483,SN II,0.5800,0.915183
SIM07250,31.457045,1.65699575,2.13127636,0.273296,SN II,0.5800,0.429820
SIM07251,26.213664,0.93445168,0.80523705,-0.161583,SN II,0.5800,0.766074
SIM07252,38.901871,4.35637982,3.35254109,-0.284379,AGN flare,0.6700,0.716013
SIM07253,10.204853,1.56912271,1.60340450,0.023465,SN II,0.5800,0.547524
SIM07254,37.706771,3.33515239,2.81835597,-0.182800,SN II,0.5800,0.038643
SIM07255,36.545970,2.98227312,2.87474404,-0.039871,SN II,0.5800,0.205597
SIM07256,7.940019,0.53166868,0.45631920,-0.165931,SN II,0.5800,0.511405
SIM07257,31.117134,2.87120633,2.87171974,0.000194,SN II,0.5800,0.347156
SIM07258,21.136947,1.98428222,1.39710229,-0.380938,SN II,0.5800,0.178601
SIM07259,18.278809,1.38749644,1.08822619,-0.263782,SN II,0.5800,0.908044
SIM07260,22.621286,1.73832351,1.71061480,-0.017446,SN Ia,0.9100,0.606251
SIM07261,34.951892,3.30909170,3.23863796,-0.023366,SN II,0.5800,0.230124
SIM07262,11.823755,1.36370292,0.97941672,-0.359381,SN II,0.5800,0.166980
SIM07263,9.001272,1.83515927,1.79894809,-0.021638,SN II,0.5800,0.304536
SIM07264,34.512881,1.21511927,1.18055719,-0.031330,SN II,0.5800,0.075099
SIM07265,13.309871,0.82660490,0.95215113,0.153520,SN Ia,0.9100,0.890301
SIM07266,15.645957,2.94117393,3.18364130,0.086009,SN Ia,0.9100,0.628838
SIM07267,4.145676,0.05043180,0.04300403,-0.172988,SN II,0.5800,0.775420
SIM07268,7.885717,0.38729107,0.39997759,0.034995,SN II,0.5800,0.584644
SIM07269,7.423646,1.39663927,1.88953350,0.328176,SN II,0.5800,0.220211
SIM07270,15.259816,0.52518479,0.49498794,-0.064294,SN Ia,0.9100,0.695415
SIM07271,36.925731,3.10168305,2.77394490,-0.121249,SN II,0.5800,0.703930
SIM07272,13.586552,1.34195784,1.10641489,-0.209552,SN II,0.5800,0.551291
SIM07273,33.391109,3.15680644,3.24878624,0.031183,SN II,0.5800,0.858940
SIM07274,25.084360,6.17796171,8.62378740,0.362132,SN II,0.5800,0.542777
SIM07275,8.108368,0.35384565,0.39329955,0.114774,SN II,0.5800,0.657655
SIM07276,43.179877,3.42769444,3.89818214,0.139650,SN II,0.5800,0.105198
SIM07277,14.654511,1.83387646,2.37435215,0.280438,SN Ia,0.9100,0.328379
SIM07278,36.160924,2.58711483,3.41931548,0.302809,SN II,0.5800,0.940913
SIM07279,44.555263,2.23141086,2.53553504,0.138725,SN II,0.5800,0.022011
SIM07280,1.902954,0.07180302,0.08112526,0.132534,kilonova,0.7200,0.545673
SIM07281,38.160931,3.56726413,3.25593306,-0.099149,SN II,0.5800,0.976788
SIM07282,9.552104,0.74594985,0.67104484,-0.114895,SN II,0.5800,0.802636
SIM07283,32.914691,2.06526363,1.92215148,-0.077970,SN II,0.5800,0.848889
SIM07284,31.769091,5.94891798,5.09282129,-0.168699,AGN flare,0.6700,0.315294
SIM07285,38.322573,4.33731396,5.65059737,0.287184,AGN flare,0.6700,0.329581
SIM07286,25.977521,1.09018855,0.91607898,-0.188922,SN II,0.5800,0.301021
SIM07287,39.268166,4.91620521,6.16894946,0.246453,AGN flare,0.6700,0.247156
SIM07288,28.798562,4.41222703,5.85960387,0.308026,SN II,0.5800,0.934375
SIM07289,20.294231,1.59043855,2.11040325,0.307121,SN Ia,0.9100,0.081774
SIM07290,30.174698,1.34600412,0.98178105,-0.342579,SN II,0.5800,0.504497
SIM07291,32.579410,2.47505499,3.27412603,0.303776,SN II,0.5800,0.840559
SIM07292,37.887331,2.61221060,2.72828864,0.047205,SN II,0.5800,0.770183
SIM07293,28.798369,1.97584978,1.60658862,-0.224623,SN II,0.5800,0.621883
SIM07294,1.151855,0.04568959,0.03736100,-0.218497,kilonova,0.7200,0.582918
SIM07295,27.195709,6.12510654,5.90424865,-0.039873,SN II,0.5800,0.750955
SIM07296,13.849041,1.76227994,1.43742752,-0.221222,SN II,0.5800,0.068815
SIM07297,29.437141,2.87999184,3.53150547,0.221422,SN II,0.5800,0.437207
SIM07298,43.768409,1.82018516,1.70609022,-0.070284,SN II,0.5800,0.639733
SIM07299,33.330567,2.76614774,2.16292489,-0.267085,SN II,0.5800,0.233071
SIM07300,40.264333,2.48599708,2.38233334,-0.046245,SN II,0.5800,0.642433
SIM07301,1.144932,0.02919401,0.03449651,0.181203,SN II,0.5800,0.814283
SIM07302,12.162532,1.15539829,1.00992979,-0.146101,SN Ia,0.9100,0.262332
SIM07303,13.507795,3.64357981,4.21583733,0.158389,SN Ia,0.9100,0.030802
SIM07304,5.517207,0.49828159,0.64956468,0.287869,SN II,0.5800,0.031223
SIM07305,3.162348,0.14266334,0.18406141,0.276626,SN II,0.5800,0.855875
SIM07306,10.361699,1.37178885,1.00292899,-0.340043,SN II,0.5800,0.955926
SIM07307,19.140041,3.48517093,3.02563616,-0.153518,SN Ia,0.9100,0.036003
SIM07308,16.898698,1.65871337,1.71949981,0.039077,SN Ia,0.9100,0.914532
SIM07309,24.479144,5.31432099,3.92405953,-0.329280,SN II,0.5800,0.748710
SIM07310,40.086486,6.59801781,7.77627417,0.178395,AGN flare,0.6700,0.495825
SIM07311,11.859822,1.55142205,1.45779639,-0.067583,SN II,0.5800,0.504008
SIM07312,35.173155,4.92982226,5.17210957,0.052091,AGN flare,0.6700,0.335558
SIM07313,32.085181,1.71875801,2.05214504,0.192483,SN II,0.5800,0.359016
SIM07314,37.726825,3.79508203,3.68909708,-0.030753,SN II,0.5800,0.763726
SIM07315,2.856931,0.25399027,0.22507229,-0.131238,kilonova,0.7200,0.281877
SIM07316,24.431596,4.22721818,3.37900402,-0.243165,SN II,0.5800,0.283921
SIM07317,35.508755,2.86939578,3.33669901,0.163816,SN II,0.5800,0.031091
SIM07318,19.644747,2.32611705,2.46550648,0.063186,SN Ia,0.9100,0.129995
SIM07319,34.641440,4.20848752,4.56177155,0.087519,AGN flare,0.6700,0.819111
SIM07320,18.014110,1.69781665,1.53765122,-0.107582,SN Ia,0.9100,0.844638
SIM07321,20.305430,2.00881450,2.55151156,0.259644,SN Ia,0.9100,0.321734
SIM07322,41.555650,2.89639569,3.49724770,0.204671,SN II,0.5800,0.328509
SIM07323,35.206819,3.40539660,3.65664570,0.077288,SN II,0.5800,0.680152
SIM07324,25.310586,1.13773243,1.57437640,0.352671,SN II,0.5800,0.251602
SIM07325,34.555165,2.45977750,1.96811557,-0.242113,SN II,0.5800,0.768110
SIM07326,28.849959,2.23251896,2.79818939,0.245205,SN II,0.5800,0.999948
SIM07327,2.035244,0.09372454,0.08434730,-0.114455,kilonova,0.7200,0.193705
SIM07328,14.066585,1.00147939,0.85787617,-0.168044,SN Ia,0.9100,0.403859
SIM07329,14.857273,1.79549672,1.90930290,0.066726,SN Ia,0.9100,0.980781
SIM07330,1.257701,0.01066412,0.01245816,0.168823,SN II,0.5800,0.873654
SIM07331,28.243503,5.17472664,5.84201426,0.131688,SN II,0.5800,0.780177
SIM07332,36.363384,2.64767881,3.21416145,0.210506,SN II,0.5800,0.660093
SIM07333,38.788750,3.78265843,3.00077317,-0.251410,SN II,0.5800,0.891118
SIM07334,14.161726,2.03643751,2.65159608,0.286591,SN Ia,0.9100,0.984992
SIM07335,15.106270,2.10075567,1.49463589,-0.369600,SN II,0.5800,0.141943
SIM07336,14.435817,2.09109216,1.62136420,-0.276231,SN II,0.5800,0.527399
SIM07337,24.344577,2.01578250,1.51251943,-0.311857,SN II,0.5800,0.205751
SIM07338,10.610055,1.42264536,1.10906602,-0.270348,SN II,0.5800,0.040745
SIM07339,31.399164,2.77244118,3.62075229,0.289841,SN II,0.5800,0.581553
SIM07340,25.414672,4.07963901,4.38517001,0.078412,SN II,0.5800,0.707774
SIM07341,11.018714,1.04744167,1.40490392,0.318792,SN II,0.5800,0.203224
SIM07342,19.815641,1.91301437,1.93144355,0.010409,SN Ia,0.9100,0.437322
SIM07343,2.337728,0.01596595,0.01680582,0.055662,kilonova,0.7200,0.168487
SIM07344,23.490894,5.60569349,4.32676215,-0.281166,SN II,0.5800,0.690876
SIM07345,25.127274,3.68011254,4.50526506,0.219648,SN II,0.5800,0.688074
SIM07346,28.687267,4.76667813,3.88327041,-0.222545,SN II,0.5800,0.384896
SIM07347,40.684771,1.24489501,1.33038664,0.072113,SN II,0.5800,0.446225
SIM07348,38.131936,3.21292499,2.30435288,-0.360879,SN II,0.5800,0.364916
SIM07349,38.753499,4.96999823,5.33885487,0.077730,AGN flare,0.6700,0.367750
SIM07350,38.451419,2.76882723,2.48323767,-0.118194,SN II,0.5800,0.326655
SIM07351,43.408226,3.17408713,4.00239015,0.251751,AGN flare,0.6700,0.434419
SIM07352,17.975990,2.14912561,2.15718591,0.004064,SN Ia,0.9100,0.859636
SIM07353,29.532673,5.60500305,7.50009767,0.316228,SN II,0.5800,0.290414
SIM07354,37.968098,7.67049545,8.71760460,0.138934,AGN flare,0.6700,0.048412
SIM07355,18.534449,4.06431549,4.12866259,0.017055,SN Ia,0.9100,0.701594
SIM07356,34.308111,2.82800144,2.24966100,-0.248406,SN II,0.5800,0.093916
SIM07357,28.705170,5.90064242,6.52425155,0.109079,SN II,0.5800,0.505851
SIM07358,25.328911,3.28928662,3.14085766,-0.050134,SN II,0.5800,0.707762
SIM07359,9.454371,1.15829381,1.25181001,0.084299,SN II,0.5800,0.366637
SIM07360,12.856748,2.62749643,2.15647049,-0.214497,SN II,0.5800,0.101066
SIM07361,25.635627,3.05106737,2.28233891,-0.315179,SN II,0.5800,0.226363
SIM07362,2.100553,0.03237842,0.02539525,-0.263758,kilonova,0.7200,0.200173
SIM07363,5.112233,0.63807830,0.61027837,-0.048365,SN II,0.5800,0.339108
SIM07364,22.034477,1.07752907,1.45925638,0.329257,SN Ia,0.9100,0.063811
SIM07365,33.936225,1.43337723,1.00731039,-0.382993,SN II,0.5800,0.866707
SIM07366,26.261630,5.54692928,7.41050021,0.314487,SN II,0.5800,0.761228
SIM07367,22.519174,2.14796304,2.13025591,-0.008988,SN Ia,0.9100,0.822251
SIM07368,39.813900,3.36786251,4.60092520,0.338727,AGN flare,0.6700,0.274298
SIM07369,2.157933,0.05866928,0.06105385,0.043256,kilonova,0.7200,0.432034
SIM07370,44.636494,6.89424852,7.78946150,0.132551,AGN flare,0.6700,0.800079
SIM07371,5.104868,0.41354781,0.41440750,0.002255,SN II,0.5800,0.478294
SIM07372,23.514325,5.01299229,3.62765218,-0.351178,SN II,0.5800,0.396364
SIM07373,5.100446,0.44553547,0.44987825,0.010532,SN II,0.5800,0.016971
SIM07374,26.480807,1.84071875,1.62116318,-0.137902,SN II,0.5800,0.001479
SIM07375,17.507781,0.91372677,1.11783598,0.218904,SN Ia,0.9100,0.045812
SIM07376,36.547090,3.58023616,3.40814955,-0.053483,SN II,0.5800,0.772987
SIM07377,35.638189,5.28205175,7.26687395,0.346362,AGN flare,0.6700,0.693298
SIM07378,36.832347,4.20282359,3.07539025,-0.339102,AGN flare,0.6700,0.574445
SIM07379,25.902367,2.23847729,2.42425626,0.086565,SN II,0.5800,0.817208
SIM07380,5.607102,0.18964501,0.24850397,0.293480,SN II,0.5800,0.519225
SIM07381,12.719329,1.10215240,1.37219432,0.237935,SN Ia,0.9100,0.672079
SIM07382,8.864246,1.27006579,1.67826306,0.302585,SN II,0.5800,0.686540
SIM07383,6.728886,0.39265279,0.32062581,-0.220026,SN II,0.5800,0.568258
SIM07384,34.115613,3.51889905,4.11739712,0.170540,AGN flare,0.6700,0.473709
SIM07385,5.925531,0.71106417,0.60893117,-0.168351,SN II,0.5800,0.330725
SIM07386,30.477527,0.75374618,0.72198547,-0.046742,SN II,0.5800,0.168840
SIM07387,15.645153,3.20765879,3.00076183,-0.072392,SN Ia,0.9100,0.656400
SIM07388,1.517267,0.02669413,0.02093769,-0.263717,kilonova,0.7200,0.681197
SIM07389,36.333687,0.68280789,0.47857573,-0.385870,SN II,0.5800,0.582994
SIM07390,8.198653,1.12253623,1.54841838,0.349220,SN II,0.5800,0.671298
SIM07391,7.967579,1.77873232,2.31526109,0.286223,SN II,0.5800,0.814186
SIM07392,21.846687,3.02346271,3.58788760,0.185836,SN Ia,0.9100,0.286048
SIM07393,36.432214,1.92328231,1.75654407,-0.098460,SN II,0.5800,0.075329
SIM07394,32.395204,2.52784813,3.12776657,0.231208,SN II,0.5800,0.564938
SIM07395,40.782465,1.41410898,1.97836718,0.364560,SN II,0.5800,0.810868
SIM07396,34.046681,1.74198896,1.41691698,-0.224252,SN II,0.5800,0.385831
SIM07397,21.965454,0.91586296,0.84311453,-0.089860,SN Ia,0.9100,0.682837
SIM07398,26.254628,6.70878238,8.95077593,0.313042,SN II,0.5800,0.089162
SIM07399,1.682469,0.03801124,0.04640304,0.216586,SN II,0.5800,0.614634
SIM07400,8.270033,0.52346026,0.46383266,-0.131306,SN II,0.5800,0.242352
SIM07401,39.630161,3.81503999,3.76474334,-0.014409,SN II,0.5800,0.802215
SIM07402,39.176819,2.80392925,3.24920856,0.160026,SN II,0.5800,0.203145
SIM07403,21.054801,1.47771334,1.36717712,-0.084414,SN Ia,0.9100,0.389199
SIM07404,1.568302,0.01919156,0.01464800,-0.293330,kilonova,0.7200,0.175552
SIM07405,43.776272,2.32080019,2.70141554,0.164884,SN II,0.5800,0.411596
SIM07406,20.744978,1.48722021,1.89267164,0.261750,SN Ia,0.9100,0.804199
SIM07407,19.564673,1.25477954,0.92648141,-0.329327,SN II,0.5800,0.060582
SIM07408,9.881722,1.07458789,1.28410966,0.193400,SN II,0.5800,0.326629
SIM07409,7.970727,0.36541474,0.39779722,0.092189,SN II,0.5800,0.926954
SIM07410,3.678808,0.20909106,0.18883698,-0.110621,SN II,0.5800,0.873202
SIM07411,6.556234,1.14210017,1.11517247,-0.025905,SN II,0.5800,0.803213
SIM07412,37.746769,3.29744590,3.19506176,-0.034246,SN II,0.5800,0.411850
SIM07413,17.357605,3.41290506,2.93333187,-0.164408,SN Ia,0.9100,0.652043
SIM07414,27.800116,0.80028039,0.57215916,-0.364313,SN II,0.5800,0.931306
SIM07415,7.556865,0.28830294,0.38045885,0.301147,SN II,0.5800,0.896233
SIM07416,35.242886,2.10608285,2.10480456,-0.000659,SN II,0.5800,0.683044
SIM07417,2.165986,0.04434900,0.04480758,0.011169,kilonova,0.7200,0.497877
SIM07418,12.865683,1.74301709,1.93679165,0.114453,SN Ia,0.9100,0.480884
SIM07419,39.351657,3.38698720,4.71015281,0.358054,AGN flare,0.6700,0.822535
SIM07420,44.757873,4.35234646,3.27475013,-0.308863,AGN flare,0.6700,0.372357
SIM07421,25.197631,2.19479061,2.53525691,0.156572,SN II,0.5800,0.304456
SIM07422,35.334813,5.07369847,6.23633636,0.224012,AGN flare,0.6700,0.535614
SIM07423,44.302509,3.00716585,2.29241472,-0.294660,SN II,0.5800,0.989243
SIM07424,40.511946,2.27313904,2.31944549,0.021895,SN II,0.5800,0.751859
SIM07425,4.352238,0.53199429,0.73949193,0.357566,SN II,0.5800,0.437470
SIM07426,36.996645,5.06555643,3.94152355,-0.272408,AGN flare,0.6700,0.075613
SIM07427,29.519544,6.14281014,7.10422959,0.157875,SN II,0.5800,0.029106
SIM07428,16.485967,1.34141297,1.01483674,-0.302916,SN II,0.5800,0.139904
SIM07429,36.925694,5.32879847,3.75115014,-0.381162,AGN flare,0.6700,0.116588
SIM07430,37.293322,4.88415302,4.07550465,-0.196520,AGN flare,0.6700,0.682028
SIM07431,16.217997,4.19204188,3.71768467,-0.130383,SN Ia,0.9100,0.437545
SIM07432,11.347012,1.50925175,1.70901969,0.134963,SN II,0.5800,0.020667
SIM07433,9.609326,2.23488355,2.74683553,0.223944,SN II,0.5800,0.270484
SIM07434,17.891152,1.58796835,1.85965512,0.171476,SN Ia,0.9100,0.416801
SIM07435,40.659117,3.15689889,3.08547865,-0.024845,SN II,0.5800,0.084494
SIM07436,10.152013,1.17430486,1.38846582,0.181886,SN II,0.5800,0.645472
SIM07437,10.506569,0.91180350,0.70674582,-0.276595,SN II,0.5800,0.795986
SIM07438,30.240255,2.02385947,2.60201297,0.272823,SN II,0.5800,0.497012
SIM07439,41.189437,2.30181675,1.70074420,-0.328579,SN II,0.5800,0.650557
SIM07440,9.291476,1.78175789,2.08062908,0.168365,SN II,0.5800,0.455508
SIM07441,41.564987,2.05509850,2.13749185,0.042680,SN II,0.5800,0.661653
SIM07442,21.624173,6.79278931,6.15399735,-0.107227,SN Ia,0.9100,0.056790
SIM07443,8.415587,0.71310807,0.72724297,0.021310,SN II,0.5800,0.028881
SIM07444,33.529080,2.35422691,1.95809172,-0.200038,SN II,0.5800,0.916272
SIM07445,32.247097,2.28882235,2.64538275,0.157191,SN II,0.5800,0.657540
SIM07446,35.765365,0.76776072,0.99664312,0.283284,SN II,0.5800,0.958301
SIM07447,32.147268,3.40069333,2.67225341,-0.261725,SN II,0.5800,0.435176
SIM07448,16.657844,1.90763213,2.63062508,0.348911,SN Ia,0.9100,0.543338
SIM07449,24.765373,6.74591800,8.31554878,0.227125,SN Ia,0.9100,0.432767
SIM07450,21.760837,3.58681311,3.61990148,0.009970,SN Ia,0.9100,0.113153
SIM07451,24.405834,1.32303557,1.04561733,-0.255497,SN II,0.5800,0.430027
SIM07452,8.150229,0.71072972,0.89072302,0.245096,SN II,0.5800,0.458463
SIM07453,39.196566,3.55505149,3.72440793,0.050528,SN II,0.5800,0.867542
SIM07454,41.614142,3.36671562,4.04091238,0.198182,AGN flare,0.6700,0.927839
SIM07455,6.976386,1.22536907,1.35902716,0.112403,SN II,0.5800,0.347662
SIM07456,33.578439,4.12286949,4.33199860,0.053722,AGN flare,0.6700,0.265867
SIM07457,21.022386,2.76859374,1.96822936,-0.370459,SN II,0.5800,0.898392
SIM07458,3.806021,0.26115752,0.22412895,-0.166011,SN II,0.5800,0.264127
SIM07459,4.289008,0.51537200,0.66429202,0.275596,SN II,0.5800,0.621101
SIM07460,41.271036,2.24804853,3.01867563,0.320027,SN II,0.5800,0.961286
SIM07461,10.436690,0.74275500,0.63206861,-0.175203,SN II,0.5800,0.713326
SIM07462,12.179562,1.90187165,1.98242733,0.045040,SN Ia,0.9100,0.568159
SIM07463,31.307935,1.48440457,1.96538155,0.304736,SN II,0.5800,0.656483
SIM07464,32.967005,3.37227888,3.67063022,0.092043,SN II,0.5800,0.431656
SIM07465,41.295061,7.54494016,8.16899725,0.086282,AGN flare,0.6700,0.442887
SIM07466,16.003101,1.45779739,1.87270380,0.271930,SN Ia,0.9100,0.000187
SIM07467,34.165679,1.32613104,1.05162656,-0.251812,SN II,0.5800,0.037006
SIM07468,9.834464,1.43507110,1.68903165,0.176911,SN II,0.5800,0.660232
SIM07469,26.858692,3.58961041,4.32847993,0.203220,SN II,0.5800,0.167731
SIM07470,32.504310,4.14312870,3.19320021,-0.282756,AGN flare,0.6700,0.010416
SIM07471,8.444514,1.13208963,1.46524732,0.280075,SN II,0.5800,0.123209
SIM07472,30.907666,1.42293969,1.75870661,0.230017,SN II,0.5800,0.050114
SIM07473,41.189873,1.06239575,1.15311055,0.088962,SN II,0.5800,0.955026
SIM07474,20.223202,5.71935866,4.62053857,-0.231637,SN II,0.5800,0.105068
SIM07475,23.134678,3.69708930,4.51339954,0.216610,SN Ia,0.9100,0.316454
SIM07476,5.374329,0.08892733,0.10067020,0.134664,SN II,0.5800,0.323667
SIM07477,35.586131,2.44895219,1.89467844,-0.278612,SN II,0.5800,0.126781
SIM07478,4.774254,0.46482096,0.62782549,0.326383,SN II,0.5800,0.386468
SIM07479,19.038557,2.69297335,2.35407665,-0.146029,SN Ia,0.9100,0.938319
SIM07480,26.800062,1.56426920,2.10377108,0.321717,SN II,0.5800,0.215677
SIM07481,21.500095,3.27538504,2.70395662,-0.208157,SN II,0.5800,0.720325
SIM07482,30.797429,3.19272675,4.19668281,0.296861,AGN flare,0.6700,0.069185
SIM07483,15.338363,1.52447173,1.82546144,0.195633,SN Ia,0.9100,0.267521
SIM07484,34.628847,1.65736361,1.20161075,-0.349135,SN II,0.5800,0.902819
SIM07485,31.752779,2.21758547,2.95666165,0.312303,SN II,0.5800,0.398431
SIM07486,21.565106,3.04851999,2.61779185,-0.165385,SN Ia,0.9100,0.269011
SIM07487,21.461124,3.08537880,4.21087041,0.337658,SN Ia,0.9100,0.669704
SIM07488,27.000493,2.58297697,2.34986584,-0.102694,SN II,0.5800,0.784001
SIM07489,26.010100,2.37631640,3.15142042,0.306505,SN II,0.5800,0.308327
SIM07490,36.259935,1.53195855,1.31674479,-0.164364,SN II,0.5800,0.256142
SIM07491,34.361127,2.31969473,2.93676957,0.256098,SN II,0.5800,0.325111
SIM07492,20.759507,0.81445444,0.73842676,-0.106398,SN Ia,0.9100,0.468095
SIM07493,24.663036,3.66998680,3.94831453,0.079368,SN Ia,0.9100,0.156511
SIM07494,19.395648,0.95004394,1.02118213,0.078399,SN Ia,0.9100,0.750707
SIM07495,20.333166,2.31883262,2.27855009,-0.019027,SN Ia,0.9100,0.944277
SIM07496,42.208693,0.97819656,0.84612306,-0.157481,SN II,0.5800,0.329922
SIM07497,21.492098,4.02331161,3.17838021,-0.255945,SN II,0.5800,0.134615
SIM07498,34.609590,1.94831509,1.74290380,-0.120964,SN II,0.5800,0.464841
SIM07499,3.983788,0.24666452,0.32244300,0.290866,SN II,0.5800,0.992552
SIM07500,33.807386,2.66266334,3.33234434,0.243584,SN II,0.5800,0.495774
SIM07501,24.187780,2.67557009,3.68329352,0.347050,SN Ia,0.9100,0.071255
SIM07502,39.525728,2.82374825,3.23373202,0.147195,SN II,0.5800,0.938171
SIM07503,40.479838,4.85434672,5.01893784,0.036203,AGN flare,0.6700,0.386072
SIM07504,26.649203,1.26660021,1.52886070,0.204321,SN II,0.5800,0.676968
SIM07505,17.447344,4.05547506,5.58033393,0.346546,SN Ia,0.9100,0.179369
SIM07506,16.503421,4.52110236,3.76271651,-0.199357,SN Ia,0.9100,0.965058
SIM07507,13.332796,0.79533246,0.70532252,-0.130402,SN Ia,0.9100,0.956122
SIM07508,37.266219,2.63420771,3.29982164,0.244601,SN II,0.5800,0.918088
SIM07509,19.591950,5.44151511,7.30875054,0.320308,SN Ia,0.9100,0.912396
SIM07510,24.129532,7.12528288,5.05425618,-0.372862,SN II,0.5800,0.316869
SIM07511,2.432738,0.12079574,0.16113051,0.312815,SN II,0.5800,0.664191
SIM07512,2.381678,0.08128014,0.07524858,-0.083715,kilonova,0.7200,0.581145
SIM07513,14.850585,1.51264856,1.40910861,-0.076984,SN Ia,0.9100,0.642078
SIM07514,40.270875,1.89933689,1.90558469,0.003566,SN II,0.5800,0.674208
SIM07515,35.871358,2.55167037,2.90943715,0.142461,SN II,0.5800,0.690118
SIM07516,24.433351,2.75063880,3.84424208,0.363443,SN Ia,0.9100,0.643126
SIM07517,19.440104,3.50073423,4.87874455,0.360372,SN Ia,0.9100,0.203026
SIM07518,7.438601,0.73605921,0.61441218,-0.196132,SN II,0.5800,0.217408
SIM07519,43.943898,5.04916647,5.67046587,0.125998,AGN flare,0.6700,0.655220
SIM07520,10.734239,2.79423615,2.94366646,0.056564,SN II,0.5800,0.716373
SIM07521,22.207774,4.88320255,3.69132838,-0.303805,SN II,0.5800,0.555974
SIM07522,18.949455,2.66480777,3.67625545,0.349349,SN Ia,0.9100,0.321823
SIM07523,10.103841,1.63780980,1.41315521,-0.160184,SN II,0.5800,0.181508
SIM07524,13.141003,2.88977712,2.42394004,-0.190856,SN Ia,0.9100,0.988617
SIM07525,30.709840,1.11759418,1.33660395,0.194297,SN II,0.5800,0.102783
SIM07526,27.826771,7.11428069,5.76157353,-0.228975,SN II,0.5800,0.308621
SIM07527,4.348621,0.05170696,0.05033469,-0.029204,SN II,0.5800,0.067930
SIM07528,22.431476,3.85475737,3.05115870,-0.253831,SN II,0.5800,0.333344
SIM07529,14.191194,1.58857270,1.19266668,-0.311220,SN II,0.5800,0.105611
SIM07530,43.443791,5.54985551,7.01618211,0.254548,AGN flare,0.6700,0.167977
SIM07531,16.807400,1.47618543,1.97924184,0.318395,SN Ia,0.9100,0.899143
SIM07532,10.277573,0.63496339,0.81347217,0.268985,SN II,0.5800,0.466053
SIM07533,11.946196,0.83651131,1.13630977,0.332562,SN II,0.5800,0.989233
SIM07534,41.596316,3.37048321,3.83965505,0.141500,SN II,0.5800,0.463308
SIM07535,36.057149,5.56936715,7.17407613,0.274900,AGN flare,0.6700,0.648613
SIM07536,30.758002,4.44540532,4.03472536,-0.105243,AGN flare,0.6700,0.924135
SIM07537,13.920725,1.02667226,1.01433885,-0.013122,SN Ia,0.9100,0.053599
SIM07538,28.560837,4.52140592,6.14951004,0.333918,SN II,0.5800,0.309535
SIM07539,10.108693,2.18833519,1.59000215,-0.346790,SN II,0.5800,0.049623
SIM07540,31.256467,2.07817999,1.60606191,-0.279802,SN II,0.5800,0.891437
SIM07541,41.708173,5.59453461,5.76567873,0.032716,AGN flare,0.6700,0.606195
SIM07542,14.160721,2.14850166,2.19592658,0.023705,SN Ia,0.9100,0.458390
SIM07543,20.487316,1.73182260,2.40970616,0.358652,SN Ia,0.9100,0.486566
SIM07544,24.235346,2.46842150,2.89487845,0.173028,SN Ia,0.9100,0.796831
SIM07545,32.735858,2.03517053,2.28427701,0.125370,SN II,0.5800,0.960714
SIM07546,30.809956,2.87635110,2.72153492,-0.060070,SN II,0.5800,0.974902
SIM07547,18.358776,0.99343902,0.81249397,-0.218303,SN II,0.5800,0.712222
SIM07548,3.736991,0.14462125,0.17731323,0.221273,SN II,0.5800,0.636259
SIM07549,25.571355,1.99673970,2.66533263,0.313575,SN II,0.5800,0.821760
SIM07550,22.456972,5.40620036,4.27149408,-0.255781,SN II,0.5800,0.890655
SIM07551,17.914296,1.46433222,1.48012977,0.011650,SN Ia,0.9100,0.953024
SIM07552,8.523670,0.78977323,0.89212222,0.132305,SN II,0.5800,0.607350
SIM07553,39.616997,4.69026007,4.40715132,-0.067597,AGN flare,0.6700,0.173659
SIM07554,23.709904,2.00792910,1.84405442,-0.092437,SN Ia,0.9100,0.187717
SIM07555,19.116180,1.54047255,1.68207620,0.095479,SN Ia,0.9100,0.223188
SIM07556,39.601230,5.80278602,4.21720747,-0.346529,AGN flare,0.6700,0.929208
SIM07557,1.663693,0.07359141,0.09852758,0.316827,SN II,0.5800,0.732349
SIM07558,8.081597,1.24749851,1.19952065,-0.042581,SN II,0.5800,0.135050
SIM07559,18.958571,1.49363311,1.39791248,-0.071910,SN Ia,0.9100,0.934866
SIM07560,29.596095,4.03325125,5.35481775,0.307724,SN II,0.5800,0.036019
SIM07561,10.231019,1.27404803,0.93470835,-0.336274,SN II,0.5800,0.629241
SIM07562,31.165356,3.66433088,3.28083770,-0.120025,SN II,0.5800,0.193483
SIM07563,14.695725,1.40088608,1.90136020,0.331654,SN Ia,0.9100,0.236509
SIM07564,11.086218,0.65614660,0.84641072,0.276451,SN II,0.5800,0.012571
SIM07565,23.472159,1.85949616,2.42361683,0.287672,SN Ia,0.9100,0.789826
SIM07566,4.587085,0.30747302,0.30285820,-0.016419,SN II,0.5800,0.037425
SIM07567,12.173864,0.64839409,0.75132289,0.159969,SN Ia,0.9100,0.650630
SIM07568,3.619630,0.17298029,0.19964598,0.155660,SN II,0.5800,0.508437
SIM07569,16.300728,1.28486464,1.71150878,0.311304,SN Ia,0.9100,0.967110
SIM07570,42.847719,3.83595603,4.04551116,0.057749,AGN flare,0.6700,0.178904
SIM07571,18.325046,4.44866110,6.19467371,0.359473,SN Ia,0.9100,0.285651
SIM07572,27.864628,5.20861800,4.82324917,-0.083457,SN II,0.5800,0.138167
SIM07573,13.748370,2.51779173,2.32235576,-0.087728,SN Ia,0.9100,0.126992
SIM07574,42.565652,1.55250791,2.01588796,0.283581,SN II,0.5800,0.587203
SIM07575,31.691935,2.15893601,1.70473336,-0.256458,SN II,0.5800,0.348690
SIM07576,8.343444,0.48022178,0.61192257,0.263137,SN II,0.5800,0.683526
SIM07577,13.439302,0.92121249,0.90971632,-0.013635,SN Ia,0.9100,0.858277
SIM07578,10.422136,1.18933016,1.53809491,0.279202,SN II,0.5800,0.528331
SIM07579,38.560897,2.94915149,3.87364520,0.296057,SN II,0.5800,0.937281
SIM07580,14.208102,1.90164998,1.99689517,0.053062,SN Ia,0.9100,0.803531
SIM07581,41.848326,3.16130920,3.93599097,0.237968,SN II,0.5800,0.913057
SIM07582,31.418619,1.41766680,1.79526567,0.256386,SN II,0.5800,0.691221
SIM07583,40.552486,1.49822503,1.47519738,-0.016817,SN II,0.5800,0.624273
SIM07584,37.003563,5.80541009,7.60831504,0.293639,AGN flare,0.6700,0.626180
SIM07585,9.086413,0.70096286,0.58189891,-0.202119,SN II,0.5800,0.323377
SIM07586,5.962069,0.12890095,0.17717293,0.345353,SN II,0.5800,0.148901
SIM07587,31.734580,2.78599511,2.77233300,-0.005337,SN II,0.5800,0.151087
SIM07588,20.381830,2.07456694,1.49262605,-0.357441,SN II,0.5800,0.672128
SIM07589,21.030700,5.02278674,6.34578928,0.253852,SN Ia,0.9100,0.460941
SIM07590,9.400554,0.72666786,0.69069878,-0.055118,SN II,0.5800,0.142939
SIM07591,25.377294,6.00475458,7.04533460,0.173516,SN II,0.5800,0.988178
SIM07592,12.860430,3.16232219,3.55579778,0.127327,SN Ia,0.9100,0.171060
SIM07593,31.738067,2.98694204,2.78245082,-0.076998,SN II,0.5800,0.031386
SIM07594,2.568738,0.07558627,0.07979832,0.058877,kilonova,0.7200,0.050289
SIM07595,24.043611,1.30831358,1.04498271,-0.244007,SN II,0.5800,0.381729
SIM07596,7.238559,0.55645145,0.65457420,0.176329,SN II,0.5800,0.226486
SIM07597,2.990420,0.09665516,0.11906364,0.226385,SN II,0.5800,0.287389
SIM07598,34.816000,3.51645043,2.80387070,-0.245866,SN II,0.5800,0.142778
SIM07599,5.910457,0.82347905,0.77465088,-0.066366,SN II,0.5800,0.223367
SIM07600,38.383412,1.22807388,1.43490346,0.168995,SN II,0.5800,0.891315
SIM07601,20.198713,1.20139299,0.84175092,-0.386254,SN II,0.5800,0.842058
SIM07602,27.658880,3.28529408,4.45648426,0.331045,SN II,0.5800,0.674089
SIM07603,40.235601,3.04937064,2.60043320,-0.172911,SN II,0.5800,0.273132
SIM07604,12.075464,1.13617099,1.32802184,0.169404,SN Ia,0.9100,0.054175
SIM07605,25.393535,1.38818691,1.87132193,0.324251,SN II,0.5800,0.071654
SIM07606,21.033690,1.38821634,1.44424907,0.042962,SN Ia,0.9100,0.920093
SIM07607,40.112914,6.96134822,5.07925204,-0.342234,AGN flare,0.6700,0.455556
SIM07608,37.910784,3.89655018,3.10383862,-0.246953,SN II,0.5800,0.577878
SIM07609,2.450531,0.07274900,0.07155045,-0.018037,kilonova,0.7200,0.612179
SIM07610,36.727269,2.44493822,2.09456001,-0.167938,SN II,0.5800,0.348595
SIM07611,23.114265,2.59761200,2.37134206,-0.098950,SN Ia,0.9100,0.191129
SIM07612,15.031403,0.82401941,0.97369215,0.181211,SN Ia,0.9100,0.098957
SIM07613,34.960563,2.48250230,3.33636863,0.320961,SN II,0.5800,0.967961
SIM07614,40.877068,2.67522644,3.30875365,0.230760,SN II,0.5800,0.873169
SIM07615,37.974086,3.45541149,3.78033073,0.097575,SN II,0.5800,0.378558
SIM07616,21.122185,3.02881733,3.68021454,0.211500,SN Ia,0.9100,0.166227
SIM07617,23.770498,4.05023325,4.50548835,0.115655,SN Ia,0.9100,0.954472
SIM07618,23.065814,4.31169442,5.38645418,0.241637,SN Ia,0.9100,0.680950
SIM07619,30.069592,3.10537637,4.07902223,0.296105,AGN flare,0.6700,0.465139
SIM07620,26.592127,4.43416813,5.73709340,0.279699,SN II,0.5800,0.372360
SIM07621,17.974721,4.84205465,5.42851419,0.124128,SN Ia,0.9100,0.053597
SIM07622,26.543260,4.43061973,5.54540035,0.243671,SN II,0.5800,0.172441
SIM07623,21.228506,3.33900249,2.80163035,-0.190515,SN Ia,0.9100,0.603374
SIM07624,15.097680,0.68098220,0.87289568,0.269566,SN Ia,0.9100,0.895950
SIM07625,28.886306,3.53660906,4.85410858,0.343806,SN II,0.5800,0.493302
SIM07626,40.867233,1.75574167,1.70059879,-0.034647,SN II,0.5800,0.223393
SIM07627,19.605514,2.43244166,2.73318479,0.126566,SN Ia,0.9100,0.857559
SIM07628,15.931120,0.97338965,0.99376800,0.022496,SN Ia,0.9100,0.163064
SIM07629,36.128646,0.70812611,0.75543406,0.070215,SN II,0.5800,0.064035
SIM07630,16.921117,1.98554643,1.52449011,-0.286889,SN II,0.5800,0.879468
SIM07631,29.902064,2.69821167,2.46214561,-0.099406,SN II,0.5800,0.640916
SIM07632,11.656593,2.48551981,2.60464119,0.050827,SN II,0.5800,0.938896
SIM07633,7.684234,0.55112129,0.62014968,0.128123,SN II,0.5800,0.378008
SIM07634,29.988711,2.97840662,2.80265786,-0.066035,SN II,0.5800,0.768264
SIM07635,15.328338,2.42727170,2.84203980,0.171279,SN Ia,0.9100,0.904803
SIM07636,34.942666,5.24050267,4.08423255,-0.270656,AGN flare,0.6700,0.473433
SIM07637,9.315311,0.88530622,0.96297290,0.091301,SN II,0.5800,0.818664
SIM07638,32.530607,2.76809146,2.77623610,0.003190,SN II,0.5800,0.740050
SIM07639,33.649548,4.79146374,5.81230824,0.209701,AGN flare,0.6700,0.851153
SIM07640,28.696862,1.87886567,2.55373890,0.333202,SN II,0.5800,0.061418
SIM07641,2.378273,0.05973975,0.07918013,0.305882,SN II,0.5800,0.194241
SIM07642,20.063657,5.91464832,4.87325620,-0.210274,SN II,0.5800,0.922165
SIM07643,12.965919,0.69596447,0.56646009,-0.223544,SN II,0.5800,0.483297
SIM07644,3.417976,0.28357420,0.37599048,0.306275,SN II,0.5800,0.794697
SIM07645,34.370764,5.85175430,4.87489848,-0.198301,AGN flare,0.6700,0.589012
SIM07646,32.780804,5.34161830,7.16597018,0.319005,AGN flare,0.6700,0.944573
SIM07647,38.915276,4.14577568,2.91635905,-0.381912,AGN flare,0.6700,0.254516
SIM07648,27.630465,3.34885640,4.65882721,0.358450,SN II,0.5800,0.739581
SIM07649,16.984593,2.81561952,3.45068778,0.220829,SN Ia,0.9100,0.956177
SIM07650,41.549379,6.52253690,6.44804521,-0.012471,AGN flare,0.6700,0.789469
SIM07651,30.386925,3.80363937,3.45613491,-0.104022,SN II,0.5800,0.110241
SIM07652,19.748572,1.42331068,1.79416615,0.251407,SN Ia,0.9100,0.653059
SIM07653,14.292051,1.81190418,2.15244109,0.186990,SN Ia,0.9100,0.539343
SIM07654,28.673635,4.57097349,5.56646838,0.213928,SN II,0.5800,0.448663
SIM07655,42.052773,2.08819454,2.30185619,0.105768,SN II,0.5800,0.292425
SIM07656,29.499220,2.32312556,2.21047952,-0.053965,SN II,0.5800,0.259878
SIM07657,14.799604,1.50897575,1.26379295,-0.192516,SN Ia,0.9100,0.523896
SIM07658,13.432004,1.50481805,1.57975905,0.052767,SN Ia,0.9100,0.464898
SIM07659,21.623458,7.40003664,7.78676212,0.055308,SN Ia,0.9100,0.551139
SIM07660,44.467671,3.66202169,3.37657857,-0.088110,SN II,0.5800,0.064118
SIM07661,42.962859,2.11523159,2.49679901,0.180064,SN II,0.5800,0.226290
SIM07662,4.737457,0.20282173,0.22673222,0.120997,SN II,0.5800,0.217551
SIM07663,6.680409,0.75437481,0.65921814,-0.146395,SN II,0.5800,0.498693
SIM07664,37.219410,5.75054541,6.84889672,0.189779,AGN flare,0.6700,0.682795
SIM07665,38.427976,6.27363228,7.18117100,0.146691,AGN flare,0.6700,0.693700
SIM07666,29.544744,1.79716491,1.37873954,-0.287764,SN II,0.5800,0.743702
SIM07667,4.616586,0.10368507,0.08861958,-0.170466,SN II,0.5800,0.784363
SIM07668,10.405749,1.23197645,1.63557442,0.307670,SN II,0.5800,0.517471
SIM07669,10.408209,1.03295416,0.91927997,-0.126583,SN II,0.5800,0.191807
SIM07670,16.867418,2.55712599,2.07349142,-0.227625,SN II,0.5800,0.982214
SIM07671,25.191209,4.52097987,4.94160167,0.096588,SN II,0.5800,0.515455
SIM07672,8.455339,0.71517137,0.87446792,0.218334,SN II,0.5800,0.278342
SIM07673,8.471573,1.54626201,1.33851679,-0.156648,SN II,0.5800,0.948019
SIM07674,44.240584,2.13919885,1.94970097,-0.100708,SN II,0.5800,0.621700
SIM07675,2.525462,0.13697349,0.10900262,-0.247999,kilonova,0.7200,0.389031
SIM07676,40.950387,2.50103501,1.90999335,-0.292720,SN II,0.5800,0.548752
SIM07677,44.626970,3.28172862,4.10827315,0.243892,AGN flare,0.6700,0.946942
SIM07678,24.522757,4.17425100,5.12060946,0.221858,SN Ia,0.9100,0.088538
SIM07679,41.546550,2.20199687,2.94729424,0.316517,SN II,0.5800,0.958939
SIM07680,17.185027,3.34439879,3.51725657,0.054715,SN Ia,0.9100,0.111404
SIM07681,6.969621,0.76302321,0.63742975,-0.195264,SN II,0.5800,0.187412
SIM07682,41.089589,3.39268505,3.69854834,0.093719,SN II,0.5800,0.389818
SIM07683,3.742239,0.19948272,0.22693494,0.139990,SN II,0.5800,0.174853
SIM07684,28.467669,4.36230800,3.46441519,-0.250216,SN II,0.5800,0.621050
SIM07685,28.616527,2.08318105,1.92963141,-0.083132,SN II,0.5800,0.534995
SIM07686,5.389372,0.46703838,0.34358127,-0.333308,SN II,0.5800,0.793038
SIM07687,41.134843,1.77882381,1.69291668,-0.053743,SN II,0.5800,0.642575
SIM07688,7.721694,0.53522107,0.59530056,0.115508,SN II,0.5800,0.034393
SIM07689,28.919170,5.10508098,6.18865948,0.208985,SN II,0.5800,0.806374
SIM07690,40.735351,5.71090402,7.64264209,0.316347,AGN flare,0.6700,0.336162
SIM07691,32.471404,5.74193801,5.81329066,0.013409,AGN flare,0.6700,0.881527
SIM07692,40.584654,3.58572197,3.05440403,-0.174125,SN II,0.5800,0.935366
SIM07693,23.642900,4.36504074,5.89062370,0.325432,SN Ia,0.9100,0.636967
SIM07694,15.370648,1.52376168,1.15995717,-0.296188,SN II,0.5800,0.295959
SIM07695,13.561741,3.72201550,3.17304543,-0.173255,SN Ia,0.9100,0.353002
SIM07696,43.695693,5.37227249,5.32132860,-0.010345,AGN flare,0.6700,0.462142
SIM07697,11.205774,0.86057636,1.11883665,0.284943,SN II,0.5800,0.893780
SIM07698,37.655011,4.50025121,5.48403725,0.214659,AGN flare,0.6700,0.201737
SIM07699,13.866586,0.54856086,0.58198168,0.064211,SN Ia,0.9100,0.610218
SIM07700,38.877674,1.92148076,2.20184332,0.147876,SN II,0.5800,0.047745
SIM07701,14.106923,0.57559957,0.71395441,0.233875,SN Ia,0.9100,0.572810
SIM07702,6.725413,0.58636020,0.44980033,-0.287862,SN II,0.5800,0.294949
SIM07703,44.857330,3.37067093,2.85939815,-0.178604,SN II,0.5800,0.859094
SIM07704,32.736485,1.69970802,1.27745730,-0.310070,SN II,0.5800,0.462203
SIM07705,3.879388,0.39181152,0.40640943,0.039716,SN II,0.5800,0.335506
SIM07706,44.655350,1.97947553,1.59466450,-0.234702,SN II,0.5800,0.965679
SIM07707,35.974855,1.09873492,1.36567561,0.236137,SN II,0.5800,0.957992
SIM07708,29.154305,3.03385188,2.26174864,-0.318875,SN II,0.5800,0.798342
SIM07709,14.181827,1.13650387,1.20028219,0.059281,SN Ia,0.9100,0.868609
SIM07710,1.552146,0.00953718,0.00681192,-0.365376,kilonova,0.7200,0.003832
SIM07711,5.974305,0.30500829,0.40030968,0.295211,SN II,0.5800,0.067752
SIM07712,20.259400,1.74355271,1.40482943,-0.234529,SN II,0.5800,0.951941
SIM07713,32.766427,2.08901058,2.69601987,0.276956,SN II,0.5800,0.463810
SIM07714,8.750341,1.26165990,1.36946320,0.089020,SN II,0.5800,0.195027
SIM07715,29.285461,1.95995541,1.49101260,-0.296912,SN II,0.5800,0.119639
SIM07716,14.225124,1.77150164,2.04873528,0.157861,SN Ia,0.9100,0.583252
SIM07717,16.054847,1.25402491,1.58230887,0.252463,SN Ia,0.9100,0.667228
SIM07718,18.532210,4.79964887,5.19940086,0.086860,SN Ia,0.9100,0.950437
SIM07719,22.019515,3.11809488,4.19821076,0.322937,SN Ia,0.9100,0.512031
SIM07720,24.189200,4.39633296,5.68264420,0.278650,SN Ia,0.9100,0.718203
SIM07721,41.060737,2.16046591,1.82455740,-0.183475,SN II,0.5800,0.110507
SIM07722,26.738072,1.53465697,1.25856017,-0.215343,SN II,0.5800,0.025017
SIM07723,38.983744,2.70331908,3.73033849,0.349627,SN II,0.5800,0.840304
SIM07724,8.810297,1.84073596,1.36325093,-0.326039,SN II,0.5800,0.073882
SIM07725,16.544115,4.71063978,4.24816487,-0.112196,SN Ia,0.9100,0.551150
SIM07726,39.656199,3.89170235,4.51843739,0.162122,AGN flare,0.6700,0.297906
SIM07727,19.738318,0.92500651,1.03942768,0.126624,SN Ia,0.9100,0.259367
SIM07728,38.536766,6.66977910,8.67243455,0.285074,AGN flare,0.6700,0.144617
SIM07729,35.062997,2.50386534,3.37701274,0.324804,SN II,0.5800,0.593088
SIM07730,24.104919,2.70220232,3.32578184,0.225440,SN Ia,0.9100,0.374696
SIM07731,4.097400,0.28581159,0.22732057,-0.248603,SN II,0.5800,0.619667
SIM07732,30.483537,1.42991332,1.24601676,-0.149465,SN II,0.5800,0.516953
SIM07733,44.845578,2.58554618,2.84824931,0.105064,SN II,0.5800,0.991605
SIM07734,37.052590,2.66707641,3.05418333,0.147149,SN II,0.5800,0.626833
SIM07735,30.859468,2.75474261,1.93897643,-0.381271,SN II,0.5800,0.031087
SIM07736,32.917985,1.40422122,1.75762360,0.243726,SN II,0.5800,0.798328
SIM07737,31.658119,1.49563359,1.26570849,-0.181229,SN II,0.5800,0.115386
SIM07738,13.090634,1.64085549,1.95799988,0.191856,SN Ia,0.9100,0.785969
SIM07739,36.467029,3.89840652,5.44053093,0.361885,AGN flare,0.6700,0.916556
SIM07740,17.838639,2.16864486,2.57115957,0.184851,SN Ia,0.9100,0.505712
SIM07741,9.927075,1.61444848,1.92020394,0.188308,SN II,0.5800,0.275479
SIM07742,30.720505,5.11197660,5.46018621,0.071546,AGN flare,0.6700,0.397407
SIM07743,32.854098,2.48248879,3.12084356,0.248462,SN II,0.5800,0.056441
SIM07744,44.134789,1.14465379,1.23967238,0.086582,SN II,0.5800,0.953456
SIM07745,15.296597,0.71502817,0.62969219,-0.137987,SN Ia,0.9100,0.796598
SIM07746,43.028405,3.43224537,3.24811720,-0.059867,SN II,0.5800,0.270706
SIM07747,3.855478,0.05408007,0.06125567,0.135273,SN II,0.5800,0.314788
SIM07748,36.684718,1.55807486,1.14555590,-0.333930,SN II,0.5800,0.249497
SIM07749,2.167175,0.02168099,0.02664931,0.224017,SN II,0.5800,0.880229
SIM07750,13.957365,1.10204527,1.40459668,0.263381,SN Ia,0.9100,0.650716
SIM07751,32.865937,2.50876882,3.30878706,0.300520,SN II,0.5800,0.047521
SIM07752,38.715725,6.89545424,8.13682093,0.179730,AGN flare,0.6700,0.990972
SIM07753,23.742799,4.41477062,4.05617212,-0.091979,SN Ia,0.9100,0.007860
SIM07754,34.524355,1.64544118,2.12423096,0.277298,SN II,0.5800,0.875839
SIM07755,2.065033,0.02279222,0.01731594,-0.298351,kilonova,0.7200,0.375805
SIM07756,10.439788,1.66517102,1.27139514,-0.292946,SN II,0.5800,0.713287
SIM07757,5.510249,0.28672947,0.32198656,0.125914,SN II,0.5800,0.020181
SIM07758,15.493760,3.41189896,3.56609725,0.047993,SN Ia,0.9100,0.831375
SIM07759,8.014715,0.51414951,0.36461024,-0.373151,SN II,0.5800,0.423587
SIM07760,44.769985,7.35164505,8.92620692,0.210706,AGN flare,0.6700,0.569710
SIM07761,17.214186,0.92460380,0.65678974,-0.371323,SN II,0.5800,0.274910
SIM07762,40.912577,1.60618603,1.60297345,-0.002174,SN II,0.5800,0.364271
SIM07763,37.275369,2.56395845,2.90358397,0.135059,SN II,0.5800,0.958972
SIM07764,5.445631,0.53339685,0.56507904,0.062647,SN II,0.5800,0.784190
SIM07765,43.088300,3.66165632,4.55111497,0.236101,AGN flare,0.6700,0.785766
SIM07766,15.331960,0.62614797,0.56565530,-0.110313,SN Ia,0.9100,0.758826
SIM07767,25.177068,2.34893297,2.81359412,0.195977,SN II,0.5800,0.397920
SIM07768,13.657705,2.14871004,2.51034041,0.168887,SN Ia,0.9100,0.650799
SIM07769,18.640658,1.74282578,1.76632056,0.014539,SN Ia,0.9100,0.602140
SIM07770,20.124875,1.70868896,1.37635907,-0.234828,SN II,0.5800,0.597498
SIM07771,36.612675,2.38768248,3.33969091,0.364324,SN II,0.5800,0.684195
SIM07772,31.144495,1.57166757,1.84382163,0.173396,SN II,0.5800,0.512636
SIM07773,40.934813,2.03500433,1.60734674,-0.256139,SN II,0.5800,0.108140
SIM07774,11.243973,1.81417542,1.35597061,-0.316073,SN II,0.5800,0.271064
SIM07775,31.243131,2.11453747,1.80061040,-0.174489,SN II,0.5800,0.186497
SIM07776,25.688301,3.26714737,4.27572634,0.292103,SN II,0.5800,0.802562
SIM07777,4.500733,0.53283342,0.68885628,0.278843,SN II,0.5800,0.616095
SIM07778,24.602937,1.17866739,1.49305333,0.256710,SN Ia,0.9100,0.944283
SIM07779,14.373775,3.75136776,4.10780727,0.098551,SN Ia,0.9100,0.195006
SIM07780,5.505313,0.20475599,0.27795228,0.331834,SN II,0.5800,0.530044
SIM07781,25.428666,0.95913363,1.18687199,0.231312,SN II,0.5800,0.758042
SIM07782,13.088103,1.81510723,2.13818011,0.177855,SN Ia,0.9100,0.156635
SIM07783,36.442723,3.57839129,4.53223517,0.256562,AGN flare,0.6700,0.259743
SIM07784,24.529976,5.13012975,6.52815171,0.261655,SN Ia,0.9100,0.708095
SIM07785,31.042113,4.54674796,3.80813856,-0.192470,AGN flare,0.6700,0.762287
SIM07786,42.714281,1.93245543,1.56545450,-0.228673,SN II,0.5800,0.762802
SIM07787,42.178532,1.86545286,2.53639609,0.333582,SN II,0.5800,0.936187
SIM07788,21.680486,5.92184617,5.81956864,-0.018916,SN Ia,0.9100,0.007012
SIM07789,2.891418,0.11624590,0.13999623,0.201847,SN II,0.5800,0.828716
SIM07790,26.156295,4.91464518,3.85072810,-0.264873,SN II,0.5800,0.019310
SIM07791,38.442328,5.35642664,4.52408774,-0.183360,AGN flare,0.6700,0.020270
SIM07792,40.857327,6.15615021,8.54343491,0.355808,AGN flare,0.6700,0.682141
SIM07793,6.561643,0.73385515,0.62478579,-0.174698,SN II,0.5800,0.273512
SIM07794,32.366254,2.05047894,2.24472777,0.098271,SN II,0.5800,0.966053
SIM07795,10.965332,2.00302005,1.41375508,-0.378278,SN II,0.5800,0.775424
SIM07796,23.568495,2.06522652,2.76414883,0.316484,SN Ia,0.9100,0.448667
SIM07797,22.721504,3.57013014,4.56312280,0.266445,SN Ia,0.9100,0.426421
SIM07798,7.436625,1.33742925,1.85068624,0.352655,SN II,0.5800,0.965207
SIM07799,28.063845,2.77166898,2.23835814,-0.232029,SN II,0.5800,0.339173
SIM07800,14.601293,3.11086971,3.41521430,0.101340,SN Ia,0.9100,0.334021
SIM07801,26.701054,0.72247366,0.82898547,0.149312,SN II,0.5800,0.520167
SIM07802,2.826058,0.12052110,0.12236121,0.016452,kilonova,0.7200,0.105269
SIM07803,18.757561,1.84308135,2.25515138,0.219078,SN Ia,0.9100,0.498067
SIM07804,21.401412,4.29481145,5.58029091,0.284282,SN Ia,0.9100,0.524753
SIM07805,36.382327,2.53479826,1.83739305,-0.349353,SN II,0.5800,0.766076
SIM07806,32.628584,1.57109662,1.45491038,-0.083417,SN II,0.5800,0.396636
SIM07807,42.019851,3.86109631,5.39162707,0.362523,AGN flare,0.6700,0.513257
SIM07808,32.059338,4.59830419,6.10485129,0.307693,AGN flare,0.6700,0.786182
SIM07809,17.417274,3.47857814,2.56425765,-0.331100,SN II,0.5800,0.920991
SIM07810,36.239880,6.35107933,7.28750930,0.149329,AGN flare,0.6700,0.473745
SIM07811,18.193441,3.19411552,3.66122905,0.148191,SN Ia,0.9100,0.918105
SIM07812,20.681715,1.92969359,1.48801506,-0.282203,SN II,0.5800,0.518871
SIM07813,4.151995,0.21672735,0.21031803,-0.032593,SN II,0.5800,0.629424
SIM07814,27.110732,0.93133037,0.91567148,-0.018410,SN II,0.5800,0.340660
SIM07815,12.789532,1.28514636,0.97789885,-0.296647,SN II,0.5800,0.894239
SIM07816,28.110665,1.64581562,2.07500137,0.251593,SN II,0.5800,0.327516
SIM07817,28.519338,6.54823812,7.08219785,0.085109,SN II,0.5800,0.138477
SIM07818,11.106225,1.06259757,1.36813925,0.274404,SN II,0.5800,0.540959
SIM07819,34.324528,2.61012669,3.17417224,0.212422,SN II,0.5800,0.378482
SIM07820,27.569774,1.71049271,1.49218356,-0.148247,SN II,0.5800,0.682324
SIM07821,23.110037,2.23857948,2.64522839,0.181227,SN Ia,0.9100,0.807709
SIM07822,8.864242,2.22040372,2.50453076,0.130736,SN II,0.5800,0.025982
SIM07823,21.346570,2.28324022,1.85797289,-0.223781,SN II,0.5800,0.338143
SIM07824,38.071654,2.67937966,2.22194760,-0.203251,SN II,0.5800,0.811730
SIM07825,1.932457,0.03302982,0.04318625,0.291098,SN II,0.5800,0.217716
SIM07826,29.207358,0.67305011,0.85363051,0.258056,SN II,0.5800,0.655623
SIM07827,22.945247,5.63668565,4.78652127,-0.177510,SN Ia,0.9100,0.201081
SIM07828,2.376957,0.10441167,0.13900008,0.310665,SN II,0.5800,0.135858
SIM07829,20.285530,2.41170067,2.50744425,0.042270,SN Ia,0.9100,0.999246
SIM07830,28.755268,2.03586519,2.36368100,0.162100,SN II,0.5800,0.591275
SIM07831,32.649182,1.03918417,1.35212175,0.285808,SN II,0.5800,0.184828
SIM07832,31.065834,1.28486195,1.08819876,-0.180371,SN II,0.5800,0.227183
SIM07833,30.108627,6.86332071,5.71275949,-0.199221,AGN flare,0.6700,0.938744
SIM07834,6.346684,0.37056488,0.38081886,0.029635,SN II,0.5800,0.886602
SIM07835,34.252942,1.87032216,2.04243193,0.095578,SN II,0.5800,0.331865
SIM07836,24.471773,3.07846062,3.50608397,0.141222,SN Ia,0.9100,0.950152
SIM07837,44.783751,3.29254132,3.68778652,0.123086,SN II,0.5800,0.014285
SIM07838,14.137415,1.58754004,1.22592127,-0.280655,SN II,0.5800,0.341240
SIM07839,41.122373,3.00759015,3.59339156,0.193215,SN II,0.5800,0.466734
SIM07840,4.645012,0.33420234,0.45386789,0.332300,SN II,0.5800,0.452824
SIM07841,16.992627,2.61466674,3.17554678,0.211005,SN Ia,0.9100,0.963322
SIM07842,6.994336,0.30107925,0.33245521,0.107631,SN II,0.5800,0.551250
SIM07843,31.657624,1.50347327,1.61853655,0.080067,SN II,0.5800,0.263301
SIM07844,27.040780,3.09478187,3.30146861,0.070193,SN II,0.5800,0.185746
SIM07845,4.640043,0.33589834,0.32299631,-0.042526,SN II,0.5800,0.054081
SIM07846,5.230430,0.39623116,0.39524540,-0.002704,SN II,0.5800,0.827213
SIM07847,15.079845,1.57771996,2.14123390,0.331585,SN Ia,0.9100,0.199086
SIM07848,12.916554,1.32372505,1.24365588,-0.067744,SN Ia,0.9100,0.286412
SIM07849,22.726285,2.65879785,3.55774761,0.316225,SN Ia,0.9100,0.482439
SIM07850,19.943781,5.85489590,6.10049781,0.044615,SN Ia,0.9100,0.908619
SIM07851,28.793962,3.31245608,3.29018125,-0.007326,SN II,0.5800,0.607013
SIM07852,31.381028,4.20612767,5.86081358,0.360189,AGN flare,0.6700,0.933999
SIM07853,26.668274,3.98848873,5.47096381,0.343139,SN II,0.5800,0.203911
SIM07854,11.533198,0.32108241,0.23273300,-0.349396,SN II,0.5800,0.797381
SIM07855,28.022570,5.69095644,6.35092028,0.119128,SN II,0.5800,0.789609
SIM07856,24.579408,1.47870529,1.76557297,0.192510,SN Ia,0.9100,0.329467
SIM07857,41.277987,5.16047536,6.58720718,0.265029,AGN flare,0.6700,0.848730
SIM07858,13.703675,1.71567699,2.35322547,0.343070,SN Ia,0.9100,0.845433
SIM07859,34.531020,4.59455844,6.09402893,0.306652,AGN flare,0.6700,0.961898
SIM07860,35.353530,1.22951329,0.88117460,-0.361678,SN II,0.5800,0.440783
SIM07861,16.573298,4.49975380,4.95109934,0.103782,SN Ia,0.9100,0.400605
SIM07862,5.381161,0.53437405,0.65923858,0.227993,SN II,0.5800,0.223980
SIM07863,12.319509,0.71960282,0.94447769,0.295247,SN Ia,0.9100,0.990307
SIM07864,14.783823,3.06706957,3.75383275,0.219378,SN Ia,0.9100,0.444544
SIM07865,37.049931,2.54639644,3.39648960,0.312761,SN II,0.5800,0.401332
SIM07866,22.631528,3.23819576,4.45422404,0.346172,SN Ia,0.9100,0.508564
SIM07867,36.487056,2.79932873,3.29919889,0.178386,SN II,0.5800,0.948616
SIM07868,13.949156,1.82852847,1.66231580,-0.103470,SN Ia,0.9100,0.739982
SIM07869,28.668309,1.20440628,1.02976055,-0.170092,SN II,0.5800,0.884598
SIM07870,3.901755,0.11394925,0.12145240,0.069237,SN II,0.5800,0.127730
SIM07871,12.222075,1.05127585,0.86170059,-0.215901,SN II,0.5800,0.014330
SIM07872,44.416307,4.83373370,4.51742841,-0.073479,AGN flare,0.6700,0.263436
SIM07873,33.527888,6.62322264,5.22378322,-0.257711,AGN flare,0.6700,0.493032
SIM07874,14.689837,1.32833007,0.95389250,-0.359516,SN II,0.5800,0.733613
SIM07875,41.830585,5.29046636,4.26758606,-0.233279,AGN flare,0.6700,0.634014
SIM07876,19.476576,3.19278658,3.84577039,0.202034,SN Ia,0.9100,0.494058
SIM07877,20.953706,2.64383027,2.33695909,-0.133956,SN Ia,0.9100,0.693083
SIM07878,31.322254,2.78212316,3.53642891,0.260471,SN II,0.5800,0.788838
SIM07879,10.922533,0.70489433,0.50573160,-0.360510,SN II,0.5800,0.827047
SIM07880,30.245027,7.62844488,9.20674495,0.204175,AGN flare,0.6700,0.324336
SIM07881,43.335249,6.88628873,9.24172264,0.319419,AGN flare,0.6700,0.905618
SIM07882,36.687237,5.35650213,7.45880266,0.359470,AGN flare,0.6700,0.591282
SIM07883,2.026888,0.09152474,0.12393281,0.329119,SN II,0.5800,0.773681
SIM07884,36.490896,4.33676971,5.48065367,0.254165,AGN flare,0.6700,0.763070
SIM07885,5.180170,0.41421053,0.29652718,-0.362892,SN II,0.5800,0.723573
SIM07886,36.723214,4.61192706,5.04400353,0.097232,AGN flare,0.6700,0.316557
SIM07887,3.462919,0.12022004,0.14678179,0.216738,SN II,0.5800,0.580950
SIM07888,18.134917,1.52931676,2.04396800,0.314942,SN Ia,0.9100,0.597815
SIM07889,34.677627,5.87267352,5.01640173,-0.171109,AGN flare,0.6700,0.199482
SIM07890,20.531919,3.07087995,3.74344041,0.215020,SN Ia,0.9100,0.210339
SIM07891,29.047895,7.39957239,7.58133283,0.026347,SN II,0.5800,0.015303
SIM07892,28.699575,3.75914805,4.16415309,0.111093,SN II,0.5800,0.766682
SIM07893,27.111197,3.93507753,4.67304241,0.186616,SN II,0.5800,0.385142
SIM07894,16.593429,2.14352838,2.16868187,0.012667,SN Ia,0.9100,0.420201
SIM07895,1.928527,0.03366817,0.04233023,0.248578,SN II,0.5800,0.831613
SIM07896,25.515625,2.69012320,2.62964432,-0.024688,SN II,0.5800,0.285637
SIM07897,16.365357,3.10019322,3.83900262,0.232074,SN Ia,0.9100,0.006165
SIM07898,16.763814,1.31985275,1.08370166,-0.214039,SN II,0.5800,0.134859
SIM07899,27.621195,4.59555110,6.20778227,0.326497,SN II,0.5800,0.870819
SIM07900,23.169071,1.42043706,1.77223716,0.240250,SN Ia,0.9100,0.889656
SIM07901,24.831806,2.06008267,2.19837417,0.070542,SN Ia,0.9100,0.231114
SIM07902,10.674904,1.63112829,1.36094841,-0.196616,SN II,0.5800,0.853816
SIM07903,17.626521,1.34491828,1.25986563,-0.070929,SN Ia,0.9100,0.737328
SIM07904,4.100475,0.24486731,0.31182058,0.262435,SN II,0.5800,0.761277
SIM07905,20.523056,1.70293090,2.23335657,0.294403,SN Ia,0.9100,0.821517
SIM07906,12.405402,1.23358880,1.09641130,-0.127992,SN Ia,0.9100,0.157827
SIM07907,41.368560,7.26796914,5.10001904,-0.384603,AGN flare,0.6700,0.082064
SIM07908,44.680957,3.48329222,4.76256426,0.339627,AGN flare,0.6700,0.550021
SIM07909,9.970421,1.47296272,1.88012290,0.264986,SN II,0.5800,0.652105
SIM07910,30.395567,1.91840992,1.91184954,-0.003719,SN II,0.5800,0.984988
SIM07911,16.025101,1.49063332,1.64666980,0.108089,SN Ia,0.9100,0.473364
SIM07912,32.584474,4.46241830,5.49613077,0.226217,AGN flare,0.6700,0.941967
SIM07913,18.424636,4.06480186,5.58797524,0.345538,SN Ia,0.9100,0.675224
SIM07914,23.713205,2.51134870,3.25433498,0.281388,SN Ia,0.9100,0.702426
SIM07915,13.846988,1.54066627,1.46764246,-0.052721,SN Ia,0.9100,0.175628
SIM07916,6.074328,0.71013341,0.83121747,0.170937,SN II,0.5800,0.980400
SIM07917,23.566940,2.47263280,3.13694876,0.258369,SN Ia,0.9100,0.273047
SIM07918,13.186594,1.12477090,1.04317152,-0.081771,SN Ia,0.9100,0.696443
SIM07919,14.285723,1.51799864,1.51308665,-0.003519,SN Ia,0.9100,0.084748
SIM07920,4.980368,0.33516615,0.44631670,0.310957,SN II,0.5800,0.470672
SIM07921,12.176378,1.50228144,1.29409256,-0.161965,SN Ia,0.9100,0.451167
SIM07922,44.520321,2.48186113,2.76738197,0.118229,SN II,0.5800,0.185990
SIM07923,21.248056,6.78440091,9.34959510,0.348203,SN Ia,0.9100,0.645577
SIM07924,29.216281,2.25321155,2.79148885,0.232585,SN II,0.5800,0.432674
SIM07925,38.555337,6.37372137,7.78036699,0.216518,AGN flare,0.6700,0.829113
SIM07926,44.401658,2.72328080,3.59913457,0.302764,SN II,0.5800,0.973026
SIM07927,27.395983,1.30699190,1.33092027,0.019698,SN II,0.5800,0.106596
SIM07928,11.047053,1.19982810,1.20782725,0.007214,SN II,0.5800,0.951289
SIM07929,19.011730,3.43790488,4.54942252,0.304156,SN Ia,0.9100,0.967980
SIM07930,11.958653,1.93368888,1.90366023,-0.016993,SN II,0.5800,0.608484
SIM07931,30.788758,6.58332002,7.01955130,0.069661,AGN flare,0.6700,0.899152
SIM07932,15.849402,1.70846864,2.23901169,0.293623,SN Ia,0.9100,0.855215
SIM07933,23.453852,3.78553938,3.68939244,-0.027932,SN Ia,0.9100,0.825081
SIM07934,34.930987,7.18773430,5.83619321,-0.226156,AGN flare,0.6700,0.989998
SIM07935,17.841062,3.78214183,3.82318390,0.011718,SN Ia,0.9100,0.763756
SIM07936,18.280877,2.61445874,2.24877316,-0.163590,SN Ia,0.9100,0.572154
SIM07937,39.181654,0.83324547,0.66470014,-0.245368,SN II,0.5800,0.057112
SIM07938,13.213172,1.94901987,2.33382883,0.195632,SN Ia,0.9100,0.948885
SIM07939,39.639883,2.54840797,2.27499595,-0.123221,SN II,0.5800,0.729468
SIM07940,4.040237,0.50271222,0.39152702,-0.271394,SN II,0.5800,0.546212
SIM07941,12.456549,1.38840540,1.29573714,-0.074998,SN Ia,0.9100,0.641266
SIM07942,36.541604,2.94536360,2.39339964,-0.225309,SN II,0.5800,0.191245
SIM07943,31.663792,4.00435153,5.31942814,0.308332,AGN flare,0.6700,0.459284
SIM07944,18.060136,1.13901924,1.13145703,-0.007232,SN Ia,0.9100,0.654418
SIM07945,3.250325,0.15796253,0.11203265,-0.373024,SN II,0.5800,0.100471
SIM07946,30.995341,3.40960820,4.57386569,0.318947,AGN flare,0.6700,0.399832
SIM07947,23.527872,5.16815201,6.40218323,0.232482,SN Ia,0.9100,0.216153
SIM07948,27.492427,0.79358150,0.82325796,0.039861,SN II,0.5800,0.800948
SIM07949,38.069877,2.73625096,3.01053309,0.103719,SN II,0.5800,0.913007
SIM07950,11.691586,1.32818958,0.99600859,-0.312492,SN II,0.5800,0.231838
SIM07951,20.062788,3.19632681,2.58076622,-0.232256,SN II,0.5800,0.026369
SIM07952,14.126051,2.52247987,2.95332698,0.171210,SN Ia,0.9100,0.910618
SIM07953,43.563406,1.90260647,1.99025334,0.048898,SN II,0.5800,0.061134
SIM07954,28.617594,0.66464471,0.58818625,-0.132687,SN II,0.5800,0.622993
SIM07955,32.845880,2.52705771,2.93640199,0.163001,SN II,0.5800,0.226759
SIM07956,23.566833,1.20405013,1.63572608,0.332665,SN Ia,0.9100,0.761764
SIM07957,44.121574,4.17542736,4.17203996,-0.000881,AGN flare,0.6700,0.083732
SIM07958,21.543488,1.25856713,1.04471348,-0.202198,SN II,0.5800,0.975573
SIM07959,15.624261,1.73563495,1.30707040,-0.307899,SN II,0.5800,0.538213
SIM07960,34.978083,4.66017648,5.08146352,0.093966,AGN flare,0.6700,0.070705
SIM07961,29.900196,3.86377226,2.81324671,-0.344509,SN II,0.5800,0.836387
SIM07962,7.863334,0.46875284,0.63384159,0.327592,SN II,0.5800,0.443998
SIM07963,42.292633,0.92465996,0.66616877,-0.355994,SN II,0.5800,0.668777
SIM07964,16.257587,3.19412806,3.11069528,-0.028737,SN Ia,0.9100,0.266803
SIM07965,38.577594,5.47620782,4.88896527,-0.123157,AGN flare,0.6700,0.236081
SIM07966,36.872560,0.77576459,0.93824940,0.206471,SN II,0.5800,0.281997
SIM07967,28.332076,4.18938181,3.51672769,-0.190028,SN II,0.5800,0.066738
SIM07968,21.729715,3.74762835,4.15622550,0.112356,SN Ia,0.9100,0.150894
SIM07969,1.273848,0.01905597,0.01487637,-0.268836,kilonova,0.7200,0.171617
SIM07970,6.934646,0.58349478,0.46201849,-0.253444,SN II,0.5800,0.095419
SIM07971,7.177087,0.47500755,0.60908168,0.269938,SN II,0.5800,0.285342
SIM07972,16.870831,0.63073188,0.52840178,-0.192201,SN Ia,0.9100,0.633674
SIM07973,21.040777,0.61498901,0.77046626,0.244716,SN Ia,0.9100,0.275995
SIM07974,1.116501,0.03542995,0.03226333,-0.101653,kilonova,0.7200,0.598274
SIM07975,16.728299,0.89222755,1.22273232,0.342139,SN Ia,0.9100,0.190285
SIM07976,2.792507,0.09715571,0.09195650,-0.059715,kilonova,0.7200,0.851588
SIM07977,39.731028,2.17582132,2.60335932,0.194777,SN II,0.5800,0.061982
SIM07978,17.476226,1.27802864,1.12470808,-0.138752,SN Ia,0.9100,0.998724
SIM07979,17.153996,3.76134421,4.85717173,0.277601,SN Ia,0.9100,0.607846
SIM07980,29.178515,1.19321321,1.10460146,-0.083781,SN II,0.5800,0.608211
SIM07981,38.589716,0.84435291,0.84368289,-0.000862,SN II,0.5800,0.517460
SIM07982,35.494693,3.30721343,4.57558541,0.352461,AGN flare,0.6700,0.234113
SIM07983,27.179746,7.57366183,7.19759720,-0.055296,SN II,0.5800,0.339469
SIM07984,32.296809,5.95268865,6.59290003,0.110908,AGN flare,0.6700,0.154523
SIM07985,21.668128,3.02841885,2.21369166,-0.340247,SN II,0.5800,0.689865
SIM07986,29.062747,4.23639844,4.48202732,0.061194,SN II,0.5800,0.649631
SIM07987,21.531105,1.55632390,1.95151441,0.245679,SN Ia,0.9100,0.044148
SIM07988,25.065025,1.00273920,0.75530957,-0.307658,SN II,0.5800,0.662334
SIM07989,38.840455,1.84460655,2.49059684,0.325999,SN II,0.5800,0.745530
SIM07990,17.935339,1.09139386,1.13738877,0.044819,SN Ia,0.9100,0.032477
SIM07991,39.413407,3.83970625,4.91976310,0.269115,AGN flare,0.6700,0.234400
SIM07992,19.333059,3.28287223,3.93461464,0.196621,SN Ia,0.9100,0.636581
SIM07993,27.923700,1.83675119,2.06026519,0.124682,SN II,0.5800,0.546016
SIM07994,10.844969,1.16640861,1.59846183,0.342129,SN II,0.5800,0.826950
SIM07995,37.329899,0.81589810,0.60340159,-0.327574,SN II,0.5800,0.625723
SIM07996,17.833668,0.69912759,0.69973902,0.000949,SN Ia,0.9100,0.480053
SIM07997,19.826121,3.50431676,4.78380026,0.337924,SN Ia,0.9100,0.467361
SIM07998,9.858846,0.69646537,0.93588899,0.320812,SN II,0.5800,0.831054
SIM07999,24.775823,2.39972291,3.18697002,0.308042,SN Ia,0.9100,0.650005
SIM08000,6.249028,0.16196211,0.12019534,-0.323814,SN II,0.5800,0.721027
SIM08001,9.636534,2.17222223,2.65177208,0.216580,SN II,0.5800,0.904447
SIM08002,10.736846,1.65287184,1.63620622,-0.011003,SN II,0.5800,0.144464
SIM08003,6.030567,0.35545306,0.36193280,0.019614,SN II,0.5800,0.995342
SIM08004,19.108474,4.10434683,4.31688596,0.054816,SN Ia,0.9100,0.074763
SIM08005,39.150030,4.32864714,5.25479354,0.210509,AGN flare,0.6700,0.104083
SIM08006,27.382602,1.98513127,2.32201761,0.170191,SN II,0.5800,0.826736
SIM08007,37.534213,2.90360928,3.99468940,0.346362,SN II,0.5800,0.207953
SIM08008,30.675166,2.81850228,2.41019820,-0.169914,SN II,0.5800,0.496770
SIM08009,22.199610,5.57291230,4.44505044,-0.245514,SN II,0.5800,0.047358
SIM08010,13.773336,1.86300404,1.54408897,-0.203854,SN II,0.5800,0.334474
SIM08011,41.910822,2.24463030,2.26767735,0.011091,SN II,0.5800,0.506009
SIM08012,31.678692,0.89537099,1.15080149,0.272493,SN II,0.5800,0.248008
SIM08013,20.350680,3.45572309,2.97369341,-0.163107,SN Ia,0.9100,0.419977
SIM08014,4.601877,0.47583718,0.36515600,-0.287450,SN II,0.5800,0.587356
SIM08015,13.797762,1.74997133,1.39206066,-0.248432,SN II,0.5800,0.409948
SIM08016,25.478983,0.99557765,0.84502690,-0.178012,SN II,0.5800,0.413570
SIM08017,14.341889,3.01218707,3.73416056,0.233278,SN Ia,0.9100,0.421548
SIM08018,27.974113,4.54433855,4.97649936,0.098633,SN II,0.5800,0.155544
SIM08019,12.608820,1.16459544,0.91242498,-0.264945,SN II,0.5800,0.120291
SIM08020,26.686412,1.72580844,2.11863067,0.222657,SN II,0.5800,0.717724
SIM08021,17.634021,4.83965865,4.83938840,-0.000061,SN Ia,0.9100,0.810227
SIM08022,18.703081,4.30236885,4.42977466,0.031685,SN Ia,0.9100,0.054454
SIM08023,19.270793,2.79859582,3.47439173,0.234847,SN Ia,0.9100,0.674787
SIM08024,4.723751,0.21068947,0.26285646,0.240190,SN II,0.5800,0.076076
SIM08025,44.571099,3.50305865,3.44277889,-0.018846,SN II,0.5800,0.405819
SIM08026,15.715585,3.14140573,2.22634265,-0.373830,SN II,0.5800,0.954069
SIM08027,42.266592,3.51356813,4.72080446,0.320669,AGN flare,0.6700,0.418837
SIM08028,9.381922,0.47656447,0.44185977,-0.082093,SN II,0.5800,0.200677
SIM08029,11.925927,1.24383452,1.57494770,0.256259,SN II,0.5800,0.834354
SIM08030,25.494325,1.50077844,1.97849626,0.300047,SN II,0.5800,0.101617
SIM08031,8.227160,1.18374960,1.06786189,-0.111862,SN II,0.5800,0.942634
SIM08032,40.635637,5.93788981,7.44261248,0.245233,AGN flare,0.6700,0.376640
SIM08033,10.957582,1.14475064,1.02437256,-0.120632,SN II,0.5800,0.526475
SIM08034,28.606395,2.60460216,2.17626106,-0.195076,SN II,0.5800,0.055420
SIM08035,37.257353,2.19983172,2.69758752,0.221465,SN II,0.5800,0.661558
SIM08036,43.564036,3.15749132,2.21497336,-0.384934,SN II,0.5800,0.089758
SIM08037,25.757554,2.09386289,1.64182657,-0.264052,SN II,0.5800,0.406950
SIM08038,29.976583,3.27422286,3.83192925,0.170773,SN II,0.5800,0.459584
SIM08039,15.747152,1.25684762,1.75904265,0.364984,SN Ia,0.9100,0.615880
SIM08040,19.025989,0.70375582,0.56530971,-0.237839,SN II,0.5800,0.963392
SIM08041,18.464111,4.55627179,4.06414319,-0.124102,SN Ia,0.9100,0.895261
SIM08042,23.886737,5.92361701,8.18709962,0.351358,SN Ia,0.9100,0.318866
SIM08043,35.656988,1.30648016,1.23129339,-0.064353,SN II,0.5800,0.611586
SIM08044,41.393209,6.39257014,8.88935928,0.357987,AGN flare,0.6700,0.860346
SIM08045,14.505039,1.65813937,1.92550921,0.162311,SN Ia,0.9100,0.350963
SIM08046,13.496428,0.46568700,0.45058994,-0.035782,SN Ia,0.9100,0.303503
SIM08047,39.910938,3.07569557,3.82653719,0.237156,SN II,0.5800,0.926327
SIM08048,1.324598,0.02732540,0.03616272,0.304237,SN II,0.5800,0.501274
SIM08049,43.974404,2.66732931,3.53922462,0.307079,SN II,0.5800,0.285474
SIM08050,28.711534,3.67976946,5.09019180,0.352284,SN II,0.5800,0.237303
SIM08051,38.987170,2.35862943,2.60344873,0.107223,SN II,0.5800,0.654512
SIM08052,11.221079,1.98908401,2.10666504,0.062356,SN II,0.5800,0.597116
SIM08053,18.733994,2.45344561,2.98847498,0.214183,SN Ia,0.9100,0.045683
SIM08054,27.420491,6.32023904,5.11983633,-0.228694,SN II,0.5800,0.509691
SIM08055,27.850760,5.53771614,4.36588425,-0.258146,SN II,0.5800,0.657407
SIM08056,15.997654,2.79117449,3.35211081,0.198828,SN Ia,0.9100,0.960243
SIM08057,10.255656,1.54639873,1.42649409,-0.087629,SN II,0.5800,0.735400
SIM08058,19.943640,3.14875049,2.49950210,-0.250712,SN II,0.5800,0.978666
SIM08059,26.465758,2.67977663,2.53800400,-0.059016,SN II,0.5800,0.252554
SIM08060,37.166670,4.82203153,4.28987130,-0.126964,AGN flare,0.6700,0.408889
SIM08061,42.163317,3.11981446,3.79612418,0.213029,SN II,0.5800,0.664427
SIM08062,32.009822,5.12189128,4.26897708,-0.197766,AGN flare,0.6700,0.771974
SIM08063,40.910026,3.00623090,3.62554858,0.203378,SN II,0.5800,0.097342
SIM08064,4.196236,0.14793573,0.13064330,-0.134965,SN II,0.5800,0.164950
SIM08065,25.612443,6.94950978,5.13155656,-0.329263,SN II,0.5800,0.368621
SIM08066,22.437577,1.38791903,1.47601722,0.066818,SN Ia,0.9100,0.989471
SIM08067,6.470095,0.33533812,0.36375288,0.088309,SN II,0.5800,0.799464
SIM08068,23.264326,3.04429070,3.33847465,0.100155,SN Ia,0.9100,0.249413
SIM08069,17.632345,1.70871310,1.23871501,-0.349244,SN II,0.5800,0.280297
SIM08070,10.580261,0.52261600,0.66185177,0.256445,SN II,0.5800,0.492351
SIM08071,15.666886,3.26812932,3.44730779,0.057952,SN Ia,0.9100,0.862729
SIM08072,19.987838,3.00966571,3.12467347,0.040716,SN Ia,0.9100,0.110709
SIM08073,4.558115,0.09816723,0.07880706,-0.238504,SN II,0.5800,0.360648
SIM08074,32.830258,4.17100277,4.03573596,-0.035794,AGN flare,0.6700,0.081982
SIM08075,16.300506,2.94036070,3.12839259,0.067302,SN Ia,0.9100,0.032343
SIM08076,33.161748,3.24406324,2.61644378,-0.233445,SN II,0.5800,0.273368
SIM08077,27.171610,5.06751754,4.69839622,-0.082114,SN II,0.5800,0.771830
SIM08078,11.581086,0.46379202,0.38560708,-0.200446,SN II,0.5800,0.096213
SIM08079,20.361533,1.08860935,1.31195198,0.202615,SN Ia,0.9100,0.598801
SIM08080,42.941737,5.04737768,4.12379578,-0.219422,AGN flare,0.6700,0.264547
SIM08081,33.146956,4.92523324,3.86195002,-0.264050,AGN flare,0.6700,0.508077
SIM08082,20.786672,3.92927766,3.19480876,-0.224670,SN II,0.5800,0.774311
SIM08083,27.512778,1.81673481,2.00073441,0.104745,SN II,0.5800,0.718428
SIM08084,40.298080,1.03995528,1.32182143,0.260395,SN II,0.5800,0.979991
SIM08085,7.725482,0.46843976,0.32894855,-0.383814,SN II,0.5800,0.992419
SIM08086,35.473496,4.36341790,5.06417138,0.161704,AGN flare,0.6700,0.465482
SIM08087,13.864568,3.13159597,4.04904237,0.278966,SN Ia,0.9100,0.220850
SIM08088,28.848208,2.69780423,2.61164273,-0.035242,SN II,0.5800,0.074503
SIM08089,26.813707,4.65462472,3.30018556,-0.373366,SN II,0.5800,0.716113
SIM08090,34.229924,1.45445241,1.14004234,-0.264446,SN II,0.5800,0.598045
SIM08091,13.987476,1.95161934,1.59766938,-0.217271,SN II,0.5800,0.515189
SIM08092,14.943668,2.33091818,2.78889013,0.194761,SN Ia,0.9100,0.723075
SIM08093,19.817682,1.84458664,1.86382588,0.011266,SN Ia,0.9100,0.996736
SIM08094,17.631403,2.31967134,1.86505755,-0.236836,SN II,0.5800,0.730884
SIM08095,12.437236,0.74812126,0.82192877,0.102155,SN Ia,0.9100,0.493623
SIM08096,37.104568,3.22727509,4.21551378,0.290036,AGN flare,0.6700,0.121902
SIM08097,36.229705,1.11503203,1.19031499,0.070936,SN II,0.5800,0.409260
SIM08098,36.341867,2.56008721,2.32030638,-0.106774,SN II,0.5800,0.907546
SIM08099,29.693364,1.28859449,1.09198530,-0.179749,SN II,0.5800,0.696619
SIM08100,40.327414,2.40789240,2.80521203,0.165822,SN II,0.5800,0.423094
SIM08101,27.287143,3.58308206,3.17298767,-0.131971,SN II,0.5800,0.511363
SIM08102,8.638317,0.72296264,0.66067436,-0.097821,SN II,0.5800,0.960917
SIM08103,2.281344,0.07983058,0.10554148,0.303135,SN II,0.5800,0.041958
SIM08104,28.251298,6.05076624,4.56780589,-0.305257,SN II,0.5800,0.801751
SIM08105,20.029360,2.28142450,3.07526107,0.324190,SN Ia,0.9100,0.248504
SIM08106,3.927049,0.11235622,0.12282035,0.096683,SN II,0.5800,0.731872
SIM08107,4.825324,0.24388812,0.19748303,-0.229152,SN II,0.5800,0.917758
SIM08108,25.973284,1.89158523,2.28833312,0.206733,SN II,0.5800,0.348577
SIM08109,37.789142,2.90909237,2.07524346,-0.366721,SN II,0.5800,0.685834
SIM08110,6.476861,0.91608146,1.20401673,0.296746,SN II,0.5800,0.722500
SIM08111,16.154055,2.25170946,2.15922530,-0.045536,SN Ia,0.9100,0.136505
SIM08112,22.584229,2.43903709,2.76836270,0.137511,SN Ia,0.9100,0.242354
SIM08113,24.183097,1.67654642,1.33269797,-0.249210,SN II,0.5800,0.349600
SIM08114,27.927397,6.66884347,5.33690034,-0.241904,SN II,0.5800,0.917533
SIM08115,16.397772,1.37125864,1.77280346,0.278853,SN Ia,0.9100,0.921426
SIM08116,28.533878,1.08030663,0.99739124,-0.086704,SN II,0.5800,0.671201
SIM08117,21.692415,2.28885032,2.23735082,-0.024708,SN Ia,0.9100,0.245325
SIM08118,34.391868,0.94968904,1.14992978,0.207725,SN II,0.5800,0.167654
SIM08119,4.991867,0.44242350,0.34375438,-0.273975,SN II,0.5800,0.827965
SIM08120,21.078690,6.19388232,4.99490462,-0.233589,SN II,0.5800,0.941777
SIM08121,17.920763,2.84007060,2.59293733,-0.098843,SN Ia,0.9100,0.101731
SIM08122,40.699481,1.47063283,1.87726763,0.265055,SN II,0.5800,0.767488
SIM08123,42.958146,3.28463275,3.95764274,0.202374,SN II,0.5800,0.351236
SIM08124,12.372877,1.51471732,1.27540518,-0.186709,SN Ia,0.9100,0.564875
SIM08125,38.498368,2.21210125,2.20037393,-0.005771,SN II,0.5800,0.598908
SIM08126,6.905439,0.15380799,0.17544832,0.142926,SN II,0.5800,0.753279
SIM08127,27.786704,2.63834754,2.46124581,-0.075443,SN II,0.5800,0.323692
SIM08128,36.375546,1.60889154,1.23847474,-0.284099,SN II,0.5800,0.775125
SIM08129,13.287428,1.85058231,1.69177175,-0.097417,SN Ia,0.9100,0.766861
SIM08130,10.784898,0.48443740,0.58210941,0.199417,SN II,0.5800,0.356682
SIM08131,30.720063,3.45700783,2.92224472,-0.182459,SN II,0.5800,0.409473
SIM08132,9.933426,1.57630075,1.66552979,0.059783,SN II,0.5800,0.326004
SIM08133,30.480430,0.90353910,1.19845706,0.306689,SN II,0.5800,0.491458
SIM08134,9.480116,0.53813751,0.40462317,-0.309606,SN II,0.5800,0.261096
SIM08135,3.184902,0.16260667,0.21136979,0.284761,SN II,0.5800,0.108271
SIM08136,34.070352,4.51660820,3.74023874,-0.204783,AGN flare,0.6700,0.899436
SIM08137,3.822926,0.20948983,0.17391141,-0.202087,SN II,0.5800,0.956378
SIM08138,35.618009,4.35521620,5.45645779,0.244753,AGN flare,0.6700,0.409326
SIM08139,5.882128,0.14552555,0.20241682,0.358268,SN II,0.5800,0.332930
SIM08140,38.510058,2.35917541,1.80038867,-0.293485,SN II,0.5800,0.140589
SIM08141,5.306572,0.44130275,0.61536657,0.360993,SN II,0.5800,0.759113
SIM08142,2.015977,0.04585231,0.06005733,0.293012,SN II,0.5800,0.869013
SIM08143,36.968298,1.87592536,1.46095366,-0.271448,SN II,0.5800,0.795423
SIM08144,1.887367,0.03366732,0.04393249,0.288943,SN II,0.5800,0.384694
SIM08145,21.259026,5.49765249,4.22231456,-0.286567,SN II,0.5800,0.521859
SIM08146,21.893571,5.46215265,4.70079150,-0.162982,SN Ia,0.9100,0.238061
SIM08147,37.765550,0.80495888,1.03832275,0.276397,SN II,0.5800,0.705629
SIM08148,43.897363,3.41797258,3.00076678,-0.141341,SN II,0.5800,0.370879
SIM08149,33.510861,3.23886863,4.24396633,0.293446,AGN flare,0.6700,0.452378
SIM08150,1.399313,0.05497595,0.05559002,0.012060,kilonova,0.7200,0.033926
SIM08151,6.923809,0.63510569,0.57504237,-0.107865,SN II,0.5800,0.154711
SIM08152,42.470551,1.98428038,2.37717416,0.196145,SN II,0.5800,0.962504
SIM08153,18.416177,1.85616710,1.72417583,-0.080089,SN Ia,0.9100,0.416217
SIM08154,39.001135,2.10739985,2.16760679,0.030584,SN II,0.5800,0.665712
SIM08155,36.643250,2.73081345,3.12752959,0.147273,SN II,0.5800,0.474185
SIM08156,41.018272,1.71223330,2.18057163,0.262519,SN II,0.5800,0.376079
SIM08157,18.243273,4.08504813,3.04974601,-0.317334,SN II,0.5800,0.756800
SIM08158,37.780704,6.33847182,6.97927429,0.104564,AGN flare,0.6700,0.808016
SIM08159,26.059024,2.50865808,2.08758963,-0.199491,SN II,0.5800,0.904590
SIM08160,11.957092,2.55713607,3.37223112,0.300409,SN II,0.5800,0.280177
SIM08161,16.736449,2.05575732,2.69946961,0.295766,SN Ia,0.9100,0.353587
SIM08162,8.512101,1.93823211,1.46215421,-0.306032,SN II,0.5800,0.074692
SIM08163,43.521820,1.62626014,1.46115918,-0.116231,SN II,0.5800,0.956977
SIM08164,19.855098,5.06579246,4.30157766,-0.177549,SN Ia,0.9100,0.813123
SIM08165,30.918481,2.34958704,3.07810501,0.293230,SN II,0.5800,0.104122
SIM08166,9.611854,1.69401383,1.35042264,-0.246118,SN II,0.5800,0.003866
SIM08167,5.132731,0.26854252,0.35772632,0.311345,SN II,0.5800,0.768110
SIM08168,37.090406,4.19537426,3.18161584,-0.300307,AGN flare,0.6700,0.821456
SIM08169,38.619630,7.91921374,8.58842803,0.088079,AGN flare,0.6700,0.891140
SIM08170,17.954572,1.38475110,1.04108750,-0.309711,SN II,0.5800,0.962686
SIM08171,11.323488,1.63486193,1.42895113,-0.146159,SN II,0.5800,0.245703
SIM08172,26.727421,3.48060099,4.46046515,0.269315,SN II,0.5800,0.624500
SIM08173,18.476948,5.42759707,5.62323319,0.038446,SN Ia,0.9100,0.277217
SIM08174,35.188144,1.39152908,1.04772681,-0.308111,SN II,0.5800,0.824263
SIM08175,24.268395,6.80700004,6.28024115,-0.087449,SN Ia,0.9100,0.703893
SIM08176,34.348634,1.78435342,2.32256217,0.286216,SN II,0.5800,0.707726
SIM08177,42.770368,6.02011280,6.64235888,0.106794,AGN flare,0.6700,0.320701
SIM08178,12.059580,0.44795037,0.54868848,0.220240,SN Ia,0.9100,0.653744
SIM08179,39.201358,1.81568421,1.91093878,0.055516,SN II,0.5800,0.813637
SIM08180,28.706986,4.45825453,5.48273733,0.224581,SN II,0.5800,0.276806
SIM08181,9.475796,0.72060834,0.98384456,0.338068,SN II,0.5800,0.127957
SIM08182,32.736779,5.52033833,5.30969879,-0.042240,AGN flare,0.6700,0.407223
SIM08183,33.708829,6.28698535,6.98578338,0.114432,AGN flare,0.6700,0.892505
SIM08184,20.577091,4.05095430,4.02539620,-0.006872,SN Ia,0.9100,0.178226
SIM08185,15.622881,1.50601196,1.19120967,-0.254601,SN II,0.5800,0.327849
SIM08186,14.457221,2.56462308,3.14547131,0.221655,SN Ia,0.9100,0.702512
SIM08187,25.107842,5.37846889,7.37283327,0.342439,SN II,0.5800,0.451703
SIM08188,44.844459,2.31499176,3.11763979,0.323191,SN II,0.5800,0.370147
SIM08189,12.386938,0.36440664,0.41454493,0.139963,SN Ia,0.9100,0.092302
SIM08190,14.511982,1.10911886,1.32924560,0.196568,SN Ia,0.9100,0.911333
SIM08191,28.963919,1.18608861,1.45580745,0.222467,SN II,0.5800,0.386306
SIM08192,17.449828,2.17633324,2.11099684,-0.033095,SN Ia,0.9100,0.830895
SIM08193,10.759644,1.36482523,1.64477183,0.202572,SN II,0.5800,0.181726
SIM08194,19.208121,2.19170786,2.77646191,0.256773,SN Ia,0.9100,0.890850
SIM08195,32.682780,4.23967038,5.02776763,0.185108,AGN flare,0.6700,0.301084
SIM08196,3.126294,0.10828349,0.10726644,-0.010246,SN II,0.5800,0.063087
SIM08197,32.438181,1.31772561,1.13514961,-0.161930,SN II,0.5800,0.502073
SIM08198,13.920882,0.94326807,0.71979547,-0.293565,SN II,0.5800,0.605343
SIM08199,40.358877,2.70815114,3.25760251,0.200563,SN II,0.5800,0.009296
SIM08200,39.939622,3.62676412,3.28196215,-0.108464,SN II,0.5800,0.802660
SIM08201,12.991461,1.36695140,1.18886136,-0.151555,SN Ia,0.9100,0.315691
SIM08202,30.452910,6.20007095,4.39958514,-0.372462,AGN flare,0.6700,0.570754
SIM08203,32.934289,1.63145807,1.80730312,0.111138,SN II,0.5800,0.295787
SIM08204,27.877609,5.01519257,6.74827514,0.322263,SN II,0.5800,0.506495
SIM08205,41.596428,2.02824241,2.41324141,0.188702,SN II,0.5800,0.673617
SIM08206,24.914548,2.62247138,2.74244349,0.048567,SN Ia,0.9100,0.543799
SIM08207,8.939803,0.55773497,0.48959635,-0.141474,SN II,0.5800,0.318524
SIM08208,31.773392,3.35937561,4.05810694,0.205162,AGN flare,0.6700,0.145433
SIM08209,3.154382,0.11168488,0.11469590,0.028884,SN II,0.5800,0.691800
SIM08210,16.443394,3.63394884,3.25566399,-0.119348,SN Ia,0.9100,0.196248
SIM08211,27.067100,2.51848473,2.20669432,-0.143493,SN II,0.5800,0.316978
SIM08212,41.782916,2.60013668,2.30431491,-0.131136,SN II,0.5800,0.804074
SIM08213,12.773510,1.63426460,2.20277642,0.324120,SN Ia,0.9100,0.406393
SIM08214,19.959120,2.28510171,2.07965400,-0.102286,SN Ia,0.9100,0.953336
SIM08215,2.420887,0.04849480,0.05515702,0.139764,kilonova,0.7200,0.566040
SIM08216,31.494761,0.72675503,0.66176855,-0.101705,SN II,0.5800,0.009376
SIM08217,35.881319,3.85305035,3.78558062,-0.019180,SN II,0.5800,0.116742
SIM08218,39.142019,2.37791357,2.85748480,0.199470,SN II,0.5800,0.416223
SIM08219,29.301375,1.36889045,1.38482824,0.012568,SN II,0.5800,0.629244
SIM08220,12.307614,3.33834121,4.48394401,0.320324,SN Ia,0.9100,0.961594
SIM08221,39.415433,2.70396867,3.20384028,0.184173,SN II,0.5800,0.640794
SIM08222,20.328806,1.09173101,1.35201957,0.232168,SN Ia,0.9100,0.624408
SIM08223,18.245617,4.21904002,5.17981480,0.222751,SN Ia,0.9100,0.374677
SIM08224,20.506662,3.95326664,5.46679494,0.351942,SN Ia,0.9100,0.324101
SIM08225,23.039992,2.02127396,2.40384265,0.188202,SN Ia,0.9100,0.466557
SIM08226,34.004231,3.28031812,2.97196397,-0.107181,SN II,0.5800,0.514972
SIM08227,27.496707,3.65029476,3.78259259,0.038654,SN II,0.5800,0.880020
SIM08228,30.280186,1.69681309,2.37472548,0.364949,SN II,0.5800,0.767192
SIM08229,1.025861,0.02705280,0.03098677,0.147410,kilonova,0.7200,0.812065
SIM08230,27.137663,4.21275678,5.23103628,0.235053,SN II,0.5800,0.837343
SIM08231,2.051311,0.04704460,0.05203790,0.109525,kilonova,0.7200,0.273745
SIM08232,24.350595,1.51514730,1.34408416,-0.130071,SN Ia,0.9100,0.704489
SIM08233,21.052463,3.51106963,3.96191523,0.131164,SN Ia,0.9100,0.281827
SIM08234,33.264169,2.31351300,2.74918759,0.187331,SN II,0.5800,0.941163
SIM08235,13.176394,1.05083297,1.30481099,0.235035,SN Ia,0.9100,0.978977
SIM08236,39.185733,2.54030115,2.95863541,0.165516,SN II,0.5800,0.109941
SIM08237,30.371065,1.74802500,1.28797075,-0.331604,SN II,0.5800,0.292818
SIM08238,22.623740,2.39552150,1.99638863,-0.197887,SN Ia,0.9100,0.497916
SIM08239,9.823929,0.52200070,0.53034290,0.017214,SN II,0.5800,0.444267
SIM08240,14.576023,0.57692995,0.64236828,0.116653,SN Ia,0.9100,0.343851
SIM08241,42.336299,2.32462433,2.99784806,0.276142,SN II,0.5800,0.484630
SIM08242,40.713024,2.70272134,2.59816219,-0.042838,SN II,0.5800,0.488764
SIM08243,12.324767,0.74210275,0.64184170,-0.157590,SN Ia,0.9100,0.517683
SIM08244,44.107481,5.62171506,7.50771459,0.314097,AGN flare,0.6700,0.238988
SIM08245,24.644533,3.59292907,4.17503916,0.163030,SN Ia,0.9100,0.572468
SIM08246,42.774345,4.26843928,3.13125950,-0.336375,AGN flare,0.6700,0.320895
SIM08247,8.157809,1.10779219,1.27360554,0.151442,SN II,0.5800,0.939095
SIM08248,17.864388,3.61958127,2.97408060,-0.213264,SN II,0.5800,0.234147
SIM08249,8.041075,0.60405379,0.44088901,-0.341866,SN II,0.5800,0.862127
SIM08250,27.999549,3.43362537,2.73067123,-0.248709,SN II,0.5800,0.429147
SIM08251,20.966562,0.55617904,0.62208775,0.121593,SN Ia,0.9100,0.295584
SIM08252,11.619235,0.93993655,1.29094676,0.344524,SN II,0.5800,0.788182
SIM08253,18.410155,3.21661129,3.07782672,-0.047886,SN Ia,0.9100,0.534866
SIM08254,44.526843,2.15344080,2.75799686,0.268652,SN II,0.5800,0.235606
SIM08255,28.303294,1.08733622,1.03112822,-0.057628,SN II,0.5800,0.886464
SIM08256,38.526105,1.69050229,1.86223015,0.105044,SN II,0.5800,0.506247
SIM08257,41.728356,2.63785566,3.68121802,0.361851,SN II,0.5800,0.830266
SIM08258,12.107162,3.19716900,3.07142785,-0.043563,SN Ia,0.9100,0.541889
SIM08259,41.158635,5.71595574,7.33118427,0.270213,AGN flare,0.6700,0.888232
SIM08260,41.063103,2.51051216,2.24570341,-0.121025,SN II,0.5800,0.692659
SIM08261,32.299489,2.10369340,1.57427368,-0.314756,SN II,0.5800,0.279689
SIM08262,27.278488,3.35545067,2.91271133,-0.153634,SN II,0.5800,0.968551
SIM08263,24.655380,4.10421691,2.89053091,-0.380632,SN II,0.5800,0.867265
SIM08264,30.179181,0.64497425,0.73632909,0.143824,SN II,0.5800,0.759824
SIM08265,38.407084,1.94926419,1.60067814,-0.213917,SN II,0.5800,0.976261
SIM08266,40.975312,1.70541611,1.41991821,-0.198918,SN II,0.5800,0.345887
SIM08267,14.200535,0.64500476,0.67714507,0.052797,SN Ia,0.9100,0.095706
SIM08268,24.010442,0.82777100,0.88579642,0.073559,SN Ia,0.9100,0.935615
SIM08269,23.357711,3.13356804,4.18492712,0.314122,SN Ia,0.9100,0.132127
SIM08270,26.134353,1.32444110,1.64688933,0.236579,SN II,0.5800,0.718844
SIM08271,5.543387,0.74433834,0.84712359,0.140441,SN II,0.5800,0.321242
SIM08272,9.484330,0.83233775,0.73186760,-0.139668,SN II,0.5800,0.550922
SIM08273,32.160937,3.16847752,3.65748564,0.155830,SN II,0.5800,0.853562
SIM08274,36.803990,5.32277463,5.15560417,-0.034646,AGN flare,0.6700,0.530067
SIM08275,31.022712,2.10701415,2.45893181,0.167698,SN II,0.5800,0.340751
SIM08276,5.708173,0.11565320,0.13822676,0.193586,SN II,0.5800,0.444976
SIM08277,42.096272,3.10779344,3.52042267,0.135357,SN II,0.5800,0.489457
SIM08278,10.333122,1.39039916,1.69520353,0.215206,SN II,0.5800,0.885124
SIM08279,8.180399,1.78152026,1.38966798,-0.269699,SN II,0.5800,0.130395
SIM08280,35.069661,7.47469164,6.30808269,-0.184240,AGN flare,0.6700,0.215146
SIM08281,12.402658,2.03989915,1.51735080,-0.321307,SN II,0.5800,0.641666
SIM08282,24.552260,2.49276349,3.28200624,0.298646,SN Ia,0.9100,0.185338
SIM08283,9.828720,1.14031863,1.13029546,-0.009586,SN II,0.5800,0.217015
SIM08284,1.187265,0.03867239,0.04499566,0.164424,SN II,0.5800,0.995647
SIM08285,12.572572,1.46090771,1.03516499,-0.374033,SN II,0.5800,0.443886
SIM08286,19.345169,1.77282200,1.61808583,-0.099159,SN Ia,0.9100,0.031139
SIM08287,19.657016,2.87563408,2.44488056,-0.176190,SN Ia,0.9100,0.281519
SIM08288,34.821963,1.89290559,2.43488853,0.273375,SN II,0.5800,0.663507
SIM08289,25.066543,5.49140525,4.96893011,-0.108552,SN II,0.5800,0.420181
SIM08290,29.286404,1.44518141,1.26303746,-0.146265,SN II,0.5800,0.426963
SIM08291,26.381381,5.27910025,7.05971938,0.315569,SN II,0.5800,0.841837
SIM08292,3.934113,0.26437308,0.22673777,-0.166733,SN II,0.5800,0.260659
SIM08293,34.642952,3.57230764,4.97627638,0.359889,AGN flare,0.6700,0.896085
SIM08294,14.470715,2.75204605,2.44106457,-0.130191,SN Ia,0.9100,0.441712
SIM08295,5.870144,0.10397709,0.09910805,-0.052072,SN II,0.5800,0.532846
SIM08296,1.850999,0.08571358,0.11220773,0.292433,SN II,0.5800,0.742981
SIM08297,1.577218,0.03097527,0.02975277,-0.043719,kilonova,0.7200,0.019961
SIM08298,28.490609,4.65614357,3.79058983,-0.223299,SN II,0.5800,0.376129
SIM08299,22.278197,5.69222421,5.31315403,-0.074824,SN Ia,0.9100,0.362348
SIM08300,29.846966,4.26652584,5.71442835,0.317246,SN II,0.5800,0.448619
SIM08301,15.037531,1.05936270,1.45477933,0.344381,SN Ia,0.9100,0.328274
SIM08302,9.757518,1.00462625,0.83616316,-0.199284,SN II,0.5800,0.203443
SIM08303,14.215025,1.12118585,1.34041117,0.193901,SN Ia,0.9100,0.322001
SIM08304,32.114262,0.92355897,0.94198630,0.021450,SN II,0.5800,0.719831
SIM08305,10.100949,1.34160244,1.18759233,-0.132391,SN II,0.5800,0.637444
SIM08306,7.586388,0.61368992,0.72400490,0.179481,SN II,0.5800,0.075866
SIM08307,23.693945,1.59695437,1.91593656,0.197722,SN Ia,0.9100,0.985043
SIM08308,43.152396,1.92386886,1.77551626,-0.087127,SN II,0.5800,0.973053
SIM08309,33.918864,1.63674109,2.08899142,0.264892,SN II,0.5800,0.866628
SIM08310,18.656233,1.40159471,1.67219459,0.191661,SN Ia,0.9100,0.755213
SIM08311,9.375826,0.58029117,0.50300480,-0.155185,SN II,0.5800,0.240358
SIM08312,36.549535,1.60073704,1.34261886,-0.190918,SN II,0.5800,0.992521
SIM08313,6.680870,0.30557574,0.24836153,-0.225086,SN II,0.5800,0.605222
SIM08314,1.750102,0.03470677,0.03150069,-0.105235,kilonova,0.7200,0.893516
SIM08315,14.819531,0.92499376,0.66436045,-0.359338,SN II,0.5800,0.574368
SIM08316,26.240617,6.38505806,5.23917062,-0.214756,SN II,0.5800,0.755750
SIM08317,17.100332,1.27242447,1.69374553,0.310540,SN Ia,0.9100,0.874339
SIM08318,18.151212,1.91380059,1.36634444,-0.365841,SN II,0.5800,0.122201
SIM08319,37.920985,4.61353681,4.01359976,-0.151250,AGN flare,0.6700,0.652381
SIM08320,21.538741,3.74304071,3.59607672,-0.043489,SN Ia,0.9100,0.484024
SIM08321,35.207653,6.00782735,7.91431438,0.299240,AGN flare,0.6700,0.547823
SIM08322,13.879862,0.92128462,0.96736406,0.052990,SN Ia,0.9100,0.934095
SIM08323,23.494895,3.93485151,4.99777460,0.259621,SN Ia,0.9100,0.194235
SIM08324,24.183619,2.13793710,2.28688933,0.073126,SN Ia,0.9100,0.184580
SIM08325,13.901116,1.48755916,1.13548716,-0.293230,SN II,0.5800,0.206050
SIM08326,27.497715,1.65110249,2.10385715,0.263106,SN II,0.5800,0.449632
SIM08327,13.573941,3.22075043,2.49216688,-0.278450,SN II,0.5800,0.237174
SIM08328,39.494127,2.30319429,2.93744794,0.264099,SN II,0.5800,0.798689
SIM08329,28.108528,1.90966956,1.65966988,-0.152341,SN II,0.5800,0.389749
SIM08330,42.593303,3.23544516,3.13959744,-0.032650,SN II,0.5800,0.786964
SIM08331,37.322200,4.62961158,4.96899820,0.076811,AGN flare,0.6700,0.025338
SIM08332,18.531107,1.70162691,1.47795908,-0.153005,SN Ia,0.9100,0.673954
SIM08333,20.501186,2.26481542,2.84927108,0.249252,SN Ia,0.9100,0.236309
SIM08334,6.837124,0.16315341,0.14769085,-0.108106,SN II,0.5800,0.196273
SIM08335,17.292910,1.50095943,1.56114188,0.042684,SN Ia,0.9100,0.178441
SIM08336,20.161432,1.03649033,1.21536123,0.172850,SN Ia,0.9100,0.291991
SIM08337,11.980646,0.56822701,0.78072091,0.344935,SN II,0.5800,0.798685
SIM08338,16.488198,1.49746993,1.07788725,-0.356962,SN II,0.5800,0.484685
SIM08339,38.098349,3.38010717,4.50006614,0.310721,AGN flare,0.6700,0.738340
SIM08340,42.047536,2.85835163,3.61996240,0.256471,SN II,0.5800,0.686094
SIM08341,42.008377,3.51243006,2.99897383,-0.171588,SN II,0.5800,0.108221
SIM08342,5.652951,0.40997348,0.37420327,-0.099120,SN II,0.5800,0.704705
SIM08343,3.896789,0.18105947,0.18696995,0.034876,SN II,0.5800,0.819493
SIM08344,19.792669,2.32167052,2.63649192,0.138065,SN Ia,0.9100,0.411809
SIM08345,22.250136,2.11037471,2.79755696,0.306048,SN Ia,0.9100,0.222470
SIM08346,37.236371,3.77537442,4.96537354,0.297480,AGN flare,0.6700,0.692711
SIM08347,4.046765,0.11655197,0.12429886,0.069869,SN II,0.5800,0.958787
SIM08348,43.968260,3.24223772,2.33431720,-0.356712,SN II,0.5800,0.671937
SIM08349,29.749898,2.89014884,2.28816480,-0.253582,SN II,0.5800,0.746637
SIM08350,2.748498,0.06168227,0.05476058,-0.129231,kilonova,0.7200,0.918458
SIM08351,39.646667,6.51638161,9.07547700,0.359657,AGN flare,0.6700,0.615622
SIM08352,13.554840,2.96241384,2.68983072,-0.104802,SN Ia,0.9100,0.005603
SIM08353,26.206658,6.13960768,5.41825037,-0.135704,SN II,0.5800,0.474800
SIM08354,39.400258,1.30187780,1.74199328,0.316191,SN II,0.5800,0.339152
SIM08355,35.250376,5.92283678,6.67258893,0.129412,AGN flare,0.6700,0.675959
SIM08356,42.587136,4.13719035,3.16164049,-0.291983,AGN flare,0.6700,0.008936
SIM08357,19.396507,1.89265732,1.65648885,-0.144709,SN Ia,0.9100,0.719159
SIM08358,24.789256,7.08305364,6.18672826,-0.146899,SN Ia,0.9100,0.599835
SIM08359,13.203652,2.32086784,2.12656731,-0.094928,SN Ia,0.9100,0.925083
SIM08360,8.305868,0.62353173,0.59565322,-0.049663,SN II,0.5800,0.799755
SIM08361,29.496102,4.74307310,3.84957721,-0.226617,SN II,0.5800,0.282626
SIM08362,4.323802,0.50630073,0.65919117,0.286507,SN II,0.5800,0.515121
SIM08363,39.215332,6.58274196,6.40259210,-0.030127,AGN flare,0.6700,0.831466
SIM08364,40.692299,3.34008021,4.64082399,0.357096,AGN flare,0.6700,0.695756
SIM08365,10.492120,1.03870932,1.10767863,0.069799,SN II,0.5800,0.392287
SIM08366,21.397091,5.04472196,6.02425425,0.192665,SN Ia,0.9100,0.875204
SIM08367,17.463919,4.60843623,4.97916865,0.084008,SN Ia,0.9100,0.518554
SIM08368,38.140641,0.94067045,1.21278547,0.275866,SN II,0.5800,0.650101
SIM08369,27.672345,2.36850152,1.67693342,-0.374895,SN II,0.5800,0.708896
SIM08370,16.558863,0.83734782,1.06134921,0.257381,SN Ia,0.9100,0.197967
SIM08371,12.411050,0.34779521,0.48181182,0.353885,SN Ia,0.9100,0.444501
SIM08372,9.010965,0.50206018,0.65041708,0.281090,SN II,0.5800,0.067244
SIM08373,14.160437,1.75964174,1.59995540,-0.103291,SN Ia,0.9100,0.117444
SIM08374,20.494917,6.67115460,6.22023115,-0.075986,SN Ia,0.9100,0.049322
SIM08375,36.745543,2.27579802,1.59842004,-0.383607,SN II,0.5800,0.464872
SIM08376,30.643440,2.11962175,1.62572517,-0.288028,SN II,0.5800,0.356503
SIM08377,36.601250,1.93703430,2.39750787,0.231557,SN II,0.5800,0.853900
SIM08378,23.037468,0.73296007,0.58980405,-0.235931,SN II,0.5800,0.998206
SIM08379,30.638764,6.54283219,5.28568155,-0.231662,AGN flare,0.6700,0.692522
SIM08380,20.895237,3.35186909,4.17604698,0.238696,SN Ia,0.9100,0.638817
SIM08381,24.266017,2.26620429,2.46226807,0.090091,SN Ia,0.9100,0.233733
SIM08382,4.235309,0.16428135,0.14811408,-0.112480,SN II,0.5800,0.766604
SIM08383,35.419334,6.99348592,9.11284171,0.287400,AGN flare,0.6700,0.703785
SIM08384,12.843019,1.16669013,1.05647505,-0.107741,SN Ia,0.9100,0.008594
SIM08385,35.489791,4.39526324,4.21669520,-0.045032,AGN flare,0.6700,0.211926
SIM08386,35.972655,2.97867866,3.51258088,0.179007,SN II,0.5800,0.338734
SIM08387,23.030828,2.42131942,1.95701728,-0.231144,SN II,0.5800,0.733836
SIM08388,6.465414,0.19675727,0.16935325,-0.162843,SN II,0.5800,0.210744
SIM08389,7.882777,0.36151226,0.48908169,0.328146,SN II,0.5800,0.515485
SIM08390,28.281162,2.83823753,2.86244109,0.009220,SN II,0.5800,0.292944
SIM08391,35.873611,2.58679639,2.93235469,0.136136,SN II,0.5800,0.096328
SIM08392,21.692845,5.19482191,6.75050452,0.284414,SN Ia,0.9100,0.172568
SIM08393,18.916517,5.34268267,4.48809071,-0.189244,SN Ia,0.9100,0.249930
SIM08394,25.338838,2.70366965,3.35690730,0.234964,SN II,0.5800,0.950810
SIM08395,31.206050,4.90003235,5.79527207,0.182187,AGN flare,0.6700,0.304182
SIM08396,12.103605,0.94376387,0.96669311,0.026063,SN Ia,0.9100,0.980896
SIM08397,36.497854,1.08408121,1.43186161,0.302098,SN II,0.5800,0.074838
SIM08398,15.097905,2.68341664,2.99028390,0.117561,SN Ia,0.9100,0.160133
SIM08399,26.540298,3.38078484,3.95281000,0.169721,SN II,0.5800,0.891625
SIM08400,38.071526,2.18169514,2.76987963,0.259167,SN II,0.5800,0.928828
SIM08401,38.614948,3.95976082,3.31055224,-0.194421,SN II,0.5800,0.504628
SIM08402,10.910484,1.68713343,1.63777713,-0.032237,SN II,0.5800,0.188023
SIM08403,31.234667,4.09289657,5.07331269,0.233152,AGN flare,0.6700,0.174790
SIM08404,21.549250,0.96829794,0.71872140,-0.323621,SN II,0.5800,0.803186
SIM08405,40.076826,3.37614553,3.79124858,0.125903,SN II,0.5800,0.359815
SIM08406,43.126224,2.03801425,1.66167244,-0.221654,SN II,0.5800,0.468171
SIM08407,19.750597,2.06012862,2.61740872,0.259943,SN Ia,0.9100,0.236081
SIM08408,43.930013,2.58958211,3.54549698,0.341119,SN II,0.5800,0.390168
SIM08409,41.384720,2.05490089,2.33531613,0.138887,SN II,0.5800,0.413539
SIM08410,6.335990,0.47870844,0.42406242,-0.131603,SN II,0.5800,0.738978
SIM08411,11.791114,0.94669011,1.18187504,0.240909,SN II,0.5800,0.360065
SIM08412,10.108227,0.70770994,0.57373281,-0.227864,SN II,0.5800,0.607519
SIM08413,27.285158,1.88092444,1.35653587,-0.354850,SN II,0.5800,0.222582
SIM08414,25.760234,1.77256959,1.92243691,0.088122,SN II,0.5800,0.330993
SIM08415,27.774706,2.99066389,2.25930710,-0.304481,SN II,0.5800,0.108199
SIM08416,6.521019,0.78610619,0.86273202,0.100987,SN II,0.5800,0.688922
SIM08417,2.564565,0.06961583,0.07245354,0.043379,kilonova,0.7200,0.974883
SIM08418,11.464654,2.46198813,3.29296417,0.315753,SN II,0.5800,0.888607
SIM08419,12.674140,0.54573532,0.57379532,0.054437,SN Ia,0.9100,0.547720
SIM08420,40.508168,4.07452975,3.57597832,-0.141707,AGN flare,0.6700,0.948728
SIM08421,17.310944,2.00629574,2.70524072,0.324527,SN Ia,0.9100,0.214230
SIM08422,12.297920,2.05904566,2.88045745,0.364489,SN Ia,0.9100,0.156995
SIM08423,32.751221,2.23922396,1.79409918,-0.240628,SN II,0.5800,0.532586
SIM08424,16.071681,4.05481644,4.80891020,0.185189,SN Ia,0.9100,0.832992
SIM08425,21.156710,5.24404579,4.14571911,-0.255167,SN II,0.5800,0.233986
SIM08426,22.403495,1.36615423,1.87769357,0.345312,SN Ia,0.9100,0.798387
SIM08427,3.747012,0.37559102,0.33897246,-0.111377,SN II,0.5800,0.738603
SIM08428,32.536574,4.82205595,5.24495255,0.091273,AGN flare,0.6700,0.139774
SIM08429,31.270420,1.67154600,1.84343203,0.106272,SN II,0.5800,0.593246
SIM08430,36.920088,1.05060969,1.22515307,0.166872,SN II,0.5800,0.390326
SIM08431,41.053801,3.11663096,2.61790215,-0.189330,SN II,0.5800,0.335627
SIM08432,13.186078,2.56766057,2.39457778,-0.075772,SN Ia,0.9100,0.073393
SIM08433,25.345948,3.38846812,2.64229418,-0.270056,SN II,0.5800,0.190491
SIM08434,6.627277,0.33050275,0.43072326,0.287558,SN II,0.5800,0.530777
SIM08435,20.159250,1.05184323,1.26219766,0.197941,SN Ia,0.9100,0.757030
SIM08436,6.439964,0.43432540,0.58566535,0.324586,SN II,0.5800,0.737964
SIM08437,22.180239,2.34868761,2.11316532,-0.114729,SN Ia,0.9100,0.208479
SIM08438,20.413075,1.10956714,0.95231875,-0.165928,SN Ia,0.9100,0.387122
SIM08439,31.386015,1.83636982,1.37362492,-0.315230,SN II,0.5800,0.585346
SIM08440,19.832276,4.66937264,3.70552393,-0.251022,SN II,0.5800,0.179007
SIM08441,20.171625,1.75858936,2.27865106,0.281283,SN Ia,0.9100,0.031529
SIM08442,30.049690,4.79921366,5.31942691,0.111737,AGN flare,0.6700,0.210322
SIM08443,18.009429,5.92897742,8.26080321,0.360106,SN Ia,0.9100,0.389776
SIM08444,14.936381,2.34971095,2.72857043,0.162302,SN Ia,0.9100,0.404496
SIM08445,7.113802,1.57687179,1.94948120,0.230307,SN II,0.5800,0.635408
SIM08446,42.778634,1.86998911,1.33393283,-0.366763,SN II,0.5800,0.377148
SIM08447,39.538362,2.61549763,3.24197296,0.233138,SN II,0.5800,0.723910
SIM08448,27.562184,2.34377504,2.12784948,-0.104938,SN II,0.5800,0.895076
SIM08449,16.847279,1.35226370,1.71592907,0.258595,SN Ia,0.9100,0.099587
SIM08450,39.269289,1.20351270,0.91605635,-0.296321,SN II,0.5800,0.238115
SIM08451,8.815519,0.92420337,1.07128923,0.160348,SN II,0.5800,0.150893
SIM08452,17.065877,1.20841998,1.60363558,0.307219,SN Ia,0.9100,0.409201
SIM08453,40.852861,3.45259435,4.25223525,0.226179,AGN flare,0.6700,0.171479
SIM08454,4.763137,0.43892484,0.54322031,0.231465,SN II,0.5800,0.464487
SIM08455,33.297950,3.21573382,3.73095277,0.161349,SN II,0.5800,0.875831
SIM08456,4.641011,0.25558229,0.34228183,0.317133,SN II,0.5800,0.876677
SIM08457,21.567657,4.64008549,6.06743959,0.291199,SN Ia,0.9100,0.081765
SIM08458,43.199975,2.52013784,2.45010184,-0.030600,SN II,0.5800,0.015569
SIM08459,23.749531,1.26648190,1.09772193,-0.155267,SN Ia,0.9100,0.025149
SIM08460,33.170021,4.41532087,4.16097833,-0.064417,AGN flare,0.6700,0.835731
SIM08461,35.954409,3.74348235,3.20100467,-0.169974,SN II,0.5800,0.134397
SIM08462,21.168875,2.32209003,2.16028594,-0.078420,SN Ia,0.9100,0.258013
SIM08463,24.431833,1.00320342,0.84667814,-0.184177,SN Ia,0.9100,0.136189
SIM08464,15.544609,1.33140116,1.24411700,-0.073619,SN Ia,0.9100,0.572148
SIM08465,11.185802,0.69106777,0.57853163,-0.192984,SN II,0.5800,0.482988
SIM08466,24.305286,1.69713883,1.78963510,0.057618,SN Ia,0.9100,0.449288
SIM08467,1.950794,0.03249460,0.02431896,-0.314665,kilonova,0.7200,0.457532
SIM08468,34.047120,1.82416717,2.52424491,0.352667,SN II,0.5800,0.471089
SIM08469,14.230082,3.61788790,3.02251084,-0.195218,SN Ia,0.9100,0.187472
SIM08470,9.316511,0.84934104,0.80186096,-0.062458,SN II,0.5800,0.923663
SIM08471,17.011129,1.13532895,1.49670820,0.300039,SN Ia,0.9100,0.956825
SIM08472,44.527212,4.96136353,5.46755429,0.105480,AGN flare,0.6700,0.125039
SIM08473,4.208702,0.35690510,0.49600035,0.357323,SN II,0.5800,0.934440
SIM08474,14.372602,2.34980386,2.69499427,0.148816,SN Ia,0.9100,0.268474
SIM08475,7.249291,0.54803400,0.72960347,0.310698,SN II,0.5800,0.544404
SIM08476,22.318782,3.64712203,4.74622703,0.285996,SN Ia,0.9100,0.188509
SIM08477,31.297628,3.89835184,2.79587842,-0.360907,SN II,0.5800,0.367459
SIM08478,26.823399,2.29054879,2.68356015,0.171929,SN II,0.5800,0.576395
SIM08479,2.082893,0.04226496,0.03371704,-0.245328,kilonova,0.7200,0.095862
SIM08480,16.686555,4.02030760,2.99794002,-0.318591,SN II,0.5800,0.235642
SIM08481,14.797523,1.02852762,0.84117107,-0.218329,SN II,0.5800,0.830110
SIM08482,25.516274,1.46439297,1.82867969,0.241200,SN II,0.5800,0.819609
SIM08483,28.551293,4.59040250,3.30590648,-0.356401,SN II,0.5800,0.662622
SIM08484,39.543444,2.72691681,3.69283704,0.329221,SN II,0.5800,0.861975
SIM08485,9.266367,0.39404406,0.33145138,-0.187812,SN II,0.5800,0.071999
SIM08486,23.986276,3.68818261,3.95597051,0.076102,SN Ia,0.9100,0.810442
SIM08487,42.440968,2.11396276,1.65779371,-0.263917,SN II,0.5800,0.592135
SIM08488,34.713238,1.70076028,1.94034246,0.143088,SN II,0.5800,0.995590
SIM08489,44.371095,2.25213400,2.21499692,-0.018053,SN II,0.5800,0.151330
SIM08490,43.171423,0.53333197,0.37386441,-0.385709,SN II,0.5800,0.031285
SIM08491,37.803151,6.21760689,6.60816762,0.066144,AGN flare,0.6700,0.873803
SIM08492,15.205080,3.50801675,4.34444655,0.232182,SN Ia,0.9100,0.536531
SIM08493,42.884341,5.21196072,5.97572969,0.148475,AGN flare,0.6700,0.815816
SIM08494,23.908366,2.41663918,2.26361035,-0.071025,SN Ia,0.9100,0.086745
SIM08495,41.975821,4.35151526,3.92060967,-0.113217,AGN flare,0.6700,0.916807
SIM08496,19.999271,3.98169206,3.80549458,-0.049141,SN Ia,0.9100,0.310552
SIM08497,36.226584,5.79527228,6.68084033,0.154393,AGN flare,0.6700,0.952378
SIM08498,3.295900,0.23812250,0.17563039,-0.330502,SN II,0.5800,0.579687
SIM08499,27.629069,2.35841335,1.72427849,-0.340031,SN II,0.5800,0.797854
SIM08500,6.525371,0.41223572,0.44452090,0.081866,SN II,0.5800,0.290072
SIM08501,37.842348,4.86253101,6.33741734,0.287625,AGN flare,0.6700,0.395957
SIM08502,6.955688,0.27097577,0.29062251,0.075997,SN II,0.5800,0.790830
SIM08503,8.031057,1.61828053,1.22256001,-0.304459,SN II,0.5800,0.891137
SIM08504,13.587845,1.38128666,1.15319490,-0.195953,SN Ia,0.9100,0.371879
SIM08505,28.552249,1.23220340,1.55688986,0.253939,SN II,0.5800,0.629302
SIM08506,42.269854,1.69880076,1.30440299,-0.286827,SN II,0.5800,0.607350
SIM08507,15.634806,2.43503242,2.88079468,0.182519,SN Ia,0.9100,0.324328
SIM08508,27.312111,7.82998618,9.74976603,0.238083,SN II,0.5800,0.569532
SIM08509,20.933355,0.82494971,0.72063541,-0.146780,SN Ia,0.9100,0.942843
SIM08510,29.188584,1.04792740,0.84365416,-0.235417,SN II,0.5800,0.051635
SIM08511,10.975418,0.64940019,0.89030634,0.342568,SN II,0.5800,0.589944
SIM08512,9.631424,1.48682814,1.99542023,0.319434,SN II,0.5800,0.253625
SIM08513,21.407151,2.25788576,2.43630164,0.082573,SN Ia,0.9100,0.209423
SIM08514,35.888880,3.10374019,4.32258840,0.359646,AGN flare,0.6700,0.380725
SIM08515,34.919134,1.57858439,1.65812594,0.053374,SN II,0.5800,0.633362
SIM08516,21.487519,2.17802540,2.88451043,0.305023,SN Ia,0.9100,0.303131
SIM08517,30.294463,4.22176680,3.02066236,-0.363480,AGN flare,0.6700,0.150774
SIM08518,20.469060,4.64634875,4.74853560,0.023620,SN Ia,0.9100,0.780062
SIM08519,5.346561,0.12879537,0.10328754,-0.239631,SN II,0.5800,0.792586
SIM08520,40.839311,2.24845691,1.73627417,-0.280666,SN II,0.5800,0.320364
SIM08521,2.468260,0.06389005,0.08453013,0.303946,SN II,0.5800,0.803266
SIM08522,27.276718,5.46399742,5.98211540,0.098361,SN II,0.5800,0.795169
SIM08523,28.689414,5.26912850,7.31897500,0.356779,SN II,0.5800,0.922397
SIM08524,37.306646,0.99485727,0.73622471,-0.326876,SN II,0.5800,0.274925
SIM08525,26.092537,0.99542589,0.76915790,-0.279984,SN II,0.5800,0.388667
SIM08526,11.391687,1.17542654,1.08710453,-0.084810,SN II,0.5800,0.243255
SIM08527,15.278277,3.64161650,4.53072006,0.237183,SN Ia,0.9100,0.355797
SIM08528,32.771090,4.66371111,6.50057237,0.360550,AGN flare,0.6700,0.113863
SIM08529,9.856891,0.71178983,0.73683086,0.037540,SN II,0.5800,0.973445
SIM08530,34.737278,1.60759246,1.35558905,-0.185120,SN II,0.5800,0.467388
SIM08531,13.098978,2.62968585,3.36016075,0.266140,SN Ia,0.9100,0.964514
SIM08532,13.813671,1.05489196,1.04536841,-0.009847,SN Ia,0.9100,0.549832
SIM08533,18.395810,2.42457180,2.85693992,0.178165,SN Ia,0.9100,0.858715
SIM08534,20.950677,2.07716391,1.72860176,-0.199440,SN Ia,0.9100,0.237850
SIM08535,44.662049,4.25051106,3.39660389,-0.243491,AGN flare,0.6700,0.361367
SIM08536,33.788457,4.66916507,3.43687155,-0.332690,AGN flare,0.6700,0.373029
SIM08537,2.367056,0.05947528,0.05703845,-0.045422,kilonova,0.7200,0.068821
SIM08538,20.596530,4.78657316,4.01501045,-0.190845,SN Ia,0.9100,0.048870
SIM08539,24.902477,2.00327946,2.73576936,0.338345,SN Ia,0.9100,0.243611
SIM08540,4.644168,0.32494681,0.39187723,0.203344,SN II,0.5800,0.061269
SIM08541,41.800761,1.84941797,2.22420421,0.200349,SN II,0.5800,0.543161
SIM08542,14.565539,2.36009551,2.33874360,-0.009867,SN Ia,0.9100,0.978058
SIM08543,42.778835,6.79884188,7.73576475,0.140171,AGN flare,0.6700,0.350431
SIM08544,36.321510,4.06128274,5.27884054,0.284688,AGN flare,0.6700,0.485736
SIM08545,34.711941,2.86470731,3.22313785,0.127997,SN II,0.5800,0.879196
SIM08546,31.868252,2.24220466,2.18110866,-0.029995,SN II,0.5800,0.161284
SIM08547,10.739404,0.72734942,0.64040602,-0.138219,SN II,0.5800,0.915842
SIM08548,14.671289,1.69974433,2.02169890,0.188332,SN Ia,0.9100,0.072973
SIM08549,13.635055,2.98939226,3.64381535,0.214934,SN Ia,0.9100,0.151205
SIM08550,13.539651,1.83796600,1.88553195,0.027741,SN Ia,0.9100,0.532480
SIM08551,14.228408,1.19313191,1.56324842,0.293349,SN Ia,0.9100,0.911221
SIM08552,13.624948,3.15906746,3.77348855,0.192960,SN Ia,0.9100,0.028035
SIM08553,26.007220,6.78229376,6.99213940,0.033084,SN II,0.5800,0.403954
SIM08554,26.620321,4.21049792,3.20348445,-0.296777,SN II,0.5800,0.442322
SIM08555,7.895632,0.97394821,1.26897128,0.287290,SN II,0.5800,0.312846
SIM08556,27.118308,2.65116346,3.41113617,0.273656,SN II,0.5800,0.813806
SIM08557,2.314180,0.08415613,0.07178855,-0.172576,kilonova,0.7200,0.632748
SIM08558,7.571530,1.07722174,1.05172608,-0.026006,SN II,0.5800,0.204301
SIM08559,5.817545,0.33914509,0.45299871,0.314279,SN II,0.5800,0.540077
SIM08560,27.252315,1.90219063,1.45050510,-0.294337,SN II,0.5800,0.002132
SIM08561,5.053483,0.39778209,0.46432743,0.167948,SN II,0.5800,0.842061
SIM08562,13.385185,1.98951815,1.50496696,-0.303052,SN II,0.5800,0.354301
SIM08563,43.678463,4.91374908,4.85541738,-0.012966,AGN flare,0.6700,0.459717
SIM08564,27.567561,3.17991302,2.77856020,-0.146489,SN II,0.5800,0.777806
SIM08565,11.196432,0.50174509,0.46969167,-0.071676,SN II,0.5800,0.990052
SIM08566,26.228666,2.47570947,2.53614209,0.026185,SN II,0.5800,0.897782
SIM08567,43.612033,1.30606962,1.15633690,-0.132205,SN II,0.5800,0.533813
SIM08568,10.536164,2.67061748,2.27198713,-0.175515,SN II,0.5800,0.835259
SIM08569,42.045125,2.66588559,2.63961765,-0.010751,SN II,0.5800,0.105774
SIM08570,29.753936,3.24445832,2.98361380,-0.090999,SN II,0.5800,0.571077
SIM08571,36.625282,1.97435438,2.23423970,0.134262,SN II,0.5800,0.549817
SIM08572,41.067131,1.94963236,1.61079313,-0.207282,SN II,0.5800,0.723876
SIM08573,5.018277,0.29255732,0.40859079,0.362694,SN II,0.5800,0.366371
SIM08574,43.101449,3.45494434,2.99148171,-0.156387,SN II,0.5800,0.882448
SIM08575,31.341572,1.80398235,1.97047537,0.095847,SN II,0.5800,0.166534
SIM08576,31.137783,2.63791130,2.04135579,-0.278354,SN II,0.5800,0.309836
SIM08577,23.427876,6.15607769,7.49373597,0.213486,SN Ia,0.9100,0.558320
SIM08578,31.427654,2.39511683,2.94253892,0.223489,SN II,0.5800,0.154684
SIM08579,19.233323,2.01759389,2.16106598,0.074586,SN Ia,0.9100,0.166435
SIM08580,3.475882,0.13508310,0.12691700,-0.067703,SN II,0.5800,0.280697
SIM08581,39.204066,7.67483520,6.20722412,-0.230429,AGN flare,0.6700,0.133541
SIM08582,29.773371,3.63338732,2.68684090,-0.327674,SN II,0.5800,0.879461
SIM08583,21.204171,6.13677992,6.69108673,0.093890,SN Ia,0.9100,0.519564
SIM08584,28.831185,4.86254854,3.44071650,-0.375538,SN II,0.5800,0.530363
SIM08585,31.976853,1.92930905,2.18488673,0.135068,SN II,0.5800,0.353394
SIM08586,17.741183,4.88361504,6.34028114,0.283418,SN Ia,0.9100,0.589319
SIM08587,35.149283,4.73394126,5.22544633,0.107251,AGN flare,0.6700,0.181657
SIM08588,31.793105,2.92271758,2.70905542,-0.082422,SN II,0.5800,0.274184
SIM08589,31.648004,2.25144477,2.14166620,-0.054274,SN II,0.5800,0.224273
SIM08590,41.129156,3.85894820,4.65476793,0.203573,AGN flare,0.6700,0.026082
SIM08591,25.770988,4.56159742,5.59963532,0.222607,SN II,0.5800,0.455512
SIM08592,11.519906,1.78920363,1.44413865,-0.232627,SN II,0.5800,0.172237
SIM08593,39.879444,6.68065509,7.14617950,0.073137,AGN flare,0.6700,0.729527
SIM08594,40.417093,2.92344125,2.69735414,-0.087391,SN II,0.5800,0.009216
SIM08595,1.297653,0.05123695,0.04686986,-0.096724,kilonova,0.7200,0.508584
SIM08596,30.421493,2.28170553,1.69499036,-0.322731,SN II,0.5800,0.465132
SIM08597,36.244991,1.66075701,1.61792333,-0.028370,SN II,0.5800,0.978952
SIM08598,32.875536,7.00842214,8.66276696,0.230091,AGN flare,0.6700,0.856206
SIM08599,16.602029,3.34394845,3.93646663,0.177118,SN Ia,0.9100,0.970951
SIM08600,40.737763,2.87479262,2.34884610,-0.219380,SN II,0.5800,0.813348
SIM08601,16.891198,2.76276163,3.22847370,0.169135,SN Ia,0.9100,0.739554
SIM08602,22.648380,0.75478545,0.76470820,0.014181,SN Ia,0.9100,0.704589
SIM08603,26.692354,3.77064330,3.29754792,-0.145561,SN II,0.5800,0.576723
SIM08604,16.029731,2.96756268,2.86600281,-0.037808,SN Ia,0.9100,0.409059
SIM08605,20.571015,2.37838244,2.15968669,-0.104727,SN Ia,0.9100,0.864934
SIM08606,41.854814,0.77905060,0.58067027,-0.319090,SN II,0.5800,0.340699
SIM08607,7.380432,0.24640334,0.17382645,-0.378827,SN II,0.5800,0.802870
SIM08608,30.892794,7.21619157,9.59847506,0.309735,AGN flare,0.6700,0.870292
SIM08609,17.456659,3.51615665,2.89951166,-0.209358,SN II,0.5800,0.160863
SIM08610,4.869695,0.35454528,0.27350799,-0.281754,SN II,0.5800,0.359813
SIM08611,9.127749,0.49668191,0.51413035,0.037487,SN II,0.5800,0.719489
SIM08612,12.782512,1.41806836,1.03826788,-0.338469,SN II,0.5800,0.387842
SIM08613,3.952056,0.32868711,0.24351586,-0.325639,SN II,0.5800,0.708185
SIM08614,44.428565,3.83600094,4.90467135,0.266828,AGN flare,0.6700,0.780343
SIM08615,26.574929,5.21421214,7.23343808,0.355390,SN II,0.5800,0.786575
SIM08616,35.581755,2.61121155,3.59654867,0.347610,SN II,0.5800,0.686266
SIM08617,4.258054,0.18351328,0.15848490,-0.159199,SN II,0.5800,0.055628
SIM08618,25.635109,2.91348469,2.74641713,-0.064116,SN II,0.5800,0.416500
SIM08619,10.871331,2.52878469,2.96368979,0.172302,SN II,0.5800,0.606166
SIM08620,3.103985,0.25649514,0.25550418,-0.004203,SN II,0.5800,0.621522
SIM08621,10.229391,0.94096669,0.89830908,-0.050371,SN II,0.5800,0.221635
SIM08622,3.677452,0.14977219,0.20816666,0.357450,SN II,0.5800,0.562904
SIM08623,6.870027,0.76488848,0.95074166,0.236161,SN II,0.5800,0.563196
SIM08624,24.992599,1.65832784,1.96676886,0.185207,SN Ia,0.9100,0.503909
SIM08625,21.843469,1.69732801,1.93063844,0.139838,SN Ia,0.9100,0.479494
SIM08626,40.956854,3.43484189,2.40635386,-0.386368,SN II,0.5800,0.119558
SIM08627,6.200539,0.97244622,1.30135624,0.316327,SN II,0.5800,0.436515
SIM08628,2.906416,0.03886769,0.03521534,-0.107142,kilonova,0.7200,0.900551
SIM08629,34.915895,7.78257416,10.79255347,0.355002,AGN flare,0.6700,0.877364
SIM08630,32.673559,6.05716167,7.21222580,0.189500,AGN flare,0.6700,0.695558
SIM08631,17.461984,1.48559478,1.56205560,0.054490,SN Ia,0.9100,0.584727
SIM08632,31.841756,5.62794990,6.05062574,0.078625,AGN flare,0.6700,0.410893
SIM08633,14.175869,1.50789961,1.77772215,0.178729,SN Ia,0.9100,0.220884
SIM08634,3.981518,0.17980046,0.20031815,0.117324,SN II,0.5800,0.430945
SIM08635,24.128457,2.16689348,2.02214671,-0.075062,SN Ia,0.9100,0.630032
SIM08636,33.962015,1.18072417,1.62359171,0.345821,SN II,0.5800,0.692992
SIM08637,35.195689,2.10210925,2.82695883,0.321660,SN II,0.5800,0.872828
SIM08638,1.175350,0.01695830,0.01600590,-0.062756,kilonova,0.7200,0.879066
SIM08639,26.078978,1.82138893,2.49364975,0.341082,SN II,0.5800,0.908980
SIM08640,1.648746,0.03148319,0.04016191,0.264339,SN II,0.5800,0.589172
SIM08641,13.846308,1.61768554,1.71867957,0.065752,SN Ia,0.9100,0.950128
SIM08642,21.005235,5.94630294,5.71481943,-0.043111,SN Ia,0.9100,0.380053
SIM08643,38.617447,1.30583604,1.19081823,-0.100108,SN II,0.5800,0.958705
SIM08644,41.320269,1.56537498,1.54654874,-0.013137,SN II,0.5800,0.530720
SIM08645,16.443962,0.84546179,0.92291790,0.095173,SN Ia,0.9100,0.641654
SIM08646,21.850737,2.86667371,2.09209997,-0.341990,SN II,0.5800,0.149771
SIM08647,28.236811,5.69204968,7.51606245,0.301804,SN II,0.5800,0.781893
SIM08648,3.504901,0.25578428,0.27895105,0.094135,SN II,0.5800,0.224630
SIM08649,35.351296,1.19015903,0.96331916,-0.229587,SN II,0.5800,0.919580
SIM08650,31.744637,3.08674197,2.38732424,-0.278972,SN II,0.5800,0.228093
SIM08651,30.091119,2.39934987,2.59080137,0.083351,SN II,0.5800,0.651650
SIM08652,36.830364,3.28400873,3.04567871,-0.081801,SN II,0.5800,0.661583
SIM08653,21.654644,3.22217301,2.51700166,-0.268163,SN II,0.5800,0.572806
SIM08654,31.429611,3.53145323,4.31687161,0.218039,AGN flare,0.6700,0.834784
SIM08655,41.518727,0.57608097,0.57080713,-0.009985,SN II,0.5800,0.504125
SIM08656,2.797560,0.08528137,0.11366338,0.311916,SN II,0.5800,0.957232
SIM08657,21.279314,0.88204696,0.90513437,0.028053,SN Ia,0.9100,0.505069
SIM08658,8.100292,0.60197615,0.69792301,0.160571,SN II,0.5800,0.707488
SIM08659,3.233403,0.03205150,0.04393840,0.342490,SN II,0.5800,0.060014
SIM08660,27.575392,1.49893652,1.65767131,0.109288,SN II,0.5800,0.112695
SIM08661,11.684999,1.06625497,0.99273452,-0.077570,SN II,0.5800,0.155353
SIM08662,6.727010,0.27011968,0.22613782,-0.192958,SN II,0.5800,0.728405
SIM08663,39.771919,1.68501595,1.18839624,-0.379107,SN II,0.5800,0.348520
SIM08664,25.083043,3.95517816,4.92599753,0.238320,SN II,0.5800,0.832990
SIM08665,41.386960,2.04510881,2.04322614,-0.001000,SN II,0.5800,0.214306
SIM08666,40.292126,5.21470319,6.50790097,0.240528,AGN flare,0.6700,0.193877
SIM08667,21.283365,1.10188905,1.23266576,0.121769,SN Ia,0.9100,0.760386
SIM08668,8.000308,0.77709972,0.77827065,0.001635,SN II,0.5800,0.509127
SIM08669,1.036616,0.00936503,0.00851555,-0.103242,kilonova,0.7200,0.150171
SIM08670,9.607466,1.12311785,1.54830952,0.348581,SN II,0.5800,0.506798
SIM08671,39.115665,4.78158034,6.29415942,0.298416,AGN flare,0.6700,0.748999
SIM08672,23.697520,2.08258329,2.28730981,0.101807,SN Ia,0.9100,0.229293
SIM08673,40.142613,3.62295943,2.91398585,-0.236440,SN II,0.5800,0.110419
SIM08674,40.970911,1.99940457,1.86974626,-0.072795,SN II,0.5800,0.513784
SIM08675,1.970689,0.03603856,0.03870976,0.077633,kilonova,0.7200,0.030265
SIM08676,36.941422,7.43813474,8.55337038,0.151683,AGN flare,0.6700,0.515822
SIM08677,5.987863,0.40176727,0.53397166,0.308859,SN II,0.5800,0.971628
SIM08678,10.118544,2.37045651,2.35462049,-0.007278,SN II,0.5800,0.680739
SIM08679,15.310335,2.42708237,1.87989620,-0.277377,SN II,0.5800,0.206308
SIM08680,38.534335,3.58017647,2.83223203,-0.254439,SN II,0.5800,0.018639
SIM08681,10.492023,1.03730159,1.35024406,0.286268,SN II,0.5800,0.729281
SIM08682,32.302659,3.05518158,3.34534500,0.098510,SN II,0.5800,0.020710
SIM08683,1.559519,0.03116181,0.04340115,0.359696,SN II,0.5800,0.967217
SIM08684,21.432381,4.96507148,6.05824194,0.216053,SN Ia,0.9100,0.258393
SIM08685,6.096395,0.33867402,0.31353122,-0.083753,SN II,0.5800,0.564956
SIM08686,2.810338,0.06476558,0.08274710,0.266021,SN II,0.5800,0.157568
SIM08687,19.362849,2.68599294,2.13938233,-0.247041,SN II,0.5800,0.021485
SIM08688,41.934937,4.54603359,3.37563881,-0.323192,AGN flare,0.6700,0.498192
SIM08689,32.143065,6.65890124,5.80323279,-0.149331,AGN flare,0.6700,0.870349
SIM08690,5.187080,0.23522849,0.28833648,0.221024,SN II,0.5800,0.356967
SIM08691,19.377227,0.79006420,0.72109991,-0.099167,SN Ia,0.9100,0.229361
SIM08692,3.426670,0.03452314,0.04636566,0.320215,SN II,0.5800,0.020089
SIM08693,27.537092,3.09151189,4.02728705,0.287104,SN II,0.5800,0.601000
SIM08694,15.195169,2.62220034,3.04215940,0.161290,SN Ia,0.9100,0.889425
SIM08695,35.081411,2.43104899,2.56625367,0.058765,SN II,0.5800,0.303710
SIM08696,33.674776,1.31900375,1.09868697,-0.198430,SN II,0.5800,0.914619
SIM08697,20.974646,1.29292623,1.31810643,0.020942,SN Ia,0.9100,0.477682
SIM08698,20.985267,1.88794266,2.38187261,0.252324,SN Ia,0.9100,0.729993
SIM08699,29.429983,5.54698550,6.34674236,0.146235,SN II,0.5800,0.710019
SIM08700,12.696580,1.59593843,1.51818478,-0.054229,SN Ia,0.9100,0.270953
SIM08701,8.983500,1.40434639,1.29658707,-0.086681,SN II,0.5800,0.272722
SIM08702,32.975269,4.63965783,5.82260964,0.246579,AGN flare,0.6700,0.196170
SIM08703,21.859074,1.68760913,2.10151658,0.238152,SN Ia,0.9100,0.160585
SIM08704,39.543221,2.77752298,3.05739734,0.104236,SN II,0.5800,0.986932
SIM08705,13.838459,2.47608190,2.17412644,-0.141201,SN Ia,0.9100,0.968536
SIM08706,35.334037,3.65122588,3.54374788,-0.032440,SN II,0.5800,0.460076
SIM08707,28.528511,2.86606291,2.23343945,-0.270779,SN II,0.5800,0.340442
SIM08708,29.890425,0.93126346,1.22370105,0.296507,SN II,0.5800,0.116758
SIM08709,44.361671,2.45827164,3.18825752,0.282309,SN II,0.5800,0.159875
SIM08710,40.270733,1.45743367,1.92276411,0.300843,SN II,0.5800,0.400409
SIM08711,6.603799,0.35954163,0.25262186,-0.383196,SN II,0.5800,0.565926
SIM08712,38.406587,3.04310761,3.32882827,0.097435,SN II,0.5800,0.871050
SIM08713,6.161409,0.75355929,0.92922081,0.227504,SN II,0.5800,0.863938
SIM08714,15.172290,1.62212411,1.47273833,-0.104896,SN Ia,0.9100,0.742208
SIM08715,39.015435,3.28293898,3.03246966,-0.086166,SN II,0.5800,0.129150
SIM08716,31.999316,2.19876984,1.71309908,-0.270993,SN II,0.5800,0.405162
SIM08717,26.090385,1.56319857,1.97009394,0.251182,SN II,0.5800,0.440349
SIM08718,42.640896,1.79783460,2.28603651,0.260834,SN II,0.5800,0.940477
SIM08719,38.072125,1.97700523,2.45740020,0.236170,SN II,0.5800,0.359127
SIM08720,43.515345,2.22932053,2.43708527,0.096746,SN II,0.5800,0.224319
SIM08721,6.924895,0.40068344,0.39003496,-0.029245,SN II,0.5800,0.113129
SIM08722,22.141494,3.38892675,3.65690734,0.082629,SN Ia,0.9100,0.039581
SIM08723,27.751665,5.18918928,5.39964160,0.043164,SN II,0.5800,0.159920
SIM08724,29.498883,1.65335674,1.96323578,0.186515,SN II,0.5800,0.946124
SIM08725,17.628511,2.58656043,1.95688843,-0.302891,SN II,0.5800,0.204314
SIM08726,43.474786,1.93912895,1.66232912,-0.167224,SN II,0.5800,0.550487
SIM08727,21.855475,3.68494923,4.50691286,0.218619,SN Ia,0.9100,0.874319
SIM08728,22.635960,5.09241961,5.40437686,0.064554,SN Ia,0.9100,0.553450
SIM08729,29.221973,5.07938116,5.96850259,0.175136,SN II,0.5800,0.679809
SIM08730,25.418853,3.39683879,3.92991460,0.158270,SN II,0.5800,0.597024
SIM08731,33.095391,2.51858165,2.27545338,-0.110220,SN II,0.5800,0.556774
SIM08732,26.836662,2.33560019,2.61487398,0.122631,SN II,0.5800,0.630870
SIM08733,21.693207,1.25623730,0.97129232,-0.279304,SN II,0.5800,0.735840
SIM08734,4.106590,0.17776489,0.21997980,0.231342,SN II,0.5800,0.581959
SIM08735,13.058857,0.72723921,0.64985503,-0.122152,SN Ia,0.9100,0.543493
SIM08736,35.447668,1.65352863,1.36724941,-0.206410,SN II,0.5800,0.311056
SIM08737,18.247475,5.16479356,4.34370616,-0.187981,SN Ia,0.9100,0.236514
SIM08738,38.508496,4.10815985,4.54804231,0.110443,AGN flare,0.6700,0.411101
SIM08739,19.817931,1.34943193,1.38964007,0.031878,SN Ia,0.9100,0.723942
SIM08740,44.074751,2.10372176,2.16437185,0.030859,SN II,0.5800,0.821128
SIM08741,40.871425,2.03148373,2.11879556,0.045689,SN II,0.5800,0.413826
SIM08742,42.145356,7.05619292,8.80955746,0.240959,AGN flare,0.6700,0.503662
SIM08743,27.427734,7.03324340,8.68888645,0.229521,SN II,0.5800,0.288005
SIM08744,5.001115,0.09504810,0.07191538,-0.302804,SN II,0.5800,0.009067
SIM08745,4.386941,0.16925154,0.18974380,0.124087,SN II,0.5800,0.353102
SIM08746,4.691809,0.27143000,0.22521088,-0.202671,SN II,0.5800,0.902747
SIM08747,21.007628,1.47358102,1.73351702,0.176385,SN Ia,0.9100,0.395262
SIM08748,36.584318,5.21472283,6.30422616,0.206001,AGN flare,0.6700,0.336596
SIM08749,18.548581,6.48851886,4.55820223,-0.383380,SN II,0.5800,0.200955
SIM08750,7.359920,0.37725356,0.50447777,0.315522,SN II,0.5800,0.362314
SIM08751,25.106350,3.23914784,3.96599262,0.219803,SN II,0.5800,0.570228
SIM08752,37.711749,3.62539220,4.82066291,0.309379,AGN flare,0.6700,0.692941
SIM08753,30.347283,5.57439687,7.52898203,0.326346,AGN flare,0.6700,0.318938
SIM08754,41.906472,5.71186665,4.30868341,-0.306084,AGN flare,0.6700,0.933744
SIM08755,32.073823,2.67048772,2.60116202,-0.028558,SN II,0.5800,0.894995
SIM08756,27.990941,3.84290232,3.51070894,-0.098161,SN II,0.5800,0.950370
SIM08757,14.913786,1.99014758,2.68458531,0.324980,SN Ia,0.9100,0.152313
SIM08758,12.658471,1.69301640,1.98244255,0.171349,SN Ia,0.9100,0.557447
SIM08759,26.887063,4.69156733,3.62272522,-0.280706,SN II,0.5800,0.750879
SIM08760,3.875162,0.26722669,0.21170477,-0.252873,SN II,0.5800,0.678971
SIM08761,36.357612,5.20838403,4.55586124,-0.145331,AGN flare,0.6700,0.196962
SIM08762,40.373158,2.61987603,2.20064105,-0.189329,SN II,0.5800,0.949176
SIM08763,3.391460,0.16607405,0.18489321,0.116548,SN II,0.5800,0.706162
SIM08764,10.544938,1.20677003,1.04415805,-0.157146,SN II,0.5800,0.676951
SIM08765,11.508220,3.32070016,2.88931770,-0.151086,SN II,0.5800,0.670975
SIM08766,13.109897,2.61346011,2.26068093,-0.157442,SN Ia,0.9100,0.919125
SIM08767,38.706689,2.03202224,2.78017674,0.340360,SN II,0.5800,0.216120
SIM08768,21.962826,1.25384519,1.49348001,0.189889,SN Ia,0.9100,0.071655
SIM08769,20.268163,4.34809460,3.52365323,-0.228265,SN II,0.5800,0.222870
SIM08770,34.239441,2.85396242,2.48884275,-0.148627,SN II,0.5800,0.403143
SIM08771,17.358244,1.81366643,1.32170167,-0.343560,SN II,0.5800,0.447263
SIM08772,21.379084,3.12386795,3.41254121,0.095963,SN Ia,0.9100,0.153392
SIM08773,35.792459,3.30550346,4.08056827,0.228708,AGN flare,0.6700,0.915016
SIM08774,19.411821,4.78822450,5.63370278,0.176549,SN Ia,0.9100,0.003509
SIM08775,13.782712,2.72708843,3.10033292,0.139273,SN Ia,0.9100,0.212743
SIM08776,36.119276,2.42350454,2.81847684,0.163927,SN II,0.5800,0.306534
SIM08777,28.483207,3.53276399,4.89277329,0.353601,SN II,0.5800,0.243720
SIM08778,4.086903,0.14818194,0.19879182,0.319008,SN II,0.5800,0.832420
SIM08779,41.581549,2.93880006,3.06886483,0.047019,SN II,0.5800,0.959517
SIM08780,42.419881,1.91646520,2.24306793,0.170854,SN II,0.5800,0.694281
SIM08781,11.814379,1.25335530,1.51271153,0.204205,SN II,0.5800,0.796724
SIM08782,15.180450,0.81202978,1.04328242,0.272075,SN Ia,0.9100,0.595359
SIM08783,5.466061,0.23769822,0.23607436,-0.007443,SN II,0.5800,0.566144
SIM08784,43.212127,3.65453891,2.86519396,-0.264196,SN II,0.5800,0.860422
SIM08785,31.529515,1.13872453,0.91337560,-0.239423,SN II,0.5800,0.175834
SIM08786,40.380501,1.49928916,1.96469462,0.293524,SN II,0.5800,0.407359
SIM08787,38.734747,1.69657542,1.21716444,-0.360560,SN II,0.5800,0.937650
SIM08788,44.763622,4.92274060,4.77616551,-0.032819,AGN flare,0.6700,0.888059
SIM08789,44.346699,3.01692516,2.32447336,-0.283100,SN II,0.5800,0.281032
SIM08790,9.006883,1.36318874,1.59895291,0.173199,SN II,0.5800,0.287467
SIM08791,6.781125,0.41471436,0.46364968,0.121102,SN II,0.5800,0.663145
SIM08792,33.767267,1.50694385,1.71445502,0.140073,SN II,0.5800,0.509088
SIM08793,3.940751,0.17851788,0.14756311,-0.206760,SN II,0.5800,0.950400
SIM08794,7.880976,0.61959685,0.61518526,-0.007758,SN II,0.5800,0.358994
SIM08795,22.600984,2.58427812,2.20109891,-0.174249,SN Ia,0.9100,0.027470
SIM08796,40.323450,2.81405363,3.87689740,0.347880,SN II,0.5800,0.417997
SIM08797,10.493166,1.17271493,1.30278952,0.114205,SN II,0.5800,0.412095
SIM08798,11.639592,0.63897220,0.53693838,-0.188894,SN II,0.5800,0.686099
SIM08799,7.639511,0.43639944,0.58957423,0.326636,SN II,0.5800,0.275664
SIM08800,30.476331,2.27098890,2.33710530,0.031158,SN II,0.5800,0.689967
SIM08801,37.359409,3.96105967,5.50703653,0.357766,AGN flare,0.6700,0.437559
SIM08802,21.280368,4.49143064,3.63846619,-0.228666,SN II,0.5800,0.580960
SIM08803,30.970757,2.93408432,4.02437801,0.343065,AGN flare,0.6700,0.476696
SIM08804,5.176135,0.57737891,0.41356017,-0.362306,SN II,0.5800,0.335320
SIM08805,8.875146,0.78004245,0.70413076,-0.111162,SN II,0.5800,0.242460
SIM08806,24.746309,1.91946312,1.89563692,-0.013562,SN Ia,0.9100,0.206524
SIM08807,31.393765,7.76079227,10.13287369,0.289566,AGN flare,0.6700,0.651965
SIM08808,16.370081,1.62075474,1.55365889,-0.045904,SN Ia,0.9100,0.559005
SIM08809,29.710099,1.21203959,1.11083741,-0.094666,SN II,0.5800,0.457336
SIM08810,13.422699,0.66990332,0.83107192,0.234066,SN Ia,0.9100,0.934123
SIM08811,21.009168,4.30946532,4.94797147,0.150009,SN Ia,0.9100,0.778271
SIM08812,19.450935,1.89144909,2.60668578,0.348235,SN Ia,0.9100,0.421051
SIM08813,14.113437,1.70060347,1.38043589,-0.226467,SN II,0.5800,0.559513
SIM08814,26.005791,1.34522339,1.85410991,0.348353,SN II,0.5800,0.352359
SIM08815,43.417312,4.53350710,4.84284898,0.071667,AGN flare,0.6700,0.860312
SIM08816,25.075808,2.83590760,2.91402858,0.029504,SN II,0.5800,0.918212
SIM08817,5.820902,0.32186522,0.44893718,0.361279,SN II,0.5800,0.723219
SIM08818,29.490546,1.79333750,1.26541994,-0.378568,SN II,0.5800,0.222059
SIM08819,5.330722,0.40552772,0.47304728,0.167210,SN II,0.5800,0.353215
SIM08820,21.511492,1.82290391,1.29173943,-0.373972,SN II,0.5800,0.805066
SIM08821,16.526764,3.81468118,3.02451419,-0.252007,SN II,0.5800,0.592668
SIM08822,44.848598,2.04440843,2.48745584,0.212969,SN II,0.5800,0.485364
SIM08823,8.613966,1.87405051,2.05135513,0.098149,SN II,0.5800,0.057187
SIM08824,8.158416,0.67900595,0.54848677,-0.231769,SN II,0.5800,0.939461
SIM08825,41.810884,3.35535875,2.44982096,-0.341512,SN II,0.5800,0.323479
SIM08826,30.205810,3.84414900,4.25032237,0.109054,AGN flare,0.6700,0.588107
SIM08827,12.502013,0.98900105,0.89456016,-0.108968,SN Ia,0.9100,0.455239
SIM08828,5.361939,0.19730024,0.18205229,-0.087329,SN II,0.5800,0.709517
SIM08829,5.927213,0.67548587,0.74239976,0.102554,SN II,0.5800,0.743201
SIM08830,34.543586,3.03560329,2.16899563,-0.364966,SN II,0.5800,0.795144
SIM08831,14.514509,0.89454593,0.82742520,-0.084685,SN Ia,0.9100,0.005196
SIM08832,38.502449,2.88578047,2.72303815,-0.063024,SN II,0.5800,0.906025
SIM08833,44.688245,1.51999306,1.69800096,0.120241,SN II,0.5800,0.991287
SIM08834,25.382272,5.71979018,4.11629990,-0.357183,SN II,0.5800,0.180770
SIM08835,13.573014,1.15856648,1.36438724,0.177542,SN Ia,0.9100,0.421224
SIM08836,13.469234,2.10418336,2.63684805,0.245004,SN Ia,0.9100,0.068206
SIM08837,31.558972,2.84305542,2.58593064,-0.102921,SN II,0.5800,0.993150
SIM08838,34.832198,2.89156888,3.74094825,0.279620,SN II,0.5800,0.894522
SIM08839,13.836282,1.52716207,1.82500514,0.193447,SN Ia,0.9100,0.595265
SIM08840,8.737903,0.29185301,0.24505675,-0.189744,SN II,0.5800,0.004379
SIM08841,16.774251,2.00753765,2.29692264,0.146207,SN Ia,0.9100,0.539519
SIM08842,23.175135,1.56627981,1.26417028,-0.232659,SN II,0.5800,0.426932
SIM08843,28.930821,3.10180293,3.62171969,0.168252,SN II,0.5800,0.959677
SIM08844,23.874186,1.44352725,1.86967906,0.280855,SN Ia,0.9100,0.310779
SIM08845,34.763921,2.66157706,2.46265458,-0.084339,SN II,0.5800,0.984625
SIM08846,6.379191,0.29924726,0.32985544,0.105734,SN II,0.5800,0.172236
SIM08847,33.596489,0.91868540,0.91282950,-0.006943,SN II,0.5800,0.757523
SIM08848,39.423334,5.70708781,5.47792011,-0.044497,AGN flare,0.6700,0.340902
SIM08849,1.067222,0.01561524,0.02121457,0.332714,SN II,0.5800,0.012132
SIM08850,15.875958,2.33170397,1.99098885,-0.171511,SN Ia,0.9100,0.655786
SIM08851,3.403572,0.14907513,0.17477409,0.172680,SN II,0.5800,0.569066
SIM08852,7.241897,0.73367925,0.55920795,-0.294832,SN II,0.5800,0.603775
SIM08853,22.246500,2.25830716,1.88183066,-0.198006,SN Ia,0.9100,0.470552
SIM08854,6.874875,0.26983583,0.25468627,-0.062735,SN II,0.5800,0.611360
SIM08855,36.476900,3.25358621,4.18844122,0.274225,AGN flare,0.6700,0.016161
SIM08856,38.059948,4.39656009,4.74302752,0.082357,AGN flare,0.6700,0.183243
SIM08857,7.253390,0.49766969,0.47600401,-0.048326,SN II,0.5800,0.009368
SIM08858,37.445650,2.62790639,3.58811047,0.338140,SN II,0.5800,0.353539
SIM08859,33.248757,6.73837052,8.12707815,0.203449,AGN flare,0.6700,0.231099
SIM08860,12.139176,2.63046692,2.84065236,0.083463,SN Ia,0.9100,0.615463
SIM08861,18.212020,3.41509399,4.71770302,0.350820,SN Ia,0.9100,0.447031
SIM08862,43.635593,5.17922056,7.17124274,0.353325,AGN flare,0.6700,0.041242
SIM08863,27.953361,2.70598324,2.03725309,-0.308200,SN II,0.5800,0.981201
SIM08864,40.186435,1.90177481,2.00682482,0.058376,SN II,0.5800,0.492843
SIM08865,43.443137,1.32664567,1.61115966,0.210959,SN II,0.5800,0.583073
SIM08866,12.988729,1.35834952,1.63413860,0.200693,SN Ia,0.9100,0.253603
SIM08867,1.982805,0.03782395,0.04014131,0.064562,kilonova,0.7200,0.288554
SIM08868,11.019272,0.69360188,0.76614466,0.108001,SN II,0.5800,0.479994
SIM08869,41.034790,2.06951181,2.46241152,0.188732,SN II,0.5800,0.087000
SIM08870,35.309667,1.64799033,1.63272469,-0.010104,SN II,0.5800,0.564326
SIM08871,11.787719,2.90562276,2.80606397,-0.037854,SN II,0.5800,0.815523
SIM08872,10.336807,0.96780127,0.79983017,-0.206971,SN II,0.5800,0.209458
SIM08873,40.387230,1.06520568,0.96953469,-0.102175,SN II,0.5800,0.879915
SIM08874,22.439500,2.26227298,1.90951502,-0.184055,SN Ia,0.9100,0.405969
SIM08875,15.197283,2.01261700,2.16031890,0.076892,SN Ia,0.9100,0.433252
SIM08876,30.772630,1.82642515,1.85810561,0.018671,SN II,0.5800,0.526465
SIM08877,8.144072,1.27561311,1.67473598,0.295568,SN II,0.5800,0.443653
SIM08878,4.197883,0.15777008,0.17799591,0.130963,SN II,0.5800,0.713337
SIM08879,2.428903,0.04104402,0.05044928,0.224013,SN II,0.5800,0.942682
SIM08880,6.988727,0.28448347,0.36263028,0.263518,SN II,0.5800,0.700893
SIM08881,11.455379,0.86934500,0.92774741,0.070594,SN II,0.5800,0.468553
SIM08882,17.203464,4.38328664,3.89374714,-0.128580,SN Ia,0.9100,0.609534
SIM08883,35.934581,2.39547824,2.71841978,0.137311,SN II,0.5800,0.874129
SIM08884,8.377750,0.55811391,0.40990734,-0.335093,SN II,0.5800,0.828607
SIM08885,15.823028,1.32857572,1.69679346,0.265607,SN Ia,0.9100,0.654781
SIM08886,18.154161,2.04746792,1.52034845,-0.323185,SN II,0.5800,0.788837
SIM08887,14.303493,1.87261082,1.39388680,-0.320550,SN II,0.5800,0.617958
SIM08888,23.380029,2.05930748,2.42935677,0.179425,SN Ia,0.9100,0.532752
SIM08889,10.833127,1.97361829,2.21176501,0.123690,SN II,0.5800,0.701470
SIM08890,30.386318,0.84389347,0.99815438,0.182275,SN II,0.5800,0.891511
SIM08891,39.296048,6.68805981,6.78602031,0.015788,AGN flare,0.6700,0.636482
SIM08892,18.709337,1.44970104,1.50052485,0.037412,SN Ia,0.9100,0.008790
SIM08893,19.727895,1.37200560,1.49193558,0.090985,SN Ia,0.9100,0.497346
SIM08894,26.515978,2.69553825,3.63436276,0.324457,SN II,0.5800,0.384581
SIM08895,23.626385,5.73724179,6.37452340,0.114361,SN Ia,0.9100,0.401303
SIM08896,11.500631,1.51884596,1.12890392,-0.322142,SN II,0.5800,0.796808
SIM08897,21.501280,3.23465772,3.38928173,0.050698,SN Ia,0.9100,0.077374
SIM08898,30.850595,5.45029996,4.85261869,-0.126111,AGN flare,0.6700,0.382121
SIM08899,37.508557,2.91075776,3.16800963,0.091951,SN II,0.5800,0.538517
SIM08900,18.536858,1.57469342,1.96078739,0.238086,SN Ia,0.9100,0.202204
SIM08901,44.293791,0.66854216,0.82343848,0.226256,SN II,0.5800,0.159989
SIM08902,14.153157,1.98805102,2.21953976,0.119589,SN Ia,0.9100,0.845032
SIM08903,30.240392,4.45487221,5.26555558,0.181522,AGN flare,0.6700,0.605299
SIM08904,4.626563,0.14183037,0.15338855,0.085059,SN II,0.5800,0.415141
SIM08905,10.200101,1.01288113,0.71932417,-0.371585,SN II,0.5800,0.391569
SIM08906,27.916471,5.39345196,6.70098324,0.235679,SN II,0.5800,0.112934
SIM08907,18.450282,1.07597477,1.43216699,0.310479,SN Ia,0.9100,0.950451
SIM08908,22.124460,1.64815194,1.81121823,0.102434,SN Ia,0.9100,0.153317
SIM08909,6.359861,0.94659067,0.68045422,-0.358408,SN II,0.5800,0.555823
SIM08910,38.540215,2.85735637,2.87035230,0.004927,SN II,0.5800,0.145935
SIM08911,18.976391,1.56496092,1.97388842,0.252048,SN Ia,0.9100,0.628512
SIM08912,23.364635,5.19694848,4.61661548,-0.128562,SN Ia,0.9100,0.601867
SIM08913,44.585399,0.83655306,1.02045690,0.215753,SN II,0.5800,0.268221
SIM08914,4.706938,0.40634673,0.35962216,-0.132626,SN II,0.5800,0.317182
SIM08915,33.739976,4.48735154,3.41550409,-0.296338,AGN flare,0.6700,0.617043
SIM08916,20.560424,1.64707679,2.10894525,0.268379,SN Ia,0.9100,0.710696
SIM08917,4.097026,0.14639008,0.11647478,-0.248199,SN II,0.5800,0.507848
SIM08918,21.942528,2.81910370,2.88602046,0.025471,SN Ia,0.9100,0.081643
SIM08919,41.902914,4.81936557,6.51687644,0.327624,AGN flare,0.6700,0.947844
SIM08920,22.224386,1.81614535,1.91812513,0.059316,SN Ia,0.9100,0.408020
SIM08921,26.996687,6.12710425,4.69348572,-0.289399,SN II,0.5800,0.323455
SIM08922,30.281917,1.02080220,1.19922937,0.174902,SN II,0.5800,0.152742
SIM08923,28.303427,1.57281178,1.40412318,-0.123179,SN II,0.5800,0.932368
SIM08924,26.869604,3.88735978,4.21958020,0.089036,SN II,0.5800,0.541150
SIM08925,36.529385,1.91789853,1.49776425,-0.268455,SN II,0.5800,0.963126
SIM08926,8.504034,0.59434976,0.76007880,0.267041,SN II,0.5800,0.438647
SIM08927,33.151157,2.11378287,2.74556741,0.283929,SN II,0.5800,0.099977
SIM08928,29.143812,3.22677460,2.81278925,-0.149079,SN II,0.5800,0.799587
SIM08929,9.190446,0.44746630,0.48934797,0.097144,SN II,0.5800,0.966769
SIM08930,7.903282,1.23052761,1.64736283,0.316745,SN II,0.5800,0.220264
SIM08931,9.689548,0.73554247,0.62862051,-0.170548,SN II,0.5800,0.544444
SIM08932,10.981324,0.96800715,1.19725080,0.230766,SN II,0.5800,0.450628
SIM08933,12.223968,0.59567357,0.48674175,-0.219274,SN II,0.5800,0.862043
SIM08934,32.619503,1.71492327,2.18909240,0.265048,SN II,0.5800,0.656865
SIM08935,18.628187,3.35818883,3.40877549,0.016233,SN Ia,0.9100,0.203820
SIM08936,22.383747,2.19233527,1.79129349,-0.219351,SN II,0.5800,0.543189
SIM08937,4.398153,0.33247884,0.44067514,0.305886,SN II,0.5800,0.831929
SIM08938,38.188331,1.84177502,2.37691698,0.276944,SN II,0.5800,0.757372
SIM08939,14.181787,4.09303643,5.66148112,0.352211,SN Ia,0.9100,0.212173
SIM08940,7.914395,1.28754859,1.38434167,0.078699,SN II,0.5800,0.106206
SIM08941,32.260894,2.20406074,1.74123736,-0.255914,SN II,0.5800,0.610979
SIM08942,29.487127,2.04617912,2.32501536,0.138705,SN II,0.5800,0.905618
SIM08943,39.031958,4.24782884,4.94802120,0.165661,AGN flare,0.6700,0.349182
SIM08944,13.311167,2.24672945,2.61749101,0.165836,SN Ia,0.9100,0.334259
SIM08945,15.185240,1.61450117,1.50032750,-0.079631,SN Ia,0.9100,0.862701
SIM08946,43.450813,2.47288149,3.17390722,0.270977,SN II,0.5800,0.479217
SIM08947,1.674286,0.04454668,0.04494620,0.009694,kilonova,0.7200,0.784604
SIM08948,26.434819,2.15264020,2.92036625,0.331165,SN II,0.5800,0.689222
SIM08949,3.760289,0.12770711,0.17562885,0.345952,SN II,0.5800,0.437918
SIM08950,21.288849,1.77849230,1.93983684,0.094283,SN Ia,0.9100,0.918831
SIM08951,41.604476,3.53866043,4.67115532,0.301464,AGN flare,0.6700,0.615239
SIM08952,29.443926,6.29761711,7.51406836,0.191747,SN II,0.5800,0.644449
SIM08953,17.019499,3.33234648,4.49305150,0.324478,SN Ia,0.9100,0.982022
SIM08954,14.546326,1.93128468,1.96835119,0.020641,SN Ia,0.9100,0.253562
SIM08955,24.454212,3.51607685,2.90691777,-0.206564,SN II,0.5800,0.432045
SIM08956,9.462100,1.71049293,1.20211509,-0.382938,SN II,0.5800,0.222683
SIM08957,1.471584,0.02171779,0.01938002,-0.123654,kilonova,0.7200,0.897317
SIM08958,31.840617,2.11912717,2.79120686,0.299088,SN II,0.5800,0.093756
SIM08959,41.087286,1.83973497,2.39097229,0.284548,SN II,0.5800,0.515313
SIM08960,38.527429,2.54615240,3.46249235,0.333761,SN II,0.5800,0.959452
SIM08961,21.150007,1.42154009,1.68757788,0.186262,SN Ia,0.9100,0.567809
SIM08962,2.406581,0.02834863,0.03245954,0.147026,kilonova,0.7200,0.575645
SIM08963,23.920331,6.72434799,7.29408643,0.088302,SN Ia,0.9100,0.806616
SIM08964,34.828488,3.81179446,3.76632002,-0.013031,SN II,0.5800,0.016864
SIM08965,35.175037,1.93128573,2.27409889,0.177407,SN II,0.5800,0.305914
SIM08966,17.391690,4.55129359,3.49483978,-0.286769,SN II,0.5800,0.633608
SIM08967,36.834712,0.93133183,1.30297459,0.364579,SN II,0.5800,0.852669
SIM08968,35.666833,2.45938228,2.06659197,-0.188928,SN II,0.5800,0.146462
SIM08969,2.578935,0.06285083,0.05340558,-0.176811,kilonova,0.7200,0.440651
SIM08970,4.595447,0.48424068,0.45056403,-0.078262,SN II,0.5800,0.026719
SIM08971,21.873636,3.72397557,2.89925557,-0.271801,SN II,0.5800,0.529991
SIM08972,11.100040,1.11633751,0.87404396,-0.265656,SN II,0.5800,0.386932
SIM08973,13.639212,2.19832368,1.92748894,-0.142749,SN Ia,0.9100,0.586293
SIM08974,18.334771,5.23294571,5.40517967,0.035160,SN Ia,0.9100,0.751198
SIM08975,11.048088,2.13753504,1.50333687,-0.382142,SN II,0.5800,0.289278
SIM08976,42.369506,3.52703014,4.52137014,0.269652,AGN flare,0.6700,0.141697
SIM08977,3.528884,0.23531285,0.20602140,-0.144333,SN II,0.5800,0.073750
SIM08978,20.630608,4.06143517,4.45967665,0.101560,SN Ia,0.9100,0.771974
SIM08979,15.057416,0.45364862,0.45828990,0.011052,SN Ia,0.9100,0.914180
SIM08980,38.665760,3.09144297,2.90241415,-0.068505,SN II,0.5800,0.831814
SIM08981,38.681107,2.07059009,2.37716055,0.149911,SN II,0.5800,0.884752
SIM08982,40.263964,0.64600702,0.66094985,0.024828,SN II,0.5800,0.111100
SIM08983,42.016821,1.66724836,2.21642712,0.309133,SN II,0.5800,0.784028
SIM08984,5.043749,0.73798152,0.84412527,0.145904,SN II,0.5800,0.527719
SIM08985,8.565945,0.86160945,0.65994374,-0.289509,SN II,0.5800,0.693864
SIM08986,39.464884,3.53561197,4.39711723,0.236759,AGN flare,0.6700,0.472703
SIM08987,37.007451,3.12433096,2.87435526,-0.090541,SN II,0.5800,0.608543
SIM08988,16.304368,2.39258729,2.00189786,-0.193565,SN Ia,0.9100,0.741511
SIM08989,31.303105,0.99259354,0.80930010,-0.221655,SN II,0.5800,0.482967
SIM08990,23.136555,1.75826615,1.87803624,0.071548,SN Ia,0.9100,0.719897
SIM08991,35.516373,3.11729024,2.50879710,-0.235779,SN II,0.5800,0.185091
SIM08992,20.966961,6.08203439,5.48304133,-0.112568,SN Ia,0.9100,0.332984
SIM08993,40.582882,2.34861644,2.85382800,0.211539,SN II,0.5800,0.620250
SIM08994,16.898710,1.85950529,1.42830352,-0.286442,SN II,0.5800,0.105948
SIM08995,39.811207,3.98115248,3.62077830,-0.103017,SN II,0.5800,0.917980
SIM08996,38.396504,2.25967853,2.27110870,0.005478,SN II,0.5800,0.273467
SIM08997,26.287916,1.72663115,1.68856518,-0.024204,SN II,0.5800,0.478863
SIM08998,17.714689,2.71022063,3.25348102,0.198359,SN Ia,0.9100,0.218884
SIM08999,40.644500,2.45737893,2.71928046,0.109955,SN II,0.5800,0.128985
SIM09000,44.587999,2.33052319,2.82449147,0.208717,SN II,0.5800,0.532974
SIM09001,6.358593,0.33862243,0.37980175,0.124603,SN II,0.5800,0.832019
SIM09002,34.838718,2.00759763,2.17900224,0.088953,SN II,0.5800,0.797158
SIM09003,39.346973,3.59425284,4.27189980,0.187531,AGN flare,0.6700,0.370324
SIM09004,12.193545,3.34493551,2.66701816,-0.245904,SN II,0.5800,0.033475
SIM09005,18.424752,1.40275615,1.64235271,0.171211,SN Ia,0.9100,0.396234
SIM09006,19.442363,1.00526474,0.86203441,-0.166890,SN Ia,0.9100,0.713981
SIM09007,14.558161,3.57829641,4.60966814,0.274983,SN Ia,0.9100,0.596655
SIM09008,34.854738,1.71179701,2.04300656,0.192044,SN II,0.5800,0.185392
SIM09009,42.374274,3.88121563,2.75522983,-0.372025,SN II,0.5800,0.671296
SIM09010,28.368255,1.68639439,1.88749863,0.122319,SN II,0.5800,0.615356
SIM09011,27.565611,4.09032617,3.69677345,-0.109838,SN II,0.5800,0.598883
SIM09012,12.360261,1.27756298,0.95216355,-0.319177,SN II,0.5800,0.611004
SIM09013,12.232486,1.82280883,2.24101023,0.224257,SN Ia,0.9100,0.451034
SIM09014,26.056229,0.92628616,1.27057674,0.343139,SN II,0.5800,0.682081
SIM09015,26.078586,7.47110889,8.30137333,0.114412,SN II,0.5800,0.296935
SIM09016,9.928782,0.82723308,0.72636827,-0.141178,SN II,0.5800,0.226639
SIM09017,43.801526,3.09680263,3.34358540,0.083247,SN II,0.5800,0.180752
SIM09018,5.691403,0.41980466,0.47772755,0.140333,SN II,0.5800,0.685838
SIM09019,17.953174,0.98179025,0.91003104,-0.082406,SN Ia,0.9100,0.546667
SIM09020,4.356829,0.38060903,0.44731743,0.175342,SN II,0.5800,0.979068
SIM09021,13.953001,2.78365609,3.48464152,0.243856,SN Ia,0.9100,0.718305
SIM09022,43.184274,1.60027997,2.23491606,0.362663,SN II,0.5800,0.634588
SIM09023,9.759931,0.67735116,0.87173316,0.273924,SN II,0.5800,0.842791
SIM09024,28.430376,2.19779841,1.54173464,-0.384946,SN II,0.5800,0.614271
SIM09025,24.181266,2.35814487,3.20397616,0.332797,SN Ia,0.9100,0.668001
SIM09026,3.674034,0.16685376,0.13347169,-0.242367,SN II,0.5800,0.832648
SIM09027,15.604352,4.46212837,4.14887736,-0.079029,SN Ia,0.9100,0.948417
SIM09028,26.857843,2.67589579,2.69234931,0.006656,SN II,0.5800,0.414866
SIM09029,43.849339,4.87005619,3.62384882,-0.320910,AGN flare,0.6700,0.734830
SIM09030,33.653047,1.93362997,2.03929789,0.057768,SN II,0.5800,0.975969
SIM09031,1.959093,0.07659670,0.06887054,-0.115441,kilonova,0.7200,0.803690
SIM09032,24.703759,2.74247596,2.08237997,-0.298957,SN II,0.5800,0.859639
SIM09033,12.928472,1.17829913,1.37384300,0.166704,SN Ia,0.9100,0.048991
SIM09034,15.249743,1.33048440,1.85055592,0.358231,SN Ia,0.9100,0.310442
SIM09035,18.577798,2.86551984,2.60240191,-0.104573,SN Ia,0.9100,0.053814
SIM09036,22.917483,1.49207653,1.97668057,0.305363,SN Ia,0.9100,0.513676
SIM09037,30.006701,3.16772725,4.14670412,0.292388,AGN flare,0.6700,0.263476
SIM09038,23.459996,2.28274048,2.72717836,0.193143,SN Ia,0.9100,0.267367
SIM09039,26.796892,2.09849591,2.25683764,0.078980,SN II,0.5800,0.829434
SIM09040,19.046624,1.31211620,1.30303793,-0.007538,SN Ia,0.9100,0.867261
SIM09041,7.119361,0.43785233,0.35907789,-0.215348,SN II,0.5800,0.155877
SIM09042,11.878595,1.65477712,1.23689379,-0.316018,SN II,0.5800,0.852859
SIM09043,27.153057,3.29143947,2.57493750,-0.266548,SN II,0.5800,0.098850
SIM09044,15.631515,2.51682162,3.48095312,0.352114,SN Ia,0.9100,0.786361
SIM09045,16.585076,4.47928905,5.07007370,0.134513,SN Ia,0.9100,0.819053
SIM09046,30.552645,2.32467745,1.80254413,-0.276192,SN II,0.5800,0.224926
SIM09047,4.306349,0.12108927,0.09751265,-0.235112,SN II,0.5800,0.964319
SIM09048,37.310356,4.54449498,6.34854199,0.362971,AGN flare,0.6700,0.758421
SIM09049,24.642005,2.57697937,3.52222011,0.339264,SN Ia,0.9100,0.129325
SIM09050,2.998955,0.02698898,0.03443398,0.264502,SN II,0.5800,0.635663
SIM09051,22.612618,0.93843568,0.82991904,-0.133422,SN Ia,0.9100,0.516162
SIM09052,39.080120,3.30758933,2.91600187,-0.136809,SN II,0.5800,0.394331
SIM09053,36.871068,2.87530180,3.75117463,0.288710,SN II,0.5800,0.668780
SIM09054,29.983536,4.12440785,3.63917576,-0.135896,SN II,0.5800,0.874275
SIM09055,43.125002,0.82079066,0.74530508,-0.104746,SN II,0.5800,0.775651
SIM09056,1.125082,0.02825622,0.03881241,0.344641,SN II,0.5800,0.739204
SIM09057,33.027333,4.95696332,5.22640239,0.057468,AGN flare,0.6700,0.848557
SIM09058,6.748747,0.38624269,0.51806212,0.318804,SN II,0.5800,0.284615
SIM09059,35.603628,4.75976916,5.58341309,0.173285,AGN flare,0.6700,0.177544
SIM09060,28.773974,1.49060986,1.64570710,0.107471,SN II,0.5800,0.269271
SIM09061,14.644647,2.39937578,2.25146327,-0.069084,SN Ia,0.9100,0.425074
SIM09062,35.549120,1.57319690,1.84282899,0.171755,SN II,0.5800,0.823700
SIM09063,11.031140,0.67696405,0.91501679,0.327159,SN II,0.5800,0.234547
SIM09064,28.995633,1.37835131,1.00263771,-0.345540,SN II,0.5800,0.270741
SIM09065,10.520386,0.51983282,0.51421246,-0.011803,SN II,0.5800,0.571683
SIM09066,13.602466,0.76753154,0.71492121,-0.077095,SN Ia,0.9100,0.283557
SIM09067,25.839880,1.31426835,1.78732926,0.333801,SN II,0.5800,0.695951
SIM09068,10.362430,1.95351098,2.49262405,0.264602,SN II,0.5800,0.459205
SIM09069,28.178390,5.53779724,6.01281183,0.089351,SN II,0.5800,0.860056
SIM09070,24.571983,2.60191921,3.55321090,0.338318,SN Ia,0.9100,0.435374
SIM09071,28.825429,2.39874445,2.90500409,0.207907,SN II,0.5800,0.111797
SIM09072,9.508437,1.60604769,1.43542727,-0.121943,SN II,0.5800,0.593874
SIM09073,28.610450,2.92232903,2.53746104,-0.153324,SN II,0.5800,0.905267
SIM09074,6.668427,0.43801197,0.36707858,-0.191817,SN II,0.5800,0.062955
SIM09075,11.367943,2.81485347,3.32619700,0.181230,SN II,0.5800,0.443094
SIM09076,25.125374,3.13529877,2.64466797,-0.184769,SN II,0.5800,0.229484
SIM09077,18.903821,4.31061017,5.48105164,0.260813,SN Ia,0.9100,0.445223
SIM09078,26.110484,2.24350830,1.74171155,-0.274879,SN II,0.5800,0.564982
SIM09079,42.256748,1.98544059,2.02843641,0.023261,SN II,0.5800,0.815073
SIM09080,14.862004,2.84531202,2.89030105,0.017033,SN Ia,0.9100,0.448097
SIM09081,32.088079,0.85045991,1.09028066,0.269711,SN II,0.5800,0.141596
SIM09082,43.153974,3.95330766,4.84284346,0.220350,AGN flare,0.6700,0.021087
SIM09083,24.387800,4.20522794,3.94055896,-0.070579,SN Ia,0.9100,0.155758
SIM09084,10.251260,1.45410467,1.30415586,-0.118165,SN II,0.5800,0.406620
SIM09085,34.998032,3.73513770,4.68718931,0.246515,AGN flare,0.6700,0.045348
SIM09086,33.932099,5.29817892,6.43248431,0.210630,AGN flare,0.6700,0.089700
SIM09087,6.928333,0.50022839,0.68080496,0.334636,SN II,0.5800,0.645029
SIM09088,14.904467,3.21893065,2.34902899,-0.342058,SN II,0.5800,0.897816
SIM09089,13.919185,2.35974337,2.06200421,-0.146438,SN Ia,0.9100,0.080892
SIM09090,44.086568,2.63043263,3.49513688,0.308593,SN II,0.5800,0.428383
SIM09091,38.697325,4.53040877,4.66480973,0.031741,AGN flare,0.6700,0.780910
SIM09092,35.667497,5.01617624,6.92582127,0.350246,AGN flare,0.6700,0.702834
SIM09093,33.750969,2.66247765,2.84330705,0.071344,SN II,0.5800,0.286699
SIM09094,14.329152,3.24956384,4.20329250,0.279411,SN Ia,0.9100,0.339367
SIM09095,22.860514,3.72426478,4.40169467,0.181448,SN Ia,0.9100,0.051370
SIM09096,18.752595,5.25655964,6.42400957,0.217761,SN Ia,0.9100,0.257605
SIM09097,12.523129,2.59158681,3.16989090,0.218696,SN Ia,0.9100,0.714385
SIM09098,14.028814,1.41915906,1.59682285,0.128064,SN Ia,0.9100,0.726690
SIM09099,28.813536,1.10492541,0.84503660,-0.291144,SN II,0.5800,0.884015
SIM09100,14.702700,1.16802569,1.00869010,-0.159237,SN Ia,0.9100,0.079675
SIM09101,33.149052,1.37968303,1.69295280,0.222164,SN II,0.5800,0.578579
SIM09102,24.218595,2.33565783,3.08519568,0.302184,SN Ia,0.9100,0.421174
SIM09103,16.946843,0.79635278,1.02464689,0.273672,SN Ia,0.9100,0.983558
SIM09104,22.573254,1.13540200,1.45055575,0.265962,SN Ia,0.9100,0.439013
SIM09105,24.523262,4.22004492,4.94065091,0.171168,SN Ia,0.9100,0.240875
SIM09106,40.669236,1.41166736,1.75865915,0.238623,SN II,0.5800,0.240854
SIM09107,22.345744,1.43982142,1.87314079,0.285654,SN Ia,0.9100,0.550078
SIM09108,33.175384,2.01525192,2.80081333,0.357387,SN II,0.5800,0.757678
SIM09109,25.350760,3.29363087,2.97942881,-0.108855,SN II,0.5800,0.530983
SIM09110,15.379090,0.93381199,1.07664149,0.154529,SN Ia,0.9100,0.217170
SIM09111,9.684635,1.52086811,1.66675021,0.099447,SN II,0.5800,0.878674
SIM09112,32.198442,7.74526777,6.66323084,-0.163379,AGN flare,0.6700,0.709270
SIM09113,20.752253,1.64177634,1.39588534,-0.176161,SN Ia,0.9100,0.319744
SIM09114,31.501037,6.90938530,5.37078632,-0.273504,AGN flare,0.6700,0.688482
SIM09115,5.915065,0.27961769,0.37322008,0.313501,SN II,0.5800,0.780671
SIM09116,37.787497,2.66955146,3.25349933,0.214781,SN II,0.5800,0.910846
SIM09117,27.990587,1.72320774,2.09187824,0.210497,SN II,0.5800,0.245277
SIM09118,26.924270,2.24492717,2.97917970,0.307236,SN II,0.5800,0.351900
SIM09119,44.086606,1.38379223,1.69758577,0.221902,SN II,0.5800,0.159650
SIM09120,8.121142,0.34309768,0.33414405,-0.028710,SN II,0.5800,0.848942
SIM09121,31.797031,2.26023433,1.85573279,-0.214095,SN II,0.5800,0.587404
SIM09122,41.269264,3.36511770,3.54066769,0.055212,SN II,0.5800,0.830738
SIM09123,1.625976,0.02583402,0.02713897,0.053503,kilonova,0.7200,0.332318
SIM09124,40.379370,1.41661587,1.56829890,0.110442,SN II,0.5800,0.263135
SIM09125,23.097049,6.07944273,8.29917891,0.337928,SN Ia,0.9100,0.016630
SIM09126,40.179861,1.48212325,2.04458890,0.349304,SN II,0.5800,0.493541
SIM09127,17.613298,1.70266861,1.46687130,-0.161845,SN Ia,0.9100,0.219768
SIM09128,24.367391,6.58638680,7.88879390,0.195908,SN Ia,0.9100,0.224205
SIM09129,20.955341,2.22231586,2.22614966,0.001871,SN Ia,0.9100,0.311653
SIM09130,38.210189,1.57304068,1.72789684,0.101945,SN II,0.5800,0.681721
SIM09131,28.661579,5.06639519,4.57322378,-0.111192,SN II,0.5800,0.576045
SIM09132,18.695792,0.93907617,0.75581015,-0.235720,SN II,0.5800,0.103706
SIM09133,19.068739,4.11260319,4.17290274,0.015804,SN Ia,0.9100,0.656559
SIM09134,43.766744,1.21078447,1.17325326,-0.034188,SN II,0.5800,0.263812
SIM09135,41.931076,1.35281814,1.11509509,-0.209819,SN II,0.5800,0.201559
SIM09136,19.310378,4.40472163,5.10099304,0.159341,SN Ia,0.9100,0.305657
SIM09137,27.171214,1.09463287,1.03388752,-0.061988,SN II,0.5800,0.048755
SIM09138,35.752543,6.33759998,8.80331545,0.356804,AGN flare,0.6700,0.796907
SIM09139,38.251729,1.49459481,1.96666442,0.298017,SN II,0.5800,0.340677
SIM09140,25.697639,3.84835799,4.23813781,0.104749,SN II,0.5800,0.033146
SIM09141,4.903209,0.45496667,0.46406531,0.021499,SN II,0.5800,0.239303
SIM09142,1.588579,0.03709670,0.04557221,0.223412,SN II,0.5800,0.330642
SIM09143,31.690791,6.88129413,8.31622513,0.205640,AGN flare,0.6700,0.365987
SIM09144,31.303042,3.15888632,3.18578220,0.009205,SN II,0.5800,0.801176
SIM09145,4.411115,0.11743626,0.16330847,0.358016,SN II,0.5800,0.220476
SIM09146,39.112908,3.28972051,3.91683012,0.189439,SN II,0.5800,0.591551
SIM09147,41.489315,6.23658860,6.36203605,0.021623,AGN flare,0.6700,0.030835
SIM09148,40.023248,2.33466649,1.87287122,-0.239292,SN II,0.5800,0.868455
SIM09149,12.926678,3.07603557,3.62220890,0.177455,SN Ia,0.9100,0.311433
SIM09150,34.808176,4.01339760,5.02971446,0.245078,AGN flare,0.6700,0.459677
SIM09151,26.141461,4.61163480,6.37320806,0.351258,SN II,0.5800,0.282130
SIM09152,27.596993,3.41843485,4.64745307,0.333469,SN II,0.5800,0.376631
SIM09153,32.123229,2.16221590,2.78956737,0.276594,SN II,0.5800,0.151814
SIM09154,43.287968,1.61744234,1.59558476,-0.014772,SN II,0.5800,0.503052
SIM09155,31.054890,2.15076358,2.45762127,0.144806,SN II,0.5800,0.277825
SIM09156,38.703848,2.57688094,2.08558783,-0.229665,SN II,0.5800,0.945962
SIM09157,3.934696,0.39351047,0.33024163,-0.190311,SN II,0.5800,0.422630
SIM09158,15.452067,1.65965703,1.63308750,-0.017522,SN Ia,0.9100,0.213684
SIM09159,9.807115,2.29563087,2.83830727,0.230393,SN II,0.5800,0.657229
SIM09160,2.528317,0.04374845,0.04745909,0.088392,kilonova,0.7200,0.001584
SIM09161,18.691830,1.61276462,1.18822850,-0.331678,SN II,0.5800,0.425944
SIM09162,21.523203,1.13627640,1.42760085,0.247807,SN Ia,0.9100,0.587253
SIM09163,32.401563,5.54031182,7.71472085,0.359465,AGN flare,0.6700,0.956273
SIM09164,35.904957,2.39772301,2.85644247,0.190066,SN II,0.5800,0.132579
SIM09165,20.100445,1.88364593,2.05802563,0.096129,SN Ia,0.9100,0.111883
SIM09166,17.770181,4.54748197,5.98944541,0.299039,SN Ia,0.9100,0.439542
SIM09167,7.616555,0.36939894,0.44963684,0.213416,SN II,0.5800,0.899911
SIM09168,35.647866,2.18432792,2.39466347,0.099817,SN II,0.5800,0.848954
SIM09169,10.156222,1.33286969,1.34439554,0.009348,SN II,0.5800,0.346977
SIM09170,32.326466,4.51973264,4.02315512,-0.126365,AGN flare,0.6700,0.340555
SIM09171,28.634740,2.14988205,2.78733477,0.281936,SN II,0.5800,0.300401
SIM09172,27.426280,4.49060717,4.87178993,0.088459,SN II,0.5800,0.454451
SIM09173,27.346023,2.52037325,1.91492874,-0.298281,SN II,0.5800,0.120127
SIM09174,15.946171,1.72203019,1.21251877,-0.380881,SN II,0.5800,0.280528
SIM09175,21.565984,2.70769785,2.24586836,-0.203040,SN II,0.5800,0.893026
SIM09176,21.739728,1.53537882,1.25590085,-0.218150,SN II,0.5800,0.288168
SIM09177,7.042638,1.07323139,1.13705282,0.062718,SN II,0.5800,0.273132
SIM09178,11.051663,1.08816473,1.46492533,0.322802,SN II,0.5800,0.874622
SIM09179,13.561517,4.08098672,5.34901471,0.293772,SN Ia,0.9100,0.462030
SIM09180,35.874967,2.45161305,2.44545890,-0.002729,SN II,0.5800,0.372549
SIM09181,43.645952,7.12087622,9.60874919,0.325334,AGN flare,0.6700,0.856994
SIM09182,41.994914,3.88574420,3.61909087,-0.077187,SN II,0.5800,0.496366
SIM09183,11.296808,0.83744319,0.80058678,-0.048867,SN II,0.5800,0.179341
SIM09184,18.653723,1.85708325,1.71098734,-0.088961,SN Ia,0.9100,0.637709
SIM09185,36.358755,3.07761194,3.78824948,0.225562,SN II,0.5800,0.938774
SIM09186,42.085011,3.00473337,2.78583384,-0.082127,SN II,0.5800,0.498118
SIM09187,3.127131,0.17535050,0.21238179,0.208026,SN II,0.5800,0.888634
SIM09188,24.066122,4.44357088,4.25855264,-0.046175,SN Ia,0.9100,0.250011
SIM09189,20.531440,4.25625259,4.67188716,0.101162,SN Ia,0.9100,0.216071
SIM09190,19.159053,3.79928820,4.32925296,0.141777,SN Ia,0.9100,0.115097
SIM09191,39.411423,3.79246106,4.29394870,0.134839,AGN flare,0.6700,0.372904
SIM09192,9.509406,0.72175286,0.66403363,-0.090496,SN II,0.5800,0.094836
SIM09193,31.297808,3.76490563,3.11874573,-0.204435,SN II,0.5800,0.527250
SIM09194,23.010889,0.87611849,0.97285134,0.113709,SN Ia,0.9100,0.375869
SIM09195,23.692211,2.99235047,2.40797115,-0.235903,SN II,0.5800,0.084630
SIM09196,9.688018,0.92391962,0.82219543,-0.126648,SN II,0.5800,0.114259
SIM09197,42.138275,1.59631513,1.17895817,-0.329051,SN II,0.5800,0.359667
SIM09198,8.308194,0.37281884,0.48053798,0.275575,SN II,0.5800,0.504260
SIM09199,11.765831,1.13934085,0.92284539,-0.228812,SN II,0.5800,0.366492
SIM09200,13.737428,0.77952457,0.64366770,-0.207920,SN II,0.5800,0.276717
SIM09201,14.619305,2.24829335,2.72101946,0.207197,SN Ia,0.9100,0.247428
SIM09202,18.232706,0.72672599,0.69383492,-0.050286,SN Ia,0.9100,0.222232
SIM09203,16.043968,3.43023526,2.70466734,-0.258025,SN II,0.5800,0.442295
SIM09204,16.807250,0.77428085,0.78101742,0.009405,SN Ia,0.9100,0.099566
SIM09205,20.087046,4.91479915,6.10408438,0.235287,SN Ia,0.9100,0.328803
SIM09206,8.038295,0.91188650,1.02457095,0.126503,SN II,0.5800,0.135219
SIM09207,1.063802,0.01397304,0.01392380,-0.003833,kilonova,0.7200,0.791906
SIM09208,13.590982,1.35608618,1.19615769,-0.136247,SN Ia,0.9100,0.877515
SIM09209,11.148474,1.96613442,2.22219463,0.132922,SN II,0.5800,0.046629
SIM09210,2.629477,0.13279098,0.17043060,0.270947,SN II,0.5800,0.205339
SIM09211,21.061412,0.94502494,0.70155339,-0.323456,SN II,0.5800,0.601153
SIM09212,30.485437,1.12182450,1.27817609,0.141664,SN II,0.5800,0.926186
SIM09213,42.208889,1.72527731,1.88565278,0.096507,SN II,0.5800,0.324635
SIM09214,44.439124,2.63643555,3.32912215,0.253281,SN II,0.5800,0.893926
SIM09215,11.387170,1.09997249,0.99305015,-0.111027,SN II,0.5800,0.468879
SIM09216,27.768335,4.85306589,5.96338319,0.223691,SN II,0.5800,0.132169
SIM09217,42.646896,2.52118559,2.57350978,0.022303,SN II,0.5800,0.519303
SIM09218,11.317878,1.23322164,1.52975509,0.233952,SN II,0.5800,0.843536
SIM09219,34.563181,1.78467948,1.56389742,-0.143380,SN II,0.5800,0.863840
SIM09220,32.569654,3.89921522,5.13548286,0.299010,AGN flare,0.6700,0.034655
SIM09221,36.769010,5.27894793,4.01453558,-0.297280,AGN flare,0.6700,0.452387
SIM09222,30.008488,7.33471678,6.76848502,-0.087230,AGN flare,0.6700,0.384275
SIM09223,7.462348,0.55076012,0.76576161,0.357828,SN II,0.5800,0.596908
SIM09224,22.229357,4.49453557,5.75381043,0.268177,SN Ia,0.9100,0.461465
SIM09225,16.926702,3.91374099,4.04132543,0.034829,SN Ia,0.9100,0.222644
SIM09226,4.188400,0.40175605,0.36968129,-0.090337,SN II,0.5800,0.383599
SIM09227,20.166593,3.89407540,3.73193903,-0.046175,SN Ia,0.9100,0.533986
SIM09228,6.135078,0.31849032,0.37115679,0.166153,SN II,0.5800,0.208728
SIM09229,8.189587,1.36305924,1.17070714,-0.165166,SN II,0.5800,0.682139
SIM09230,16.570743,2.05232223,2.30683882,0.126929,SN Ia,0.9100,0.207705
SIM09231,11.798607,0.25367275,0.24698655,-0.029001,SN II,0.5800,0.749490
SIM09232,28.297442,4.47383674,3.95434777,-0.134013,SN II,0.5800,0.434213
SIM09233,7.554931,0.74801124,0.70573098,-0.063172,SN II,0.5800,0.053564
SIM09234,25.440176,2.94636124,3.17793656,0.082148,SN II,0.5800,0.529202
SIM09235,5.462932,0.65934136,0.76132261,0.156146,SN II,0.5800,0.064113
SIM09236,12.137372,1.63406634,1.97909683,0.207993,SN Ia,0.9100,0.854622
SIM09237,33.660028,1.59822981,1.66207977,0.042532,SN II,0.5800,0.653263
SIM09238,22.893457,1.50075922,1.84442668,0.223876,SN Ia,0.9100,0.085368
SIM09239,18.879940,3.46916725,4.28940887,0.230431,SN Ia,0.9100,0.633681
SIM09240,38.602224,3.81540086,3.59855286,-0.063531,SN II,0.5800,0.652749
SIM09241,13.572382,3.18021077,2.35991228,-0.323900,SN II,0.5800,0.405972
SIM09242,8.995127,0.54400470,0.68974775,0.257719,SN II,0.5800,0.048942
SIM09243,23.746922,1.69844747,2.18997464,0.275967,SN Ia,0.9100,0.258849
SIM09244,15.920778,1.26122350,1.62793841,0.277115,SN Ia,0.9100,0.128402
SIM09245,28.872659,2.71431366,2.90503934,0.073730,SN II,0.5800,0.205710
SIM09246,31.582504,3.81253863,3.14614778,-0.208588,SN II,0.5800,0.870974
SIM09247,21.820408,1.92754915,1.40429695,-0.343866,SN II,0.5800,0.923547
SIM09248,7.802926,0.79591081,0.77825061,-0.024362,SN II,0.5800,0.289289
SIM09249,21.197551,4.32510295,4.90604734,0.136838,SN Ia,0.9100,0.036552
SIM09250,12.655661,1.30839882,1.03612027,-0.253325,SN II,0.5800,0.867526
SIM09251,12.846099,1.13658846,0.95566397,-0.188245,SN Ia,0.9100,0.235303
SIM09252,27.521599,3.13732152,3.45590129,0.105006,SN II,0.5800,0.202344
SIM09253,6.568538,0.88507317,0.71398937,-0.233219,SN II,0.5800,0.355256
SIM09254,37.958778,4.17215022,5.70559905,0.339853,AGN flare,0.6700,0.282852
SIM09255,3.320607,0.14520396,0.18957779,0.289523,SN II,0.5800,0.734216
SIM09256,32.906225,1.15367506,1.47105926,0.263867,SN II,0.5800,0.255931
SIM09257,18.054855,2.90132049,3.47489293,0.195864,SN Ia,0.9100,0.250254
SIM09258,9.868682,0.96769979,0.93922890,-0.032423,SN II,0.5800,0.497653
SIM09259,16.567869,3.29011690,3.99164761,0.209852,SN Ia,0.9100,0.001002
SIM09260,34.941191,5.38020128,7.18763584,0.314469,AGN flare,0.6700,0.272181
SIM09261,34.014957,1.98755443,1.45991696,-0.334977,SN II,0.5800,0.980729
SIM09262,36.120098,3.51331137,3.61535741,0.031086,SN II,0.5800,0.018966
SIM09263,10.887843,0.98288573,1.13134992,0.152735,SN II,0.5800,0.219369
SIM09264,6.523988,0.56835669,0.57575191,0.014036,SN II,0.5800,0.632682
SIM09265,9.978574,0.71578973,0.64411200,-0.114560,SN II,0.5800,0.356107
SIM09266,1.383939,0.02511037,0.01843984,-0.335240,kilonova,0.7200,0.641989
SIM09267,3.850018,0.26551818,0.35147783,0.304509,SN II,0.5800,0.343588
SIM09268,43.052823,6.05790390,8.08370015,0.313220,AGN flare,0.6700,0.748848
SIM09269,31.517999,4.11369181,3.73738668,-0.104159,AGN flare,0.6700,0.871729
SIM09270,6.073266,0.33167067,0.39638338,0.193521,SN II,0.5800,0.955321
SIM09271,39.436668,5.11212118,6.18271919,0.206446,AGN flare,0.6700,0.237484
SIM09272,20.529739,1.55542701,1.86548623,0.197356,SN Ia,0.9100,0.983518
SIM09273,27.188171,4.24456767,3.13628072,-0.328546,SN II,0.5800,0.643898
SIM09274,36.978433,1.59132797,1.81373304,0.142034,SN II,0.5800,0.564239
SIM09275,15.825552,0.54711489,0.53400060,-0.026342,SN Ia,0.9100,0.966260
SIM09276,23.386207,1.75974870,1.43234802,-0.223505,SN II,0.5800,0.266893
SIM09277,42.141997,3.18072066,3.39521427,0.070854,SN II,0.5800,0.289785
SIM09278,23.179440,5.73224977,7.60320849,0.306679,SN Ia,0.9100,0.106952
SIM09279,40.132214,0.73647857,0.56199646,-0.293566,SN II,0.5800,0.112172
SIM09280,4.042823,0.16782914,0.14699305,-0.143926,SN II,0.5800,0.169230
SIM09281,42.947103,2.01069398,2.34487801,0.166936,SN II,0.5800,0.236305
SIM09282,41.364968,5.05469234,3.80533587,-0.308254,AGN flare,0.6700,0.852240
SIM09283,14.529231,1.70905164,2.36174557,0.351195,SN Ia,0.9100,0.410330
SIM09284,33.618055,2.15351286,2.72427444,0.255258,SN II,0.5800,0.962510
SIM09285,32.736549,1.52673908,1.93908494,0.259580,SN II,0.5800,0.976088
SIM09286,6.730788,0.80189820,0.58069108,-0.350435,SN II,0.5800,0.104999
SIM09287,41.479214,1.25225550,1.71114554,0.338985,SN II,0.5800,0.492265
SIM09288,18.438624,2.49528167,2.57400277,0.033724,SN Ia,0.9100,0.338193
SIM09289,27.081130,2.25473155,2.97561381,0.301204,SN II,0.5800,0.470928
SIM09290,44.272212,5.28486594,4.84442645,-0.094479,AGN flare,0.6700,0.843070
SIM09291,41.286570,6.52215592,5.54328680,-0.176560,AGN flare,0.6700,0.125057
SIM09292,10.097564,0.95578875,1.10682545,0.159293,SN II,0.5800,0.364199
SIM09293,20.743652,1.45529665,1.85043461,0.260806,SN Ia,0.9100,0.349379
SIM09294,34.033820,1.92577739,2.42799927,0.251606,SN II,0.5800,0.061910
SIM09295,31.510120,1.55983133,1.55288481,-0.004846,SN II,0.5800,0.009061
SIM09296,33.048382,3.29776003,2.43492863,-0.329332,SN II,0.5800,0.127206
SIM09297,33.802534,3.95353417,4.87447881,0.227357,AGN flare,0.6700,0.314324
SIM09298,1.992691,0.05386746,0.07068577,0.295014,SN II,0.5800,0.600260
SIM09299,43.426532,5.28773781,5.01154862,-0.058245,AGN flare,0.6700,0.896195
SIM09300,12.554033,0.54936294,0.49828424,-0.105956,SN Ia,0.9100,0.388997
SIM09301,29.077428,4.69494524,6.17982915,0.298365,SN II,0.5800,0.319070
SIM09302,9.060603,1.02160618,1.04050342,0.019900,SN II,0.5800,0.432245
SIM09303,30.147749,2.66753865,2.54040781,-0.053018,SN II,0.5800,0.691387
SIM09304,21.571034,3.84204105,4.27637278,0.116284,SN Ia,0.9100,0.787452
SIM09305,10.566302,1.39457547,1.30967461,-0.068197,SN II,0.5800,0.627966
SIM09306,14.585218,0.97801618,1.14395041,0.170153,SN Ia,0.9100,0.598854
SIM09307,8.799366,1.44243279,1.01811355,-0.378248,SN II,0.5800,0.226762
SIM09308,18.379724,4.14889790,3.77670699,-0.102049,SN Ia,0.9100,0.473155
SIM09309,13.536256,0.68242210,0.57148072,-0.192629,SN Ia,0.9100,0.847005
SIM09310,29.270166,1.81185894,2.43303411,0.320060,SN II,0.5800,0.293196
SIM09311,39.664770,5.78726677,4.56103733,-0.258525,AGN flare,0.6700,0.215774
SIM09312,22.540952,2.35273000,2.54820775,0.086657,SN Ia,0.9100,0.014197
SIM09313,39.500217,2.31601504,3.21162435,0.354958,SN II,0.5800,0.015239
SIM09314,12.112475,1.89545535,2.50837006,0.304195,SN Ia,0.9100,0.547559
SIM09315,21.656447,4.16168038,3.52595285,-0.179981,SN Ia,0.9100,0.458967
SIM09316,20.248926,2.04921564,1.88848514,-0.088685,SN Ia,0.9100,0.726363
SIM09317,8.077025,1.17454654,0.88961163,-0.301674,SN II,0.5800,0.169665
SIM09318,17.757596,1.46553387,1.55230826,0.062455,SN Ia,0.9100,0.247591
SIM09319,27.168964,6.22480794,6.38609668,0.027774,SN II,0.5800,0.129356
SIM09320,33.980479,1.81031286,2.51814492,0.358318,SN II,0.5800,0.780889
SIM09321,13.841663,1.49563457,2.00379536,0.317570,SN Ia,0.9100,0.828704
SIM09322,38.785007,2.89224603,3.10591700,0.077387,SN II,0.5800,0.142038
SIM09323,30.215781,4.64146247,4.78112099,0.032187,AGN flare,0.6700,0.070270
SIM09324,35.667721,2.38981481,1.70777259,-0.364836,SN II,0.5800,0.679836
SIM09325,34.063768,7.26850439,6.27440310,-0.159682,AGN flare,0.6700,0.706345
SIM09326,5.782069,0.32657056,0.34040573,0.045050,SN II,0.5800,0.345549
SIM09327,11.006156,1.91578505,1.61219844,-0.187321,SN II,0.5800,0.261691
SIM09328,11.253114,0.69649101,0.64563475,-0.082322,SN II,0.5800,0.588800
SIM09329,43.830440,4.62814797,5.82852167,0.250378,AGN flare,0.6700,0.442906
SIM09330,1.152184,0.00571552,0.00631626,0.108511,kilonova,0.7200,0.501811
SIM09331,10.948048,0.52909120,0.37973444,-0.360126,SN II,0.5800,0.891947
SIM09332,17.116342,2.53265154,3.40160316,0.320271,SN Ia,0.9100,0.658408
SIM09333,1.975937,0.02793276,0.03350073,0.197351,SN II,0.5800,0.034971
SIM09334,34.899888,3.82090112,4.80485780,0.248787,AGN flare,0.6700,0.788444
SIM09335,44.453086,3.80976386,2.81768381,-0.327515,SN II,0.5800,0.189562
SIM09336,4.611208,0.45185358,0.41932870,-0.081108,SN II,0.5800,0.733913
SIM09337,41.734675,0.93724823,0.97371011,0.041438,SN II,0.5800,0.053068
SIM09338,23.960264,2.01579931,2.12992223,0.059791,SN Ia,0.9100,0.272636
SIM09339,1.097001,0.00936117,0.00766364,-0.217237,kilonova,0.7200,0.593071
SIM09340,25.130453,5.23407511,4.96786552,-0.056675,SN II,0.5800,0.995413
SIM09341,30.973907,6.60598620,4.70910519,-0.367498,AGN flare,0.6700,0.887393
SIM09342,21.239309,2.35394137,1.91273841,-0.225350,SN II,0.5800,0.501375
SIM09343,26.692281,3.17631023,4.21904040,0.308227,SN II,0.5800,0.562266
SIM09344,27.684200,4.46836810,6.23502348,0.361723,SN II,0.5800,0.353975
SIM09345,13.256018,3.10145428,3.00852055,-0.033031,SN Ia,0.9100,0.847765
SIM09346,24.118448,2.66899925,2.88592436,0.084841,SN Ia,0.9100,0.114260
SIM09347,22.723300,5.04828340,4.89342820,-0.033826,SN Ia,0.9100,0.536030
SIM09348,35.684385,3.97147373,4.94068043,0.237088,AGN flare,0.6700,0.687334
SIM09349,38.207054,4.88547464,5.12330640,0.051609,AGN flare,0.6700,0.976002
SIM09350,22.263765,6.06470967,8.40172509,0.353896,SN Ia,0.9100,0.390126
SIM09351,20.553859,2.22009757,2.14621587,-0.036747,SN Ia,0.9100,0.868689
SIM09352,5.100984,0.56571615,0.68738587,0.211505,SN II,0.5800,0.712931
SIM09353,35.515116,7.34802693,6.48580370,-0.135517,AGN flare,0.6700,0.870348
SIM09354,38.901872,4.70486531,4.79822140,0.021333,AGN flare,0.6700,0.376125
SIM09355,15.363468,0.79962893,0.67762446,-0.179749,SN Ia,0.9100,0.023043
SIM09356,27.788855,4.37998747,4.40975079,0.007353,SN II,0.5800,0.058739
SIM09357,35.187439,4.52969692,4.33662927,-0.047292,AGN flare,0.6700,0.845926
SIM09358,3.667567,0.13360974,0.13432910,0.005830,SN II,0.5800,0.750013
SIM09359,23.325021,3.14077180,2.92672349,-0.076637,SN Ia,0.9100,0.105851
SIM09360,43.799229,3.99546865,3.13218226,-0.264302,SN II,0.5800,0.065168
SIM09361,31.594641,1.42302260,1.18149797,-0.201947,SN II,0.5800,0.718236
SIM09362,5.795579,0.08401331,0.09453028,0.128057,SN II,0.5800,0.907418
SIM09363,2.223063,0.04551179,0.05459448,0.197562,SN II,0.5800,0.468857
SIM09364,32.530595,3.76672414,2.90449780,-0.282232,SN II,0.5800,0.669176
SIM09365,6.281612,0.45399845,0.48795355,0.078310,SN II,0.5800,0.052001
SIM09366,27.037069,1.42194738,1.85161050,0.286665,SN II,0.5800,0.414558
SIM09367,28.979796,4.50696832,3.82289367,-0.178731,SN II,0.5800,0.242002
SIM09368,16.488389,1.69246313,1.49627940,-0.133766,SN Ia,0.9100,0.962908
SIM09369,24.748540,1.96788845,2.64762208,0.322139,SN Ia,0.9100,0.430764
SIM09370,18.188326,3.50104350,4.24188198,0.208403,SN Ia,0.9100,0.424359
SIM09371,24.349081,3.20383413,4.37937483,0.339355,SN Ia,0.9100,0.188488
SIM09372,36.596955,1.93778734,1.89816334,-0.022431,SN II,0.5800,0.201371
SIM09373,34.098124,5.21274678,5.55652840,0.069342,AGN flare,0.6700,0.771076
SIM09374,13.790151,1.25268846,1.07246109,-0.168654,SN Ia,0.9100,0.184191
SIM09375,14.463987,1.73658823,1.57509163,-0.105978,SN Ia,0.9100,0.077126
SIM09376,12.127750,0.95654869,1.00947013,0.058466,SN Ia,0.9100,0.232364
SIM09377,2.930187,0.22060389,0.26605248,0.203385,SN II,0.5800,0.658607
SIM09378,21.724477,5.69031462,7.18322965,0.252959,SN Ia,0.9100,0.908659
SIM09379,40.134290,1.61083555,1.21887152,-0.302733,SN II,0.5800,0.497024
SIM09380,39.619812,2.26583781,2.86830033,0.255990,SN II,0.5800,0.053615
SIM09381,24.482120,6.76128072,8.35952772,0.230382,SN Ia,0.9100,0.472742
SIM09382,22.244247,4.66946043,4.12258553,-0.135243,SN Ia,0.9100,0.559525
SIM09383,31.773098,2.21090732,2.88559850,0.289163,SN II,0.5800,0.452125
SIM09384,43.585884,3.96337833,4.40135737,0.113803,AGN flare,0.6700,0.259263
SIM09385,22.679946,4.15085185,4.83476823,0.165596,SN Ia,0.9100,0.750384
SIM09386,33.168432,3.89328794,3.82254805,-0.019909,SN II,0.5800,0.639580
SIM09387,24.717901,2.79396269,2.67802670,-0.046014,SN Ia,0.9100,0.740154
SIM09388,33.134416,6.40720317,5.52009585,-0.161805,AGN flare,0.6700,0.899331
SIM09389,22.544069,6.11915282,6.68432072,0.095915,SN Ia,0.9100,0.396390
SIM09390,2.553783,0.05356565,0.04554744,-0.176056,kilonova,0.7200,0.173225
SIM09391,32.715714,1.87531616,2.16555231,0.156235,SN II,0.5800,0.995936
SIM09392,29.628704,2.70131181,2.30176447,-0.173785,SN II,0.5800,0.020660
SIM09393,41.011036,1.07858053,1.39258291,0.277421,SN II,0.5800,0.849174
SIM09394,13.442668,1.72291161,1.89206072,0.101680,SN Ia,0.9100,0.947439
SIM09395,1.304183,0.01599519,0.01575869,-0.016173,kilonova,0.7200,0.894576
SIM09396,20.858164,2.69396665,3.72105688,0.350685,SN Ia,0.9100,0.895783
SIM09397,21.379394,2.83677368,2.65259761,-0.072883,SN Ia,0.9100,0.813553
SIM09398,31.393804,2.61780357,3.58121767,0.340234,SN II,0.5800,0.623291
SIM09399,5.677279,0.33648345,0.37280009,0.111281,SN II,0.5800,0.694705
SIM09400,14.984521,3.39206050,3.10922696,-0.094528,SN Ia,0.9100,0.117882
SIM09401,38.632105,5.52192104,4.66172575,-0.183859,AGN flare,0.6700,0.858489
SIM09402,43.709895,2.33330799,1.99324589,-0.171028,SN II,0.5800,0.697017
SIM09403,40.622493,5.31316899,4.03814194,-0.297930,AGN flare,0.6700,0.633805
SIM09404,18.740010,4.74403333,5.32280495,0.124982,SN Ia,0.9100,0.589334
SIM09405,21.634217,2.46564447,1.84032896,-0.317587,SN II,0.5800,0.935576
SIM09406,19.864085,2.50446337,3.07194779,0.221748,SN Ia,0.9100,0.147485
SIM09407,12.447155,2.39625551,2.46532706,0.030854,SN Ia,0.9100,0.129238
SIM09408,29.226885,1.71155943,2.08495150,0.214260,SN II,0.5800,0.625299
SIM09409,23.373944,5.08875880,6.37081753,0.243958,SN Ia,0.9100,0.838822
SIM09410,19.307189,5.21063952,3.90995929,-0.311797,SN II,0.5800,0.002911
SIM09411,14.943074,0.76242378,1.04201831,0.339197,SN Ia,0.9100,0.284659
SIM09412,41.407016,6.11582180,7.48799038,0.219776,AGN flare,0.6700,0.816287
SIM09413,2.680478,0.08430766,0.09733907,0.156050,SN II,0.5800,0.800096
SIM09414,11.114597,0.39954032,0.52207315,0.290427,SN II,0.5800,0.345611
SIM09415,42.263118,5.74215846,7.73810030,0.323898,AGN flare,0.6700,0.700555
SIM09416,39.051911,6.97610184,5.41788243,-0.274458,AGN flare,0.6700,0.414910
SIM09417,1.453933,0.02026824,0.01965107,-0.033575,kilonova,0.7200,0.595842
SIM09418,36.901387,2.00991250,2.65246066,0.301179,SN II,0.5800,0.170146
SIM09419,16.728023,1.18662650,1.20744843,0.018886,SN Ia,0.9100,0.351357
SIM09420,2.764401,0.08086961,0.10187684,0.250725,SN II,0.5800,0.942771
SIM09421,17.210131,1.86031027,1.67561577,-0.113527,SN Ia,0.9100,0.262708
SIM09422,14.770305,1.28631938,1.46239710,0.139291,SN Ia,0.9100,0.179321
SIM09423,14.636509,0.78681407,0.84828580,0.081675,SN Ia,0.9100,0.671689
SIM09424,43.791692,3.93632694,4.39323945,0.119234,AGN flare,0.6700,0.531761
SIM09425,34.852881,2.41780013,1.82705083,-0.304174,SN II,0.5800,0.000262
SIM09426,28.306384,5.58454256,5.12393073,-0.093461,SN II,0.5800,0.648242
SIM09427,21.775051,4.89356819,4.84630272,-0.010538,SN Ia,0.9100,0.845892
SIM09428,25.421158,5.92972489,5.87908320,-0.009312,SN II,0.5800,0.164633
SIM09429,25.384919,2.73903326,2.16276137,-0.256472,SN II,0.5800,0.904574
SIM09430,35.165384,0.97703799,1.35113256,0.351966,SN II,0.5800,0.805612
SIM09431,43.073969,3.30295927,3.33801714,0.011463,SN II,0.5800,0.508810
SIM09432,29.991165,2.26805966,2.81655723,0.235160,SN II,0.5800,0.731088
SIM09433,36.268011,6.77772418,5.58267545,-0.210604,AGN flare,0.6700,0.108237
SIM09434,29.302627,2.94168253,3.82128750,0.284035,SN II,0.5800,0.195945
SIM09435,3.016322,0.07458793,0.08444623,0.134779,SN II,0.5800,0.641757
SIM09436,18.142659,4.46959381,5.89084169,0.299773,SN Ia,0.9100,0.614088
SIM09437,20.019329,1.53137543,1.92638481,0.249153,SN Ia,0.9100,0.937124
SIM09438,24.062329,1.18003498,1.36939172,0.161582,SN Ia,0.9100,0.174334
SIM09439,32.536744,3.53608642,3.65520803,0.035973,SN II,0.5800,0.653755
SIM09440,33.397758,1.56730677,2.14721197,0.341802,SN II,0.5800,0.887900
SIM09441,37.039044,4.89475405,3.50258667,-0.363355,AGN flare,0.6700,0.633080
SIM09442,18.553106,1.62334590,1.60809964,-0.010245,SN Ia,0.9100,0.090301
SIM09443,35.002359,5.86593342,6.62364145,0.131899,AGN flare,0.6700,0.631879
SIM09444,17.350166,1.54074662,1.60620337,0.045173,SN Ia,0.9100,0.957082
SIM09445,34.900735,1.95540051,2.01063657,0.030245,SN II,0.5800,0.088913
SIM09446,27.617704,3.45099676,4.27177783,0.231660,SN II,0.5800,0.677372
SIM09447,33.371701,1.89853819,2.61205691,0.346408,SN II,0.5800,0.946179
SIM09448,32.840144,2.51266371,2.33208303,-0.080976,SN II,0.5800,0.049662
SIM09449,13.855167,2.57273595,3.38752791,0.298719,SN Ia,0.9100,0.970596
SIM09450,35.957236,2.21379094,2.73106869,0.227990,SN II,0.5800,0.470772
SIM09451,31.230856,3.20076261,2.48657184,-0.274131,SN II,0.5800,0.405361
SIM09452,29.641858,4.23374659,3.24238300,-0.289651,SN II,0.5800,0.051890
SIM09453,43.897081,3.29927474,3.36353005,0.020942,SN II,0.5800,0.546118
SIM09454,16.280848,4.04300919,3.00573073,-0.321887,SN II,0.5800,0.628375
SIM09455,40.475908,4.21774586,5.00736415,0.186322,AGN flare,0.6700,0.464920
SIM09456,32.446810,2.03360229,1.48561510,-0.340899,SN II,0.5800,0.666593
SIM09457,32.958729,2.44796212,2.55275271,0.045510,SN II,0.5800,0.193520
SIM09458,6.663062,0.76272901,0.77085512,0.011506,SN II,0.5800,0.887575
SIM09459,19.901514,2.35079438,2.94218466,0.243638,SN Ia,0.9100,0.528181
SIM09460,18.516790,4.94552182,5.46592542,0.108629,SN Ia,0.9100,0.577384
SIM09461,28.158051,1.69315879,1.34782369,-0.247662,SN II,0.5800,0.049895
SIM09462,4.859489,0.21097260,0.22095791,0.050209,SN II,0.5800,0.939540
SIM09463,32.391885,0.89533268,0.76796924,-0.166602,SN II,0.5800,0.248196
SIM09464,24.082901,3.74596333,3.98840099,0.068088,SN Ia,0.9100,0.235254
SIM09465,31.161480,2.82948430,3.12657890,0.108405,SN II,0.5800,0.846786
SIM09466,23.960778,4.64476129,3.48491142,-0.311929,SN II,0.5800,0.086410
SIM09467,26.673417,1.67547006,1.80548013,0.081140,SN II,0.5800,0.879176
SIM09468,25.665438,6.87321680,7.71960153,0.126087,SN II,0.5800,0.383583
SIM09469,29.501589,1.34146313,1.59611774,0.188715,SN II,0.5800,0.329271
SIM09470,11.636027,0.49580261,0.66205419,0.313962,SN II,0.5800,0.845530
SIM09471,34.856781,3.68736214,3.37724059,-0.095384,SN II,0.5800,0.384311
SIM09472,31.686579,3.21611037,4.11275823,0.267006,AGN flare,0.6700,0.945735
SIM09473,24.135759,1.30870587,1.40480221,0.076933,SN Ia,0.9100,0.214546
SIM09474,30.691476,3.39409426,3.60364665,0.065046,SN II,0.5800,0.235850
SIM09475,35.736327,3.81537626,2.90197238,-0.297110,SN II,0.5800,0.334415
SIM09476,34.240789,3.63389399,2.91570606,-0.239071,SN II,0.5800,0.241633
SIM09477,33.699722,3.01860366,4.02250305,0.311726,AGN flare,0.6700,0.117995
SIM09478,18.193002,2.13260137,1.73334864,-0.225059,SN II,0.5800,0.078454
SIM09479,26.980776,4.40050376,4.91055043,0.119069,SN II,0.5800,0.113801
SIM09480,35.445331,5.19555034,5.83857478,0.126688,AGN flare,0.6700,0.926570
SIM09481,40.325216,1.19382445,1.51696942,0.260091,SN II,0.5800,0.254850
SIM09482,8.094794,1.42573490,1.37778516,-0.037143,SN II,0.5800,0.438763
SIM09483,9.543460,2.21008052,2.55377495,0.156936,SN II,0.5800,0.712969
SIM09484,23.616940,4.13824201,5.16141405,0.239882,SN Ia,0.9100,0.340793
SIM09485,19.616225,1.57659517,1.58628935,0.006656,SN Ia,0.9100,0.438143
SIM09486,4.676046,0.62110953,0.50897877,-0.216171,SN II,0.5800,0.401741
SIM09487,33.643647,2.56587610,3.40447476,0.307036,SN II,0.5800,0.865864
SIM09488,17.614814,1.21884374,1.57409964,0.277710,SN Ia,0.9100,0.850018
SIM09489,35.578903,1.58911200,2.18790201,0.347183,SN II,0.5800,0.008163
SIM09490,12.048335,1.34750027,1.21259110,-0.114536,SN Ia,0.9100,0.266020
SIM09491,17.853187,2.41442145,2.15050249,-0.125683,SN Ia,0.9100,0.938879
SIM09492,4.888800,0.49576392,0.42469660,-0.167990,SN II,0.5800,0.768957
SIM09493,12.342414,1.89719872,1.37222471,-0.351719,SN II,0.5800,0.124373
SIM09494,31.472420,3.59373751,2.80190000,-0.270234,SN II,0.5800,0.814744
SIM09495,30.207742,1.80391318,1.54436272,-0.168666,SN II,0.5800,0.033524
SIM09496,14.191755,1.43776248,1.11698983,-0.274095,SN II,0.5800,0.561922
SIM09497,32.280493,2.74008435,1.93015167,-0.380431,SN II,0.5800,0.443877
SIM09498,8.525649,0.92598366,1.24455124,0.321024,SN II,0.5800,0.536931
SIM09499,42.057300,3.04036291,3.93783292,0.280830,SN II,0.5800,0.340695
SIM09500,43.194429,1.49642478,1.29881775,-0.153767,SN II,0.5800,0.326543
SIM09501,8.075269,1.44453399,1.33395273,-0.086468,SN II,0.5800,0.008757
SIM09502,12.610658,2.07043935,1.82791904,-0.135264,SN Ia,0.9100,0.698263
SIM09503,40.421946,2.01014140,2.39888238,0.191956,SN II,0.5800,0.194807
SIM09504,19.076240,3.33757033,4.19500357,0.248255,SN Ia,0.9100,0.797241
SIM09505,29.244301,1.81658576,1.54561903,-0.175384,SN II,0.5800,0.012137
SIM09506,7.189449,0.23175857,0.26743128,0.155441,SN II,0.5800,0.357718
SIM09507,1.014716,0.00902081,0.01074950,0.190357,SN II,0.5800,0.776901
SIM09508,5.308952,0.20813715,0.16394033,-0.259160,SN II,0.5800,0.469581
SIM09509,5.336433,0.18850895,0.22868270,0.209753,SN II,0.5800,0.553017
SIM09510,17.301222,1.20724500,1.64008830,0.332680,SN Ia,0.9100,0.386929
SIM09511,10.806639,0.89851770,1.13768389,0.256237,SN II,0.5800,0.218543
SIM09512,30.048710,0.69913815,0.86290929,0.228505,SN II,0.5800,0.924725
SIM09513,15.041216,2.24805503,3.07776571,0.341072,SN Ia,0.9100,0.244377
SIM09514,32.730518,1.14015364,0.95229389,-0.195481,SN II,0.5800,0.466539
SIM09515,41.284638,2.22268577,2.16959818,-0.026247,SN II,0.5800,0.579624
SIM09516,22.692327,3.28890772,2.98338332,-0.105857,SN Ia,0.9100,0.741197
SIM09517,27.476408,4.44895185,4.46027382,0.002760,SN II,0.5800,0.254987
SIM09518,41.489560,6.65306741,7.90615718,0.187359,AGN flare,0.6700,0.271948
SIM09519,32.992162,2.98209735,3.99614956,0.317800,SN II,0.5800,0.681627
SIM09520,8.335728,0.58959179,0.60983843,0.036658,SN II,0.5800,0.275954
SIM09521,4.736509,0.19117406,0.23614874,0.229392,SN II,0.5800,0.088549
SIM09522,42.628671,2.35465953,3.26649067,0.355383,SN II,0.5800,0.496829
SIM09523,2.914457,0.08701531,0.08342700,-0.045723,kilonova,0.7200,0.970473
SIM09524,29.842879,2.49729529,2.15902194,-0.158032,SN II,0.5800,0.565063
SIM09525,1.258971,0.01975356,0.01964381,-0.006049,kilonova,0.7200,0.145223
SIM09526,9.149675,1.64862151,1.25955031,-0.292264,SN II,0.5800,0.504215
SIM09527,2.084914,0.07236984,0.07876855,0.091988,kilonova,0.7200,0.135276
SIM09528,38.502990,3.30803666,3.62104492,0.098159,SN II,0.5800,0.082595
SIM09529,21.633082,0.88018765,0.93146789,0.061482,SN Ia,0.9100,0.635315
SIM09530,21.541131,1.74756388,1.22762966,-0.383414,SN II,0.5800,0.524860
SIM09531,39.575171,3.61857711,3.43485400,-0.056574,SN II,0.5800,0.944905
SIM09532,34.958851,0.96741281,1.03045760,0.068546,SN II,0.5800,0.757691
SIM09533,12.923988,1.61345599,1.81363221,0.126980,SN Ia,0.9100,0.506163
SIM09534,10.242940,0.55945944,0.52958532,-0.059582,SN II,0.5800,0.208496
SIM09535,1.528467,0.04445171,0.04847753,0.094130,kilonova,0.7200,0.911053
SIM09536,28.719793,2.07571006,2.66538848,0.271485,SN II,0.5800,0.868908
SIM09537,7.172038,0.67458214,0.51627587,-0.290383,SN II,0.5800,0.356760
SIM09538,38.356955,1.33279559,1.59504987,0.195027,SN II,0.5800,0.190701
SIM09539,35.942186,1.53341963,2.01338244,0.295663,SN II,0.5800,0.341038
SIM09540,16.107607,1.33731628,1.01870184,-0.295468,SN II,0.5800,0.700120
SIM09541,43.496846,2.77427506,2.72177649,-0.020743,SN II,0.5800,0.612763
SIM09542,3.723435,0.23516380,0.22347088,-0.055374,SN II,0.5800,0.985826
SIM09543,10.807975,0.51983606,0.71136165,0.340560,SN II,0.5800,0.117119
SIM09544,29.622879,2.40782016,2.37338397,-0.015640,SN II,0.5800,0.911477
SIM09545,37.614524,2.66042065,3.09488095,0.164234,SN II,0.5800,0.960264
SIM09546,20.792090,2.70561238,2.94686463,0.092737,SN Ia,0.9100,0.483336
SIM09547,38.073839,1.96114219,1.67349572,-0.172211,SN II,0.5800,0.454103
SIM09548,7.841519,0.40282375,0.35127454,-0.148671,SN II,0.5800,0.459392
SIM09549,14.484138,1.60160621,1.46060912,-0.100054,SN Ia,0.9100,0.136985
SIM09550,2.055276,0.07812807,0.09742854,0.239698,SN II,0.5800,0.065342
SIM09551,24.294125,3.48327429,2.98416602,-0.167912,SN Ia,0.9100,0.191364
SIM09552,10.392441,1.31820948,1.71446468,0.285360,SN II,0.5800,0.374762
SIM09553,10.234302,1.33575833,1.61614974,0.206884,SN II,0.5800,0.975524
SIM09554,38.761298,5.51481693,4.70536019,-0.172346,AGN flare,0.6700,0.905947
SIM09555,25.307615,2.49242547,3.42847384,0.346197,SN II,0.5800,0.351887
SIM09556,29.114939,1.42281222,1.70153806,0.194235,SN II,0.5800,0.611934
SIM09557,17.212367,1.27861331,1.36602922,0.071802,SN Ia,0.9100,0.532964
SIM09558,24.306488,4.24694109,5.54421161,0.289409,SN Ia,0.9100,0.668300
SIM09559,22.283238,2.78436813,3.55157963,0.264237,SN Ia,0.9100,0.477360
SIM09560,8.311267,0.52737568,0.67183343,0.262854,SN II,0.5800,0.616226
SIM09561,30.799703,3.58413051,3.57289989,-0.003407,SN II,0.5800,0.276839
SIM09562,19.712329,1.44306350,1.14470446,-0.251480,SN II,0.5800,0.430338
SIM09563,30.417971,6.63042609,7.03980824,0.065048,AGN flare,0.6700,0.974933
SIM09564,29.881401,1.96226827,1.41442759,-0.355444,SN II,0.5800,0.339219
SIM09565,22.884025,2.37472100,1.96247091,-0.207023,SN II,0.5800,0.714427
SIM09566,3.926164,0.17131866,0.12056272,-0.381479,SN II,0.5800,0.202995
SIM09567,26.487752,2.54162853,2.43403625,-0.046963,SN II,0.5800,0.776220
SIM09568,2.706080,0.13579220,0.11514369,-0.179087,kilonova,0.7200,0.757650
SIM09569,3.048359,0.09936086,0.12400597,0.240568,SN II,0.5800,0.626919
SIM09570,1.831509,0.05451322,0.07465223,0.341352,SN II,0.5800,0.625120
SIM09571,2.762954,0.07894864,0.05716708,-0.350497,kilonova,0.7200,0.254648
SIM09572,3.902879,0.14533021,0.11336966,-0.269648,SN II,0.5800,0.458621
SIM09573,41.323099,2.39822978,2.10714618,-0.140490,SN II,0.5800,0.129357
SIM09574,19.288717,1.00272762,1.12200780,0.122032,SN Ia,0.9100,0.431496
SIM09575,38.330641,3.01091849,3.06316520,0.018679,SN II,0.5800,0.911593
SIM09576,35.157411,4.08686973,5.05949074,0.231790,AGN flare,0.6700,0.902835
SIM09577,24.894205,2.32773026,2.56148019,0.103896,SN Ia,0.9100,0.438300
SIM09578,38.027990,2.14005376,2.24945092,0.054130,SN II,0.5800,0.056926
SIM09579,24.131281,4.65225342,3.34555466,-0.357988,SN II,0.5800,0.364789
SIM09580,5.980630,0.26593834,0.33531636,0.251684,SN II,0.5800,0.249044
SIM09581,21.855955,0.66235134,0.87086230,0.297153,SN Ia,0.9100,0.791234
SIM09582,16.991650,3.66075912,3.80262992,0.041282,SN Ia,0.9100,0.165853
SIM09583,35.029400,1.18264294,1.08227205,-0.096293,SN II,0.5800,0.930872
SIM09584,22.123173,2.07268283,2.50668550,0.206417,SN Ia,0.9100,0.926335
SIM09585,6.351498,0.61161882,0.51973560,-0.176746,SN II,0.5800,0.639104
SIM09586,17.157073,2.67622576,1.98292649,-0.325540,SN II,0.5800,0.223917
SIM09587,15.012314,2.94224967,3.41213424,0.160866,SN Ia,0.9100,0.262371
SIM09588,2.444050,0.11412296,0.11890853,0.044600,kilonova,0.7200,0.804176
SIM09589,26.109124,3.41370325,2.71194102,-0.249864,SN II,0.5800,0.622318
SIM09590,17.359173,1.74144873,1.93971613,0.117069,SN Ia,0.9100,0.070888
SIM09591,35.934920,2.33290043,2.55848297,0.100216,SN II,0.5800,0.790219
SIM09592,22.729379,1.94766265,1.51738478,-0.271045,SN II,0.5800,0.280848
SIM09593,41.449653,1.23094652,1.61075862,0.291978,SN II,0.5800,0.677022
SIM09594,7.959753,0.87112332,1.16411645,0.314792,SN II,0.5800,0.796575
SIM09595,20.769702,3.17964852,2.48965242,-0.265601,SN II,0.5800,0.806855
SIM09596,25.882018,1.48301599,1.08661219,-0.337678,SN II,0.5800,0.731052
SIM09597,42.446907,1.96955802,2.37973016,0.205397,SN II,0.5800,0.447671
SIM09598,34.273152,5.25992560,4.57360234,-0.151803,AGN flare,0.6700,0.528093
SIM09599,19.223432,2.45526191,3.40163574,0.353975,SN Ia,0.9100,0.050632
SIM09600,4.249225,0.18964461,0.26435044,0.360599,SN II,0.5800,0.752945
SIM09601,10.829430,0.90971004,0.97777364,0.078338,SN II,0.5800,0.710853
SIM09602,7.022128,0.41334652,0.44698213,0.084940,SN II,0.5800,0.408487
SIM09603,17.689340,3.09820642,2.53109725,-0.219504,SN II,0.5800,0.381738
SIM09604,21.309651,3.05301360,3.28934654,0.080952,SN Ia,0.9100,0.161559
SIM09605,32.112334,2.30620659,1.69879366,-0.331894,SN II,0.5800,0.327196
SIM09606,39.995083,5.68407504,7.17252418,0.252531,AGN flare,0.6700,0.064283
SIM09607,5.151594,0.23604620,0.25063702,0.065121,SN II,0.5800,0.708301
SIM09608,25.047977,5.35754637,6.17757675,0.154631,SN II,0.5800,0.679875
SIM09609,27.427184,3.13538600,2.72646522,-0.151728,SN II,0.5800,0.910514
SIM09610,8.678243,0.95088465,1.32258765,0.358242,SN II,0.5800,0.564774
SIM09611,1.521646,0.02457159,0.01745634,-0.371200,kilonova,0.7200,0.929047
SIM09612,36.037735,3.04799386,2.18408734,-0.361860,SN II,0.5800,0.097894
SIM09613,16.144032,0.59441918,0.57869687,-0.029104,SN Ia,0.9100,0.046671
SIM09614,24.759549,1.44286766,1.08968858,-0.304810,SN II,0.5800,0.379607
SIM09615,37.771205,6.70763238,4.74000807,-0.376975,AGN flare,0.6700,0.465104
SIM09616,21.849724,1.94511983,1.57480654,-0.229298,SN II,0.5800,0.782474
SIM09617,24.961291,1.42382577,1.54212444,0.086656,SN Ia,0.9100,0.748238
SIM09618,11.618301,1.06202598,0.88041820,-0.203615,SN II,0.5800,0.029959
SIM09619,15.026735,1.88760859,1.78240371,-0.062265,SN Ia,0.9100,0.453434
SIM09620,34.973711,2.57722745,2.28515659,-0.130592,SN II,0.5800,0.343663
SIM09621,22.557030,1.90740557,2.04022069,0.073085,SN Ia,0.9100,0.114671
SIM09622,30.747415,3.81727020,4.27588281,0.123182,AGN flare,0.6700,0.248200
SIM09623,14.586513,1.79311732,2.30309406,0.271757,SN Ia,0.9100,0.643594
SIM09624,23.145795,2.63151590,2.61101732,-0.008491,SN Ia,0.9100,0.254195
SIM09625,4.983334,0.27214404,0.27113605,-0.004029,SN II,0.5800,0.895579
SIM09626,16.614568,0.45587519,0.49268076,0.084299,SN Ia,0.9100,0.660659
SIM09627,19.985142,0.73687679,0.64242201,-0.148936,SN Ia,0.9100,0.121221
SIM09628,38.683923,0.76167131,0.76148349,-0.000268,SN II,0.5800,0.845092
SIM09629,8.851193,1.37325916,1.12501462,-0.216486,SN II,0.5800,0.634864
SIM09630,7.388989,0.87258817,1.02459639,0.174359,SN II,0.5800,0.258542
SIM09631,16.009440,1.45224302,1.74848386,0.201556,SN Ia,0.9100,0.763779
SIM09632,18.660656,1.80851492,1.61442149,-0.123263,SN Ia,0.9100,0.635016
SIM09633,39.478281,2.23998927,2.98351393,0.311205,SN II,0.5800,0.597428
SIM09634,18.029386,2.11895302,1.85302100,-0.145602,SN Ia,0.9100,0.849237
SIM09635,4.579060,0.26536466,0.30291346,0.143689,SN II,0.5800,0.453592
SIM09636,16.179997,2.50041556,1.79327524,-0.360913,SN II,0.5800,0.338133
SIM09637,7.287860,0.63644267,0.54466455,-0.169075,SN II,0.5800,0.600379
SIM09638,3.721712,0.31085381,0.21768637,-0.386812,SN II,0.5800,0.027131
SIM09639,26.232679,1.62100467,1.20948448,-0.317960,SN II,0.5800,0.417882
SIM09640,37.866833,2.76791309,2.08851264,-0.305788,SN II,0.5800,0.483289
SIM09641,5.611961,0.42892198,0.46181309,0.080220,SN II,0.5800,0.305161
SIM09642,21.247646,2.52955354,1.94786987,-0.283710,SN II,0.5800,0.222039
SIM09643,15.757757,3.09261733,2.51812813,-0.223121,SN II,0.5800,0.618425
SIM09644,38.878966,5.07333693,6.19268600,0.216463,AGN flare,0.6700,0.492476
SIM09645,36.330366,4.55958721,4.00275919,-0.141415,AGN flare,0.6700,0.589161
SIM09646,39.224154,3.58539206,3.78469326,0.058735,SN II,0.5800,0.811549
SIM09647,19.581282,2.44566258,2.53263691,0.037941,SN Ia,0.9100,0.692918
SIM09648,7.786631,0.40449912,0.33001145,-0.220971,SN II,0.5800,0.460272
SIM09649,43.502089,4.18260087,4.46896292,0.071901,AGN flare,0.6700,0.940499
SIM09650,15.927201,1.36511042,1.54504547,0.134434,SN Ia,0.9100,0.305409
SIM09651,42.929022,3.83412380,4.84934370,0.255042,AGN flare,0.6700,0.512206
SIM09652,6.941312,1.07235980,1.03451174,-0.039013,SN II,0.5800,0.228562
SIM09653,1.882210,0.09904322,0.12454633,0.248765,SN II,0.5800,0.498325
SIM09654,18.173637,0.64663247,0.67685325,0.049593,SN Ia,0.9100,0.391944
SIM09655,8.347934,0.39540512,0.44897793,0.137957,SN II,0.5800,0.099600
SIM09656,3.170436,0.14534405,0.14088600,-0.033824,SN II,0.5800,0.577976
SIM09657,9.263108,0.33616180,0.26308464,-0.266132,SN II,0.5800,0.024588
SIM09658,9.121124,1.09038885,1.16132933,0.068435,SN II,0.5800,0.620631
SIM09659,17.279086,1.28159985,1.18541000,-0.084710,SN Ia,0.9100,0.198786
SIM09660,30.266849,1.03225503,1.22689194,0.187548,SN II,0.5800,0.531765
SIM09661,26.443244,4.57334358,6.16674503,0.324555,SN II,0.5800,0.993375
SIM09662,40.362114,0.89212063,0.83498880,-0.071857,SN II,0.5800,0.213140
SIM09663,37.106655,3.50018608,3.38585847,-0.036056,SN II,0.5800,0.039487
SIM09664,22.089040,1.05670183,1.07253699,0.016150,SN Ia,0.9100,0.849548
SIM09665,3.998979,0.21171037,0.21100582,-0.003619,SN II,0.5800,0.985942
SIM09666,44.342974,2.47369995,2.73355034,0.108450,SN II,0.5800,0.551212
SIM09667,23.950350,4.56268098,6.17783223,0.329040,SN Ia,0.9100,0.494986
SIM09668,19.103274,2.44282474,1.97986525,-0.228142,SN II,0.5800,0.372294
SIM09669,42.843056,2.28281399,2.13966369,-0.070313,SN II,0.5800,0.970673
SIM09670,14.311862,2.69927739,2.70339501,0.001655,SN Ia,0.9100,0.654855
SIM09671,19.326765,5.49691062,4.48181397,-0.221662,SN II,0.5800,0.944045
SIM09672,15.749704,1.65581223,1.35592172,-0.216941,SN II,0.5800,0.135309
SIM09673,9.648236,0.35450679,0.48918257,0.349616,SN II,0.5800,0.176700
SIM09674,14.374119,0.72957896,0.98552012,0.326483,SN Ia,0.9100,0.148009
SIM09675,4.635847,0.40848918,0.46580516,0.142559,SN II,0.5800,0.733090
SIM09676,39.333414,1.81543854,1.36690522,-0.308108,SN II,0.5800,0.790388
SIM09677,41.947833,1.17980836,0.91858637,-0.271729,SN II,0.5800,0.093162
SIM09678,31.981288,5.63253466,7.86851138,0.362972,AGN flare,0.6700,0.943004
SIM09679,25.247285,0.65581592,0.76555323,0.167984,SN II,0.5800,0.076903
SIM09680,18.048041,4.12485139,3.78104473,-0.094491,SN Ia,0.9100,0.628590
SIM09681,13.262146,1.96265401,2.09379719,0.070227,SN Ia,0.9100,0.526493
SIM09682,41.208119,4.05964966,5.27206089,0.283730,AGN flare,0.6700,0.107926
SIM09683,16.650096,3.34268625,3.45007026,0.034331,SN Ia,0.9100,0.301134
SIM09684,38.727549,7.54311167,8.55094436,0.136159,AGN flare,0.6700,0.764595
SIM09685,29.814275,4.07628347,3.04650830,-0.316155,SN II,0.5800,0.843267
SIM09686,39.062636,4.04737071,4.05961415,0.003279,AGN flare,0.6700,0.527237
SIM09687,24.266413,4.60797921,3.23782570,-0.383143,SN II,0.5800,0.217688
SIM09688,34.043047,4.31875281,5.89657040,0.338103,AGN flare,0.6700,0.865651
SIM09689,13.203317,1.59351232,2.16816512,0.334342,SN Ia,0.9100,0.147810
SIM09690,44.080144,2.56799359,3.07692305,0.196307,SN II,0.5800,0.235806
SIM09691,33.570082,4.94491919,3.57102521,-0.353416,AGN flare,0.6700,0.336855
SIM09692,8.651468,0.16827396,0.14625609,-0.152257,SN II,0.5800,0.516259
SIM09693,4.698072,0.57190587,0.65078133,0.140276,SN II,0.5800,0.380699
SIM09694,37.643817,2.87094070,3.61399305,0.249908,SN II,0.5800,0.900449
SIM09695,8.078843,0.60540091,0.71290552,0.177472,SN II,0.5800,0.953386
SIM09696,32.016643,2.70007601,2.32000462,-0.164718,SN II,0.5800,0.487294
SIM09697,25.314342,3.24332176,4.50241210,0.356138,SN II,0.5800,0.159491
SIM09698,38.962315,3.33222461,3.26477924,-0.022201,SN II,0.5800,0.102163
SIM09699,23.613551,1.61147303,1.61184116,0.000248,SN Ia,0.9100,0.289433
SIM09700,32.130170,1.34319864,1.50114020,0.120703,SN II,0.5800,0.537245
SIM09701,11.752579,1.88533562,1.85040817,-0.020303,SN II,0.5800,0.276749
SIM09702,19.086062,1.59662273,2.04054724,0.266361,SN Ia,0.9100,0.013383
SIM09703,8.189913,0.57504555,0.79571740,0.352642,SN II,0.5800,0.436060
SIM09704,33.958957,3.22239301,3.32612707,0.034401,SN II,0.5800,0.447403
SIM09705,44.166444,4.25961972,4.23110654,-0.007292,AGN flare,0.6700,0.792327
SIM09706,30.817467,2.79218095,2.29261583,-0.214031,SN II,0.5800,0.124120
SIM09707,40.136532,1.86564153,1.64859333,-0.134287,SN II,0.5800,0.098630
SIM09708,10.165653,1.12473250,1.35238717,0.200129,SN II,0.5800,0.500521
SIM09709,39.306904,1.06518802,1.41540106,0.308633,SN II,0.5800,0.357266
SIM09710,23.302359,5.37349733,5.64057007,0.052665,SN Ia,0.9100,0.153382
SIM09711,18.453819,5.11977983,4.96329942,-0.033702,SN Ia,0.9100,0.351385
SIM09712,31.388126,1.76917678,2.14710553,0.210205,SN II,0.5800,0.341404
SIM09713,32.367313,4.76504537,5.24619597,0.104444,AGN flare,0.6700,0.059473
SIM09714,3.144980,0.07329053,0.09231442,0.250554,SN II,0.5800,0.432820
SIM09715,22.323915,1.31876899,1.61231253,0.218201,SN Ia,0.9100,0.578521
SIM09716,27.372596,6.07440142,4.58567503,-0.305251,SN II,0.5800,0.568582
SIM09717,12.356464,2.05879546,2.84090934,0.349610,SN Ia,0.9100,0.568702
SIM09718,13.661859,2.90961486,2.23996309,-0.283987,SN II,0.5800,0.234095
SIM09719,5.272088,0.63946393,0.49647217,-0.274803,SN II,0.5800,0.355342
SIM09720,21.678059,2.97202519,2.09369237,-0.380349,SN II,0.5800,0.258488
SIM09721,33.576696,2.44254691,3.05694541,0.243612,SN II,0.5800,0.316156
SIM09722,30.874489,3.86730940,4.90486487,0.258045,AGN flare,0.6700,0.789840
SIM09723,22.080359,0.98655465,1.20660450,0.218609,SN Ia,0.9100,0.837695
SIM09724,1.911679,0.05140912,0.04937933,-0.043737,kilonova,0.7200,0.670461
SIM09725,39.033785,2.53684172,2.23580676,-0.137148,SN II,0.5800,0.675780
SIM09726,32.521180,4.31654533,4.46366754,0.036389,AGN flare,0.6700,0.139006
SIM09727,29.756836,4.03936139,3.98737651,-0.014064,SN II,0.5800,0.907973
SIM09728,25.464172,2.18756328,2.45779216,0.126461,SN II,0.5800,0.977528
SIM09729,2.378159,0.12506312,0.15885191,0.259658,SN II,0.5800,0.941875
SIM09730,14.657372,4.08857968,3.96017197,-0.034646,SN Ia,0.9100,0.919201
SIM09731,8.429731,0.32174764,0.22883856,-0.369965,SN II,0.5800,0.547523
SIM09732,19.232966,2.26882886,2.05135687,-0.109401,SN Ia,0.9100,0.698392
SIM09733,26.752072,1.26995163,1.53218856,0.203813,SN II,0.5800,0.610198
SIM09734,3.192478,0.12672682,0.17561005,0.354202,SN II,0.5800,0.953027
SIM09735,4.753642,0.18969151,0.25532850,0.322629,SN II,0.5800,0.813651
SIM09736,6.412690,0.97930792,1.20693554,0.226912,SN II,0.5800,0.768459
SIM09737,32.396784,2.47599891,2.79039504,0.129788,SN II,0.5800,0.227291
SIM09738,41.387099,3.86228994,5.16440151,0.315438,AGN flare,0.6700,0.673034
SIM09739,13.775186,1.26971067,1.27437278,0.003979,SN Ia,0.9100,0.486986
SIM09740,20.644172,1.86746267,1.47703622,-0.254652,SN II,0.5800,0.285099
SIM09741,39.238656,1.40482043,1.00820375,-0.360181,SN II,0.5800,0.631315
SIM09742,44.573422,2.44533720,2.61886487,0.074436,SN II,0.5800,0.393296
SIM09743,15.999468,2.79419527,3.60645821,0.277060,SN Ia,0.9100,0.036089
SIM09744,28.675370,2.53268034,2.08935298,-0.208921,SN II,0.5800,0.589075
SIM09745,7.588023,0.41060322,0.41593639,0.014011,SN II,0.5800,0.628239
SIM09746,3.187690,0.12307704,0.14113586,0.148651,SN II,0.5800,0.067563
SIM09747,8.893248,0.98869842,0.80847012,-0.218500,SN II,0.5800,0.542988
SIM09748,5.232776,0.16458970,0.12060732,-0.337572,SN II,0.5800,0.055491
SIM09749,22.508211,2.53303129,2.21706567,-0.144655,SN Ia,0.9100,0.846031
SIM09750,10.574594,0.74202744,0.66827145,-0.113668,SN II,0.5800,0.569005
SIM09751,12.510670,0.63225594,0.47230204,-0.316683,SN II,0.5800,0.995070
SIM09752,10.369319,0.77937519,0.71547984,-0.092873,SN II,0.5800,0.238481
SIM09753,44.819195,2.96157191,2.31682242,-0.266574,SN II,0.5800,0.406111
SIM09754,22.110820,1.11009953,1.03859889,-0.072285,SN Ia,0.9100,0.136352
SIM09755,3.456884,0.18410018,0.13055798,-0.373127,SN II,0.5800,0.479710
SIM09756,8.306313,0.97249757,0.73267160,-0.307448,SN II,0.5800,0.057208
SIM09757,20.624415,1.74003238,1.86379947,0.074605,SN Ia,0.9100,0.393661
SIM09758,21.416587,1.32708892,1.22390250,-0.087883,SN Ia,0.9100,0.082092
SIM09759,2.483008,0.06274452,0.06713388,0.073415,kilonova,0.7200,0.348562
SIM09760,43.791366,2.01102778,2.01245626,0.000771,SN II,0.5800,0.920005
SIM09761,22.462790,2.74370685,2.55424875,-0.077686,SN Ia,0.9100,0.574621
SIM09762,14.487108,2.27001749,3.11695160,0.344252,SN Ia,0.9100,0.847234
SIM09763,28.370167,6.67551676,6.30362464,-0.062236,SN II,0.5800,0.821401
SIM09764,24.165781,2.93585635,2.27627832,-0.276274,SN II,0.5800,0.497567
SIM09765,30.337872,5.40940237,4.58379324,-0.179811,AGN flare,0.6700,0.840699
SIM09766,8.700657,0.81433326,1.05980143,0.286056,SN II,0.5800,0.561800
SIM09767,22.283557,1.26975709,1.41352509,0.116457,SN Ia,0.9100,0.679251
SIM09768,21.219361,3.51437809,4.20470973,0.194719,SN Ia,0.9100,0.907501
SIM09769,29.015931,2.97191328,3.23553011,0.092273,SN II,0.5800,0.924978
SIM09770,6.618680,0.32787795,0.40635239,0.232977,SN II,0.5800,0.805962
SIM09771,2.499123,0.08828286,0.06600809,-0.315698,kilonova,0.7200,0.865768
SIM09772,23.526567,1.83041995,2.33205172,0.262969,SN Ia,0.9100,0.101642
SIM09773,31.192419,1.81649338,1.43703383,-0.254417,SN II,0.5800,0.166105
SIM09774,10.370691,0.25269574,0.19131336,-0.302132,SN II,0.5800,0.428237
SIM09775,10.829797,0.99679468,0.86565552,-0.153152,SN II,0.5800,0.815087
SIM09776,12.608330,1.94256693,2.23288374,0.151225,SN Ia,0.9100,0.219011
SIM09777,40.304810,2.56882897,2.57528012,0.002723,SN II,0.5800,0.938819
SIM09778,7.553246,0.38872773,0.51969653,0.315261,SN II,0.5800,0.837848
SIM09779,3.493725,0.20137129,0.18667658,-0.082269,SN II,0.5800,0.223870
SIM09780,42.779062,6.45167485,5.11169373,-0.252769,AGN flare,0.6700,0.809527
SIM09781,5.046975,0.38369997,0.50894874,0.306706,SN II,0.5800,0.481992
SIM09782,29.022172,5.38754312,7.39582076,0.343989,SN II,0.5800,0.925006
SIM09783,27.766131,0.55997161,0.47171911,-0.186206,SN II,0.5800,0.136874
SIM09784,15.272605,2.18185658,2.49988205,0.147733,SN Ia,0.9100,0.189616
SIM09785,13.762633,1.44000044,1.95283360,0.330757,SN Ia,0.9100,0.835635
SIM09786,20.459322,1.65948583,1.22480167,-0.329769,SN II,0.5800,0.658702
SIM09787,20.382926,1.96469583,2.07709633,0.060403,SN Ia,0.9100,0.983812
SIM09788,5.714444,0.40476657,0.39295304,-0.032160,SN II,0.5800,0.415424
SIM09789,19.911476,4.59709340,5.44564506,0.183915,SN Ia,0.9100,0.093040
SIM09790,28.928350,3.68924231,4.61813294,0.243823,SN II,0.5800,0.138265
SIM09791,26.650131,2.70527497,3.12704813,0.157308,SN II,0.5800,0.425062
SIM09792,8.948430,0.59022850,0.80240495,0.333434,SN II,0.5800,0.337000
SIM09793,39.023738,1.57725263,1.44069301,-0.098325,SN II,0.5800,0.829935
SIM09794,36.736989,6.33800144,5.31256210,-0.191621,AGN flare,0.6700,0.002893
SIM09795,23.016458,4.59680625,4.88823632,0.066740,SN Ia,0.9100,0.792826
SIM09796,16.628355,1.15739164,1.49233426,0.275964,SN Ia,0.9100,0.438030
SIM09797,44.177484,2.98562755,3.63024572,0.212251,SN II,0.5800,0.169946
SIM09798,26.819421,1.58958959,1.78106598,0.123487,SN II,0.5800,0.516886
SIM09799,24.189379,2.39449010,2.31450887,-0.036885,SN Ia,0.9100,0.852766
SIM09800,19.417447,2.36401094,3.28491617,0.357187,SN Ia,0.9100,0.147834
SIM09801,4.954508,0.34875123,0.33889533,-0.031125,SN II,0.5800,0.972768
SIM09802,34.792901,4.54164758,5.47419507,0.202767,AGN flare,0.6700,0.896400
SIM09803,7.754639,0.58772570,0.65753311,0.121857,SN II,0.5800,0.584184
SIM09804,27.717093,3.45974010,3.40890413,-0.016072,SN II,0.5800,0.831801
SIM09805,32.114592,1.71130956,2.16465399,0.255150,SN II,0.5800,0.710770
SIM09806,41.150269,0.93823348,0.91246756,-0.030234,SN II,0.5800,0.015303
SIM09807,12.067882,1.64153859,1.49541310,-0.101225,SN Ia,0.9100,0.718288
SIM09808,5.835338,0.45692020,0.38634338,-0.182167,SN II,0.5800,0.333538
SIM09809,29.760518,1.97323793,1.39836483,-0.373897,SN II,0.5800,0.260603
SIM09810,22.889633,0.87677800,0.82065679,-0.071820,SN Ia,0.9100,0.269878
SIM09811,10.710566,0.91545097,1.00662498,0.103082,SN II,0.5800,0.636277
SIM09812,40.881470,1.55230472,1.56855435,0.011306,SN II,0.5800,0.622735
SIM09813,26.911533,0.85199200,1.17797265,0.351749,SN II,0.5800,0.413035
SIM09814,12.132610,0.45496356,0.62568132,0.345941,SN Ia,0.9100,0.748810
SIM09815,43.202248,2.48136542,3.19576689,0.274711,SN II,0.5800,0.362749
SIM09816,1.332578,0.01124715,0.01127911,0.003081,kilonova,0.7200,0.704285
SIM09817,44.661599,0.87995461,1.15006361,0.290654,SN II,0.5800,0.901878
SIM09818,22.803565,5.33296581,5.20693528,-0.025967,SN Ia,0.9100,0.292272
SIM09819,39.259573,5.17052893,5.94801288,0.152092,AGN flare,0.6700,0.040098
SIM09820,2.721386,0.07780905,0.10040015,0.276761,SN II,0.5800,0.314853
SIM09821,40.967493,3.93069471,2.98423991,-0.299089,SN II,0.5800,0.105710
SIM09822,40.432198,1.17235841,1.57904285,0.323334,SN II,0.5800,0.164458
SIM09823,42.261711,1.91471376,1.56779129,-0.217039,SN II,0.5800,0.362368
SIM09824,33.460541,6.98930621,6.63386961,-0.056668,AGN flare,0.6700,0.886804
SIM09825,10.321424,1.37302975,1.05950901,-0.281438,SN II,0.5800,0.575934
SIM09826,12.228566,2.71554753,2.09910513,-0.279558,SN II,0.5800,0.401956
SIM09827,40.603841,2.75612504,3.44591796,0.242515,SN II,0.5800,0.481271
SIM09828,38.984601,1.72849822,2.27296078,0.297308,SN II,0.5800,0.591367
SIM09829,38.340330,1.03867474,0.72817994,-0.385602,SN II,0.5800,0.768579
SIM09830,30.612490,3.00699884,2.81186582,-0.072847,SN II,0.5800,0.603260
SIM09831,43.783285,4.73910861,4.49456054,-0.057524,AGN flare,0.6700,0.540007
SIM09832,27.057671,1.48936858,1.88652099,0.256649,SN II,0.5800,0.891260
SIM09833,17.480377,2.44927923,2.50892278,0.026122,SN Ia,0.9100,0.202308
SIM09834,31.253008,2.74218727,3.62875703,0.304152,SN II,0.5800,0.842656
SIM09835,5.608826,0.15602558,0.13754245,-0.136898,SN II,0.5800,0.035272
SIM09836,20.077153,3.92643114,3.08905746,-0.260430,SN II,0.5800,0.085581
SIM09837,21.374628,4.80248272,4.44862112,-0.083101,SN Ia,0.9100,0.263467
SIM09838,20.043065,5.75424228,6.86819273,0.192136,SN Ia,0.9100,0.635736
SIM09839,42.106206,1.54623895,1.38509116,-0.119496,SN II,0.5800,0.167693
SIM09840,17.325769,2.43031717,2.00123388,-0.210913,SN II,0.5800,0.177379
SIM09841,27.341114,3.27600441,2.77779687,-0.179110,SN II,0.5800,0.536945
SIM09842,32.845823,5.20343525,7.01844198,0.324876,AGN flare,0.6700,0.034845
SIM09843,43.840894,0.93676113,0.83120137,-0.129807,SN II,0.5800,0.290464
SIM09844,15.964255,1.10318758,1.50813310,0.339476,SN Ia,0.9100,0.947445
SIM09845,21.390547,6.10407427,4.76248139,-0.269466,SN II,0.5800,0.108263
SIM09846,33.498295,4.40143482,3.90900431,-0.128820,AGN flare,0.6700,0.582120
SIM09847,16.418205,2.95560973,3.02281784,0.024412,SN Ia,0.9100,0.599831
SIM09848,33.467484,1.87301757,2.57100159,0.343901,SN II,0.5800,0.626607
SIM09849,1.258438,0.01983550,0.02432254,0.221414,SN II,0.5800,0.997342
SIM09850,43.655948,2.20682126,1.99609756,-0.108963,SN II,0.5800,0.743497
SIM09851,24.230979,4.71413846,5.75639259,0.216870,SN Ia,0.9100,0.323823
SIM09852,33.364287,4.89333838,5.94103244,0.210642,AGN flare,0.6700,0.465086
SIM09853,23.094439,1.75975762,1.50423576,-0.170342,SN Ia,0.9100,0.581656
SIM09854,39.363911,4.04259327,4.38551615,0.088402,AGN flare,0.6700,0.038260
SIM09855,7.704322,0.50409895,0.35409433,-0.383492,SN II,0.5800,0.277679
SIM09856,21.298569,1.57002399,1.61912746,0.033437,SN Ia,0.9100,0.600523
SIM09857,26.947923,5.87287737,4.37841536,-0.318835,SN II,0.5800,0.896208
SIM09858,29.337691,1.67080329,1.22666389,-0.335499,SN II,0.5800,0.219764
SIM09859,44.369661,4.35157862,3.53880553,-0.224475,AGN flare,0.6700,0.361326
SIM09860,17.635628,3.64305483,5.08356981,0.361758,SN Ia,0.9100,0.233771
SIM09861,1.808532,0.04046719,0.03696024,-0.098421,kilonova,0.7200,0.528704
SIM09862,13.071458,0.45390256,0.41625373,-0.094011,SN Ia,0.9100,0.935098
SIM09863,40.850446,4.85312988,5.03193535,0.039283,AGN flare,0.6700,0.673244
SIM09864,17.452396,5.50826100,5.58296540,0.014626,SN Ia,0.9100,0.895920
SIM09865,15.808476,1.85448221,1.64184718,-0.132225,SN Ia,0.9100,0.097697
SIM09866,22.917144,2.05083111,1.76354373,-0.163859,SN Ia,0.9100,0.814109
SIM09867,34.186656,3.40948153,2.40592367,-0.378516,SN II,0.5800,0.544305
SIM09868,25.886507,2.05649642,2.25825586,0.101613,SN II,0.5800,0.764019
SIM09869,1.130285,0.01751008,0.02145299,0.220499,SN II,0.5800,0.338792
SIM09870,17.367230,1.51104514,1.62817007,0.081056,SN Ia,0.9100,0.560952
SIM09871,23.918856,5.48235917,4.71205108,-0.164394,SN Ia,0.9100,0.096646
SIM09872,41.622459,3.94600090,3.96395627,0.004929,SN II,0.5800,0.873642
SIM09873,31.557662,7.00299485,7.24857308,0.037422,AGN flare,0.6700,0.124467
SIM09874,34.851387,6.58493825,9.16850468,0.359367,AGN flare,0.6700,0.678153
SIM09875,21.936705,1.40693792,1.82689338,0.283596,SN Ia,0.9100,0.731273
SIM09876,8.694286,0.32194634,0.36454852,0.134930,SN II,0.5800,0.224940
SIM09877,42.201075,3.29950439,3.07790591,-0.075483,SN II,0.5800,0.490961
SIM09878,8.067801,0.82640309,1.11136735,0.321664,SN II,0.5800,0.323634
SIM09879,15.071285,2.72623526,2.39247907,-0.141788,SN Ia,0.9100,0.814303
SIM09880,40.290228,3.99894277,3.18134372,-0.248336,SN II,0.5800,0.728546
SIM09881,23.355766,4.62003377,6.01568520,0.286600,SN Ia,0.9100,0.891117
SIM09882,17.707412,4.86126585,4.02077834,-0.206098,SN II,0.5800,0.947950
SIM09883,42.725139,1.63698336,2.09222309,0.266409,SN II,0.5800,0.896243
SIM09884,8.997475,1.64010268,2.24359082,0.340182,SN II,0.5800,0.633492
SIM09885,1.850512,0.04814939,0.04920396,0.023523,kilonova,0.7200,0.211517
SIM09886,5.406026,0.56635595,0.72476023,0.267762,SN II,0.5800,0.434750
SIM09887,30.107993,2.13290490,2.64185637,0.232344,SN II,0.5800,0.027918
SIM09888,9.508654,0.46293538,0.51281513,0.111101,SN II,0.5800,0.176202
SIM09889,24.481989,3.62426432,3.93663755,0.089764,SN Ia,0.9100,0.275871
SIM09890,24.934583,2.25697467,2.88129848,0.265154,SN Ia,0.9100,0.675335
SIM09891,20.278271,0.92755788,1.05400737,0.138757,SN Ia,0.9100,0.986093
SIM09892,1.266399,0.04157653,0.03022440,-0.346226,kilonova,0.7200,0.123024
SIM09893,33.072965,2.77468897,2.16613185,-0.268824,SN II,0.5800,0.842676
SIM09894,44.112639,3.26154833,3.35905558,0.031983,SN II,0.5800,0.979012
SIM09895,26.602414,4.54636578,3.58919220,-0.256669,SN II,0.5800,0.133547
SIM09896,11.031996,0.93151747,0.81765776,-0.141549,SN II,0.5800,0.511567
SIM09897,42.749153,3.66691379,4.10182343,0.121691,AGN flare,0.6700,0.140016
SIM09898,4.493150,0.11534528,0.13989804,0.209529,SN II,0.5800,0.941911
SIM09899,13.251804,1.17670919,1.17000390,-0.006205,SN Ia,0.9100,0.206791
SIM09900,43.392975,3.90788663,3.76138798,-0.041485,SN II,0.5800,0.492617
SIM09901,42.365697,2.20736106,2.02778835,-0.092127,SN II,0.5800,0.282316
SIM09902,38.135885,2.43038739,2.93192032,0.203692,SN II,0.5800,0.201097
SIM09903,9.796971,0.35256857,0.27341176,-0.276066,SN II,0.5800,0.222411
SIM09904,2.851466,0.07584659,0.07031582,-0.082208,kilonova,0.7200,0.091254
SIM09905,29.709210,1.71172912,1.66039799,-0.033057,SN II,0.5800,0.750738
SIM09906,15.400307,0.80015783,0.60192448,-0.309084,SN II,0.5800,0.218220
SIM09907,44.876210,1.62292455,1.93831909,0.192817,SN II,0.5800,0.070857
SIM09908,11.018811,1.00400138,1.12460095,0.123160,SN II,0.5800,0.695121
SIM09909,34.837600,2.71050824,2.52974621,-0.074934,SN II,0.5800,0.794197
SIM09910,24.088368,2.52526824,3.50900294,0.357191,SN Ia,0.9100,0.924272
SIM09911,1.700027,0.01542308,0.01792620,0.163293,SN II,0.5800,0.601701
SIM09912,30.446239,0.70057474,0.74201421,0.062394,SN II,0.5800,0.895442
SIM09913,31.772285,2.20136919,3.07465269,0.362758,SN II,0.5800,0.289958
SIM09914,26.105595,1.38422972,1.38438469,0.000122,SN II,0.5800,0.720785
SIM09915,39.651834,2.56859534,2.47629813,-0.039732,SN II,0.5800,0.209522
SIM09916,30.415249,2.29173837,2.11492258,-0.087176,SN II,0.5800,0.301193
SIM09917,1.757808,0.08523457,0.08845745,0.040297,kilonova,0.7200,0.191905
SIM09918,2.894812,0.05528243,0.07306877,0.302862,SN II,0.5800,0.282860
SIM09919,23.954289,2.72829074,2.14181166,-0.262773,SN II,0.5800,0.087285
SIM09920,3.776287,0.18161673,0.14865738,-0.217423,SN II,0.5800,0.607723
SIM09921,44.765053,1.18343933,0.92741362,-0.264681,SN II,0.5800,0.775383
SIM09922,19.013896,1.52118392,1.45822299,-0.045894,SN Ia,0.9100,0.052137
SIM09923,28.852664,2.51680684,2.51181405,-0.002156,SN II,0.5800,0.649197
SIM09924,18.014740,3.83926104,4.58861444,0.193585,SN Ia,0.9100,0.652688
SIM09925,37.082390,1.78932384,2.19309237,0.220920,SN II,0.5800,0.304765
SIM09926,9.012165,1.48794512,1.56781718,0.056771,SN II,0.5800,0.577770
SIM09927,2.870714,0.09442431,0.07461538,-0.255639,kilonova,0.7200,0.425709
SIM09928,16.793351,2.17635967,2.75833431,0.257291,SN Ia,0.9100,0.724517
SIM09929,6.334310,0.83492546,0.89688594,0.077724,SN II,0.5800,0.029402
SIM09930,9.481653,1.75246742,1.49000091,-0.176159,SN II,0.5800,0.045291
SIM09931,8.400491,1.25327540,1.26875405,0.013327,SN II,0.5800,0.534026
SIM09932,4.209066,0.10774162,0.13216473,0.221830,SN II,0.5800,0.854043
SIM09933,24.135346,2.03082552,2.05564689,0.013190,SN Ia,0.9100,0.299421
SIM09934,36.280788,0.92708569,1.29031836,0.358942,SN II,0.5800,0.136142
SIM09935,37.461644,2.37596949,3.20029778,0.323374,SN II,0.5800,0.859307
SIM09936,31.714096,6.11799519,5.51314454,-0.113024,AGN flare,0.6700,0.174520
SIM09937,42.009969,6.06354109,5.50246402,-0.105423,AGN flare,0.6700,0.873481
SIM09938,1.476746,0.01144626,0.00967148,-0.182927,kilonova,0.7200,0.114680
SIM09939,37.246129,1.46487699,1.28364836,-0.143388,SN II,0.5800,0.416336
SIM09940,2.967100,0.12387697,0.16272442,0.296155,SN II,0.5800,0.365757
SIM09941,4.469956,0.67556703,0.77329805,0.146696,SN II,0.5800,0.784721
SIM09942,18.641823,0.65894315,0.85728387,0.285692,SN Ia,0.9100,0.746905
SIM09943,18.259570,4.73993837,4.57965103,-0.037351,SN Ia,0.9100,0.697917
SIM09944,1.253668,0.03057141,0.03838975,0.247250,SN II,0.5800,0.675316
SIM09945,15.449345,2.64119137,2.13657869,-0.230202,SN II,0.5800,0.426459
SIM09946,1.019961,0.02551878,0.03085238,0.206072,SN II,0.5800,0.838405
SIM09947,44.066990,2.10680068,1.77246352,-0.187615,SN II,0.5800,0.109755
SIM09948,40.634231,2.57914186,2.27909548,-0.134282,SN II,0.5800,0.644107
SIM09949,2.889683,0.04889100,0.05293541,0.086293,kilonova,0.7200,0.606601
SIM09950,44.304886,5.57985868,5.85154717,0.051619,AGN flare,0.6700,0.385058
SIM09951,5.872824,0.31538559,0.42850549,0.332786,SN II,0.5800,0.520136
SIM09952,36.104732,4.58215235,3.90292185,-0.174199,AGN flare,0.6700,0.231487
SIM09953,11.686988,0.96575405,1.30581551,0.327538,SN II,0.5800,0.966780
SIM09954,16.576793,2.54772611,3.43060915,0.323046,SN Ia,0.9100,0.857663
SIM09955,11.046812,1.90583712,2.37859517,0.240587,SN II,0.5800,0.513674
SIM09956,36.330628,3.66619511,4.54119125,0.232386,AGN flare,0.6700,0.175014
SIM09957,20.083914,2.80861865,3.04212448,0.086711,SN Ia,0.9100,0.980832
SIM09958,15.574628,1.88324625,2.22445006,0.180789,SN Ia,0.9100,0.331614
SIM09959,30.374430,3.48510962,2.82857637,-0.226621,SN II,0.5800,0.089885
SIM09960,43.578793,5.31669306,4.04039770,-0.298044,AGN flare,0.6700,0.729176
SIM09961,2.548769,0.09670915,0.10094227,0.046514,kilonova,0.7200,0.044874
SIM09962,7.364589,0.90935355,0.86301566,-0.056785,SN II,0.5800,0.685420
SIM09963,34.176095,6.41605396,5.89217778,-0.092480,AGN flare,0.6700,0.353299
SIM09964,25.363349,6.05948694,6.47763018,0.072451,SN II,0.5800,0.655178
SIM09965,32.826641,1.22255301,1.65261751,0.327262,SN II,0.5800,0.703983
SIM09966,40.785692,1.68514404,1.57567501,-0.072926,SN II,0.5800,0.960403
SIM09967,24.151853,4.18615463,4.01427031,-0.045522,SN Ia,0.9100,0.848297
SIM09968,22.783551,1.52670883,1.14735837,-0.310143,SN II,0.5800,0.350824
SIM09969,31.225670,5.48584010,4.42102242,-0.234301,AGN flare,0.6700,0.994007
SIM09970,20.501628,2.15561340,2.71445871,0.250281,SN Ia,0.9100,0.514458
SIM09971,34.385980,6.19977280,6.04593930,-0.027280,AGN flare,0.6700,0.594106
SIM09972,15.248638,1.66798808,2.05084221,0.224348,SN Ia,0.9100,0.159615
SIM09973,22.008748,2.97776178,3.51000800,0.178545,SN Ia,0.9100,0.878293
SIM09974,8.531771,0.56051884,0.58944551,0.054634,SN II,0.5800,0.223671
SIM09975,17.708866,0.99824553,0.76229637,-0.292784,SN II,0.5800,0.484264
SIM09976,31.978633,3.06939011,3.48090425,0.136600,SN II,0.5800,0.201414
SIM09977,23.279914,6.27547300,7.26655527,0.159205,SN Ia,0.9100,0.345158
SIM09978,2.420309,0.09566667,0.09544818,-0.002483,kilonova,0.7200,0.261480
SIM09979,41.276396,1.40515592,0.99972771,-0.369607,SN II,0.5800,0.477419
SIM09980,22.218897,2.22930366,2.47192719,0.112166,SN Ia,0.9100,0.830306
SIM09981,16.924687,4.18383826,5.62286973,0.320958,SN Ia,0.9100,0.886636
SIM09982,30.018323,3.12667546,4.19664702,0.319549,AGN flare,0.6700,0.698873
SIM09983,25.487164,3.83299503,2.73554502,-0.366236,SN II,0.5800,0.191071
SIM09984,11.820368,2.85236489,3.23611862,0.137048,SN II,0.5800,0.182977
SIM09985,3.440161,0.09377747,0.10428778,0.115337,SN II,0.5800,0.529127
SIM09986,23.825577,3.55991116,3.64677157,0.026174,SN Ia,0.9100,0.262801
SIM09987,22.725045,3.30384930,4.44578998,0.322322,SN Ia,0.9100,0.387384
SIM09988,1.325747,0.00989765,0.01202865,0.211712,SN II,0.5800,0.812397
SIM09989,5.145074,0.18115616,0.23529266,0.283888,SN II,0.5800,0.701673
SIM09990,23.987135,4.31256107,5.34542070,0.233117,SN Ia,0.9100,0.640378
SIM09991,29.249648,4.77356719,6.67961851,0.364772,SN II,0.5800,0.663725
SIM09992,25.910236,5.03582841,4.54522123,-0.111290,SN II,0.5800,0.092780
SIM09993,41.365045,1.81345340,1.42487239,-0.261826,SN II,0.5800,0.809107
SIM09994,26.401114,7.16779250,5.92902913,-0.206005,SN II,0.5800,0.353822
SIM09995,33.356119,3.21943012,4.37279372,0.332450,AGN flare,0.6700,0.662921
SIM09996,40.080845,4.80640656,6.68733145,0.358581,AGN flare,0.6700,0.103233
SIM09997,3.346522,0.25979827,0.34719129,0.314831,SN II,0.5800,0.534852
SIM09998,3.553365,0.17542547,0.13915590,-0.251478,SN II,0.5800,0.097210
SIM09999,44.631235,3.52958661,2.49891703,-0.374930,SN II,0.5800,0.141483
